
/*!40101 SET @OLD_CHARACTER_SET_CLIENT=@@CHARACTER_SET_CLIENT */;
/*!40101 SET @OLD_CHARACTER_SET_RESULTS=@@CHARACTER_SET_RESULTS */;
/*!40101 SET @OLD_COLLATION_CONNECTION=@@COLLATION_CONNECTION */;
/*!40101 SET NAMES utf8mb4 */;
/*!40103 SET @OLD_TIME_ZONE=@@TIME_ZONE */;
/*!40103 SET TIME_ZONE='+00:00' */;
/*!40014 SET @OLD_UNIQUE_CHECKS=@@UNIQUE_CHECKS, UNIQUE_CHECKS=0 */;
/*!40014 SET @OLD_FOREIGN_KEY_CHECKS=@@FOREIGN_KEY_CHECKS, FOREIGN_KEY_CHECKS=0 */;
/*!40101 SET @OLD_SQL_MODE=@@SQL_MODE, SQL_MODE='NO_AUTO_VALUE_ON_ZERO' */;
/*!40111 SET @OLD_SQL_NOTES=@@SQL_NOTES, SQL_NOTES=0 */;
/*!50717 SELECT COUNT(*) INTO @rocksdb_has_p_s_session_variables FROM INFORMATION_SCHEMA.TABLES WHERE TABLE_SCHEMA = 'performance_schema' AND TABLE_NAME = 'session_variables' */;
/*!50717 SET @rocksdb_get_is_supported = IF (@rocksdb_has_p_s_session_variables, 'SELECT COUNT(*) INTO @rocksdb_is_supported FROM performance_schema.session_variables WHERE VARIABLE_NAME=\'rocksdb_bulk_load\'', 'SELECT 0') */;
/*!50717 PREPARE s FROM @rocksdb_get_is_supported */;
/*!50717 EXECUTE s */;
/*!50717 DEALLOCATE PREPARE s */;
/*!50717 SET @rocksdb_enable_bulk_load = IF (@rocksdb_is_supported, 'SET SESSION rocksdb_bulk_load = 1', 'SET @rocksdb_dummy_bulk_load = 0') */;
/*!50717 PREPARE s FROM @rocksdb_enable_bulk_load */;
/*!50717 EXECUTE s */;
/*!50717 DEALLOCATE PREPARE s */;
DROP TABLE IF EXISTS `btf_activity`;
/*!40101 SET @saved_cs_client     = @@character_set_client */;
/*!40101 SET character_set_client = utf8 */;
CREATE TABLE `btf_activity` (
  `id` int(11) NOT NULL AUTO_INCREMENT,
  `type` varchar(255) COLLATE utf8_unicode_ci NOT NULL,
  `message` text COLLATE utf8_unicode_ci,
  `created_by` int(11) DEFAULT NULL,
  `created_at` int(11) NOT NULL,
  `action` varchar(255) COLLATE utf8_unicode_ci NOT NULL,
  `metadata` text COLLATE utf8_unicode_ci,
  PRIMARY KEY (`id`),
  KEY `btf_idx-activity-action` (`action`),
  KEY `btf_idx-activity-type` (`type`)
) ENGINE=InnoDB AUTO_INCREMENT=100 DEFAULT CHARSET=utf8 COLLATE=utf8_unicode_ci;
/*!40101 SET character_set_client = @saved_cs_client */;
DROP TABLE IF EXISTS `btf_api`;
/*!40101 SET @saved_cs_client     = @@character_set_client */;
/*!40101 SET character_set_client = utf8 */;
CREATE TABLE `btf_api` (
  `id` int(11) NOT NULL AUTO_INCREMENT,
  `user_id` int(11) NOT NULL,
  `user_ip` varchar(39) COLLATE utf8_unicode_ci DEFAULT NULL,
  `access_token` varchar(32) COLLATE utf8_unicode_ci NOT NULL,
  `status` tinyint(1) DEFAULT '0',
  `created_at` datetime DEFAULT CURRENT_TIMESTAMP,
  `updated_at` datetime DEFAULT CURRENT_TIMESTAMP,
  `allowance` tinyint(3) DEFAULT '0',
  `allowance_at` datetime DEFAULT CURRENT_TIMESTAMP,
  `expired_at` datetime DEFAULT NULL,
  PRIMARY KEY (`id`),
  UNIQUE KEY `idx_api_user` (`user_id`,`user_ip`,`access_token`),
  KEY `idx_api_status` (`status`),
  KEY `idx_api_expired` (`expired_at`)
) ENGINE=InnoDB DEFAULT CHARSET=utf8 COLLATE=utf8_unicode_ci;
/*!40101 SET character_set_client = @saved_cs_client */;
DROP TABLE IF EXISTS `btf_blog_cats`;
/*!40101 SET @saved_cs_client     = @@character_set_client */;
/*!40101 SET character_set_client = utf8 */;
CREATE TABLE `btf_blog_cats` (
  `id` int(11) NOT NULL AUTO_INCREMENT,
  `source_id` int(11) DEFAULT NULL,
  `parent_id` int(11) DEFAULT NULL,
  `name` varchar(128) COLLATE utf8_unicode_ci NOT NULL,
  `alias` varchar(128) COLLATE utf8_unicode_ci NOT NULL,
  `title` varchar(255) COLLATE utf8_unicode_ci DEFAULT NULL,
  `description` varchar(255) COLLATE utf8_unicode_ci DEFAULT NULL,
  `keywords` varchar(255) COLLATE utf8_unicode_ci DEFAULT NULL,
  `locale` varchar(10) COLLATE utf8_unicode_ci DEFAULT 'en-US',
  `is_default` tinyint(1) DEFAULT '0',
  `created_at` datetime DEFAULT CURRENT_TIMESTAMP,
  `created_by` int(11) DEFAULT NULL,
  `updated_at` datetime DEFAULT CURRENT_TIMESTAMP,
  `updated_by` int(11) DEFAULT NULL,
  PRIMARY KEY (`id`),
  KEY `btf_idx-blog-cats-alias` (`name`,`alias`),
  KEY `btf_idx-blog-cats-parent` (`parent_id`),
  KEY `btf_idx-blog-cats-created` (`created_by`),
  KEY `btf_idx-blog-cats-updated` (`updated_by`),
  KEY `btf_idx-blog-cats-source` (`source_id`),
  KEY `btf_idx-blog-cats-locale` (`locale`),
  KEY `btf_idx-blog-cats-default` (`is_default`),
  CONSTRAINT `fk_blog_cats_to_langs` FOREIGN KEY (`locale`) REFERENCES `btf_trans_langs` (`locale`) ON DELETE NO ACTION ON UPDATE CASCADE,
  CONSTRAINT `fk_blog_cats_to_source` FOREIGN KEY (`source_id`) REFERENCES `btf_blog_cats` (`id`) ON DELETE NO ACTION ON UPDATE CASCADE,
  CONSTRAINT `fk_blog_cats_to_users1` FOREIGN KEY (`created_by`) REFERENCES `btf_users` (`id`) ON DELETE NO ACTION ON UPDATE CASCADE,
  CONSTRAINT `fk_blog_cats_to_users2` FOREIGN KEY (`updated_by`) REFERENCES `btf_users` (`id`) ON DELETE NO ACTION ON UPDATE CASCADE
) ENGINE=InnoDB AUTO_INCREMENT=19 DEFAULT CHARSET=utf8 COLLATE=utf8_unicode_ci;
/*!40101 SET character_set_client = @saved_cs_client */;
DROP TABLE IF EXISTS `btf_blog_posts`;
/*!40101 SET @saved_cs_client     = @@character_set_client */;
/*!40101 SET character_set_client = utf8 */;
CREATE TABLE `btf_blog_posts` (
  `id` bigint(20) NOT NULL AUTO_INCREMENT,
  `source_id` bigint(20) DEFAULT NULL,
  `name` varchar(128) COLLATE utf8_unicode_ci NOT NULL,
  `alias` varchar(128) COLLATE utf8_unicode_ci NOT NULL,
  `image` varchar(255) COLLATE utf8_unicode_ci DEFAULT NULL,
  `excerpt` varchar(255) COLLATE utf8_unicode_ci DEFAULT NULL,
  `content` text COLLATE utf8_unicode_ci,
  `title` varchar(255) COLLATE utf8_unicode_ci DEFAULT NULL,
  `description` varchar(255) COLLATE utf8_unicode_ci DEFAULT NULL,
  `keywords` varchar(255) COLLATE utf8_unicode_ci DEFAULT NULL,
  `in_sitemap` tinyint(1) DEFAULT '1',
  `in_rss` tinyint(1) DEFAULT '1',
  `in_turbo` tinyint(1) DEFAULT '1',
  `in_amp` tinyint(1) DEFAULT '1',
  `status` tinyint(1) DEFAULT '0',
  `locale` varchar(10) COLLATE utf8_unicode_ci DEFAULT 'en-US',
  `created_at` datetime DEFAULT CURRENT_TIMESTAMP,
  `created_by` int(11) DEFAULT NULL,
  `updated_at` datetime DEFAULT CURRENT_TIMESTAMP,
  `updated_by` int(11) DEFAULT NULL,
  PRIMARY KEY (`id`),
  KEY `btf_idx-blog-posts-alias` (`name`,`alias`),
  KEY `btf_idx-blog-posts-status` (`alias`,`status`),
  KEY `btf_idx-blog-posts-content` (`name`,`excerpt`,`content`(250)),
  KEY `btf_idx-blog-posts-created` (`created_by`),
  KEY `btf_idx-blog-posts-updated` (`updated_by`),
  KEY `btf_idx-blog-posts-source` (`source_id`),
  KEY `btf_idx-blog-posts-locale` (`locale`),
  FULLTEXT KEY `btf_idx-blog-search` (`title`,`description`,`keywords`,`content`),
  CONSTRAINT `fk_blog_posts_to_langs` FOREIGN KEY (`locale`) REFERENCES `btf_trans_langs` (`locale`) ON DELETE NO ACTION ON UPDATE CASCADE,
  CONSTRAINT `fk_blog_posts_to_source` FOREIGN KEY (`source_id`) REFERENCES `btf_blog_posts` (`id`) ON DELETE NO ACTION ON UPDATE CASCADE,
  CONSTRAINT `fk_blog_posts_to_users1` FOREIGN KEY (`created_by`) REFERENCES `btf_users` (`id`) ON DELETE NO ACTION ON UPDATE CASCADE,
  CONSTRAINT `fk_blog_posts_to_users2` FOREIGN KEY (`updated_by`) REFERENCES `btf_users` (`id`) ON DELETE NO ACTION ON UPDATE CASCADE
) ENGINE=InnoDB AUTO_INCREMENT=19 DEFAULT CHARSET=utf8 COLLATE=utf8_unicode_ci;
/*!40101 SET character_set_client = @saved_cs_client */;
DROP TABLE IF EXISTS `btf_blog_tags`;
/*!40101 SET @saved_cs_client     = @@character_set_client */;
/*!40101 SET character_set_client = utf8 */;
CREATE TABLE `btf_blog_tags` (
  `id` int(11) NOT NULL AUTO_INCREMENT,
  `source_id` int(11) DEFAULT NULL,
  `name` varchar(128) COLLATE utf8_unicode_ci NOT NULL,
  `alias` varchar(128) COLLATE utf8_unicode_ci NOT NULL,
  `title` varchar(255) COLLATE utf8_unicode_ci DEFAULT NULL,
  `description` varchar(255) COLLATE utf8_unicode_ci DEFAULT NULL,
  `keywords` varchar(255) COLLATE utf8_unicode_ci DEFAULT NULL,
  `locale` varchar(10) COLLATE utf8_unicode_ci DEFAULT 'en-US',
  `created_at` datetime DEFAULT CURRENT_TIMESTAMP,
  `created_by` int(11) DEFAULT NULL,
  `updated_at` datetime DEFAULT CURRENT_TIMESTAMP,
  `updated_by` int(11) DEFAULT NULL,
  PRIMARY KEY (`id`),
  KEY `btf_idx-blog-tags-alias` (`name`,`alias`),
  KEY `btf_idx-blog-tags-created` (`created_by`),
  KEY `btf_idx-blog-tags-updated` (`updated_by`),
  KEY `btf_idx-blog-tags-source` (`source_id`),
  KEY `btf_idx-blog-tags-locale` (`locale`),
  CONSTRAINT `fk_blog_tags_to_langs` FOREIGN KEY (`locale`) REFERENCES `btf_trans_langs` (`locale`) ON DELETE NO ACTION ON UPDATE CASCADE,
  CONSTRAINT `fk_blog_tags_to_source` FOREIGN KEY (`source_id`) REFERENCES `btf_blog_tags` (`id`) ON DELETE NO ACTION ON UPDATE CASCADE,
  CONSTRAINT `fk_blog_tags_to_users1` FOREIGN KEY (`created_by`) REFERENCES `btf_users` (`id`) ON DELETE NO ACTION ON UPDATE CASCADE,
  CONSTRAINT `fk_blog_tags_to_users2` FOREIGN KEY (`updated_by`) REFERENCES `btf_users` (`id`) ON DELETE NO ACTION ON UPDATE CASCADE
) ENGINE=InnoDB AUTO_INCREMENT=37 DEFAULT CHARSET=utf8 COLLATE=utf8_unicode_ci;
/*!40101 SET character_set_client = @saved_cs_client */;
DROP TABLE IF EXISTS `btf_blog_taxonomy`;
/*!40101 SET @saved_cs_client     = @@character_set_client */;
/*!40101 SET character_set_client = utf8 */;
CREATE TABLE `btf_blog_taxonomy` (
  `id` bigint(20) NOT NULL AUTO_INCREMENT,
  `post_id` bigint(11) NOT NULL,
  `taxonomy_id` int(11) NOT NULL,
  `type` tinyint(1) DEFAULT '0',
  PRIMARY KEY (`id`),
  KEY `btf_idx-blog-taxonomy` (`post_id`,`taxonomy_id`),
  CONSTRAINT `fk_blog_taxonomy` FOREIGN KEY (`post_id`) REFERENCES `btf_blog_posts` (`id`) ON DELETE CASCADE ON UPDATE CASCADE
) ENGINE=InnoDB AUTO_INCREMENT=57 DEFAULT CHARSET=utf8 COLLATE=utf8_unicode_ci;
/*!40101 SET character_set_client = @saved_cs_client */;
DROP TABLE IF EXISTS `btf_bookmarks`;
/*!40101 SET @saved_cs_client     = @@character_set_client */;
/*!40101 SET character_set_client = utf8 */;
CREATE TABLE `btf_bookmarks` (
  `id` bigint(20) NOT NULL AUTO_INCREMENT,
  `user_id` int(11) DEFAULT NULL,
  `user_ip` varchar(39) COLLATE utf8_unicode_ci NOT NULL,
  `entity_id` varchar(32) COLLATE utf8_unicode_ci NOT NULL,
  `target_id` int(11) DEFAULT NULL,
  `created_at` datetime DEFAULT CURRENT_TIMESTAMP,
  `updated_at` datetime DEFAULT CURRENT_TIMESTAMP,
  PRIMARY KEY (`id`),
  KEY `idx_bookmarks_user` (`user_id`,`user_ip`),
  KEY `idx_bookmarks_condition` (`entity_id`,`target_id`)
) ENGINE=InnoDB DEFAULT CHARSET=utf8 COLLATE=utf8_unicode_ci;
/*!40101 SET character_set_client = @saved_cs_client */;
DROP TABLE IF EXISTS `btf_comments`;
/*!40101 SET @saved_cs_client     = @@character_set_client */;
/*!40101 SET character_set_client = utf8 */;
CREATE TABLE `btf_comments` (
  `id` bigint(20) NOT NULL AUTO_INCREMENT,
  `parent_id` bigint(20) DEFAULT NULL,
  `context` varchar(32) COLLATE utf8_unicode_ci NOT NULL,
  `target` varchar(128) COLLATE utf8_unicode_ci NOT NULL,
  `name` varchar(32) COLLATE utf8_unicode_ci NOT NULL,
  `email` varchar(32) COLLATE utf8_unicode_ci NOT NULL,
  `comment` text COLLATE utf8_unicode_ci,
  `user_id` int(11) DEFAULT NULL,
  `status` tinyint(1) DEFAULT '0',
  `session` varchar(32) COLLATE utf8_unicode_ci NOT NULL,
  `created_at` datetime DEFAULT CURRENT_TIMESTAMP,
  `updated_at` datetime DEFAULT CURRENT_TIMESTAMP,
  PRIMARY KEY (`id`),
  KEY `idx_comments_parent` (`parent_id`),
  KEY `idx_comments_condition` (`context`,`target`),
  KEY `idx_comments_name` (`name`),
  KEY `idx_comments_email` (`email`),
  KEY `idx_comments_session` (`session`),
  KEY `idx_comments_user` (`user_id`),
  KEY `idx_comments_status` (`status`),
  CONSTRAINT `fk_comments_to_parent` FOREIGN KEY (`parent_id`) REFERENCES `btf_comments` (`id`) ON DELETE NO ACTION ON UPDATE CASCADE,
  CONSTRAINT `fk_comments_to_users` FOREIGN KEY (`user_id`) REFERENCES `btf_users` (`id`) ON DELETE NO ACTION ON UPDATE CASCADE
) ENGINE=InnoDB DEFAULT CHARSET=utf8 COLLATE=utf8_unicode_ci;
/*!40101 SET character_set_client = @saved_cs_client */;
DROP TABLE IF EXISTS `btf_content`;
/*!40101 SET @saved_cs_client     = @@character_set_client */;
/*!40101 SET character_set_client = utf8 */;
CREATE TABLE `btf_content` (
  `id` int(11) NOT NULL AUTO_INCREMENT,
  `field_id` int(11) NOT NULL,
  `block_id` int(11) NOT NULL,
  `content` text COLLATE utf8_unicode_ci NOT NULL,
  `locale` varchar(10) COLLATE utf8_unicode_ci DEFAULT 'en-US',
  `created_at` datetime DEFAULT CURRENT_TIMESTAMP,
  `created_by` int(11) DEFAULT NULL,
  `updated_at` datetime DEFAULT CURRENT_TIMESTAMP,
  `updated_by` int(11) DEFAULT NULL,
  PRIMARY KEY (`id`),
  KEY `btf_idx-content-fields` (`field_id`),
  KEY `btf_idx-content-blocks` (`block_id`),
  KEY `btf_idx-content-author` (`created_by`,`updated_by`),
  KEY `fk_content_updated2users` (`updated_by`),
  KEY `btf_idx-content-locale` (`locale`),
  CONSTRAINT `fk_content_created2users` FOREIGN KEY (`created_by`) REFERENCES `btf_users` (`id`) ON DELETE CASCADE ON UPDATE CASCADE,
  CONSTRAINT `fk_content_to_blocks` FOREIGN KEY (`block_id`) REFERENCES `btf_content_blocks` (`id`) ON DELETE CASCADE ON UPDATE CASCADE,
  CONSTRAINT `fk_content_to_fields` FOREIGN KEY (`field_id`) REFERENCES `btf_content_fields` (`id`) ON DELETE CASCADE ON UPDATE CASCADE,
  CONSTRAINT `fk_content_to_langs` FOREIGN KEY (`locale`) REFERENCES `btf_trans_langs` (`locale`) ON DELETE NO ACTION ON UPDATE CASCADE,
  CONSTRAINT `fk_content_updated2users` FOREIGN KEY (`updated_by`) REFERENCES `btf_users` (`id`) ON DELETE CASCADE ON UPDATE CASCADE
) ENGINE=InnoDB DEFAULT CHARSET=utf8 COLLATE=utf8_unicode_ci;
/*!40101 SET character_set_client = @saved_cs_client */;
DROP TABLE IF EXISTS `btf_content_blocks`;
/*!40101 SET @saved_cs_client     = @@character_set_client */;
/*!40101 SET character_set_client = utf8 */;
CREATE TABLE `btf_content_blocks` (
  `id` int(11) NOT NULL AUTO_INCREMENT,
  `source_id` int(11) DEFAULT NULL,
  `title` varchar(64) COLLATE utf8_unicode_ci NOT NULL,
  `description` varchar(255) COLLATE utf8_unicode_ci DEFAULT NULL,
  `alias` varchar(64) COLLATE utf8_unicode_ci DEFAULT NULL,
  `fields` text COLLATE utf8_unicode_ci,
  `type` tinyint(1) NOT NULL DEFAULT '1',
  `status` tinyint(1) DEFAULT '0',
  `locale` varchar(10) COLLATE utf8_unicode_ci DEFAULT 'en-US',
  `created_at` datetime DEFAULT CURRENT_TIMESTAMP,
  `created_by` int(11) DEFAULT NULL,
  `updated_at` datetime DEFAULT CURRENT_TIMESTAMP,
  `updated_by` int(11) DEFAULT NULL,
  PRIMARY KEY (`id`),
  KEY `btf_idx-content_blocks-author` (`created_by`,`updated_by`),
  KEY `fk_content_blocks_updated2users` (`updated_by`),
  KEY `btf_idx-content-blocks-source` (`source_id`),
  KEY `btf_idx-content-blocks-locale` (`locale`),
  CONSTRAINT `fk_content_blocks_created2users` FOREIGN KEY (`created_by`) REFERENCES `btf_users` (`id`) ON DELETE CASCADE ON UPDATE CASCADE,
  CONSTRAINT `fk_content_blocks_to_langs` FOREIGN KEY (`locale`) REFERENCES `btf_trans_langs` (`locale`) ON DELETE NO ACTION ON UPDATE CASCADE,
  CONSTRAINT `fk_content_blocks_to_source` FOREIGN KEY (`source_id`) REFERENCES `btf_content_blocks` (`id`) ON DELETE NO ACTION ON UPDATE CASCADE,
  CONSTRAINT `fk_content_blocks_updated2users` FOREIGN KEY (`updated_by`) REFERENCES `btf_users` (`id`) ON DELETE CASCADE ON UPDATE CASCADE
) ENGINE=InnoDB DEFAULT CHARSET=utf8 COLLATE=utf8_unicode_ci;
/*!40101 SET character_set_client = @saved_cs_client */;
DROP TABLE IF EXISTS `btf_content_fields`;
/*!40101 SET @saved_cs_client     = @@character_set_client */;
/*!40101 SET character_set_client = utf8 */;
CREATE TABLE `btf_content_fields` (
  `id` int(11) NOT NULL AUTO_INCREMENT,
  `source_id` int(11) DEFAULT NULL,
  `block_id` int(11) DEFAULT NULL,
  `label` varchar(45) COLLATE utf8_unicode_ci NOT NULL,
  `name` varchar(45) COLLATE utf8_unicode_ci DEFAULT NULL,
  `type` tinyint(1) NOT NULL DEFAULT '1',
  `sort_order` int(2) NOT NULL DEFAULT '10',
  `params` text COLLATE utf8_unicode_ci,
  `locale` varchar(10) COLLATE utf8_unicode_ci DEFAULT 'en-US',
  `created_at` datetime DEFAULT CURRENT_TIMESTAMP,
  `created_by` int(11) DEFAULT NULL,
  `updated_at` datetime DEFAULT CURRENT_TIMESTAMP,
  `updated_by` int(11) DEFAULT NULL,
  PRIMARY KEY (`id`),
  KEY `btf_idx-content_fields-blocks` (`block_id`),
  KEY `btf_idx-content_fields-author` (`created_by`,`updated_by`),
  KEY `fk_content_fields_updated2users` (`updated_by`),
  KEY `btf_idx-content-fields-source` (`source_id`),
  KEY `btf_idx-content-fields-locale` (`locale`),
  CONSTRAINT `fk_content_fields_created2users` FOREIGN KEY (`created_by`) REFERENCES `btf_users` (`id`) ON DELETE CASCADE ON UPDATE CASCADE,
  CONSTRAINT `fk_content_fields_to_blocks` FOREIGN KEY (`block_id`) REFERENCES `btf_content_blocks` (`id`) ON DELETE CASCADE ON UPDATE CASCADE,
  CONSTRAINT `fk_content_fields_to_langs` FOREIGN KEY (`locale`) REFERENCES `btf_trans_langs` (`locale`) ON DELETE NO ACTION ON UPDATE CASCADE,
  CONSTRAINT `fk_content_fields_to_source` FOREIGN KEY (`source_id`) REFERENCES `btf_content_fields` (`id`) ON DELETE NO ACTION ON UPDATE CASCADE,
  CONSTRAINT `fk_content_fields_updated2users` FOREIGN KEY (`updated_by`) REFERENCES `btf_users` (`id`) ON DELETE CASCADE ON UPDATE CASCADE
) ENGINE=InnoDB DEFAULT CHARSET=utf8 COLLATE=utf8_unicode_ci;
/*!40101 SET character_set_client = @saved_cs_client */;
DROP TABLE IF EXISTS `btf_content_items`;
/*!40101 SET @saved_cs_client     = @@character_set_client */;
/*!40101 SET character_set_client = utf8 */;
CREATE TABLE `btf_content_items` (
  `id` int(11) NOT NULL AUTO_INCREMENT,
  `block_id` int(11) NOT NULL,
  `ext_id` int(11) NOT NULL,
  `row_order` int(2) NOT NULL DEFAULT '10',
  PRIMARY KEY (`id`),
  KEY `btf_idx-content_items-blocks` (`block_id`),
  KEY `btf_idx-content_items-content` (`ext_id`),
  CONSTRAINT `fk_content_items_to_blocks` FOREIGN KEY (`block_id`) REFERENCES `btf_content_blocks` (`id`) ON DELETE CASCADE ON UPDATE CASCADE,
  CONSTRAINT `fk_content_items_to_content` FOREIGN KEY (`ext_id`) REFERENCES `btf_content` (`id`) ON DELETE CASCADE ON UPDATE CASCADE
) ENGINE=InnoDB DEFAULT CHARSET=utf8 COLLATE=utf8_unicode_ci;
/*!40101 SET character_set_client = @saved_cs_client */;
DROP TABLE IF EXISTS `btf_forms_content`;
/*!40101 SET @saved_cs_client     = @@character_set_client */;
/*!40101 SET character_set_client = utf8 */;
CREATE TABLE `btf_forms_content` (
  `id` int(11) NOT NULL AUTO_INCREMENT,
  `submit_id` int(11) NOT NULL,
  `input_id` int(11) NOT NULL,
  `value` text COLLATE utf8_unicode_ci,
  PRIMARY KEY (`id`),
  KEY `idx_forms_content` (`id`,`submit_id`,`input_id`),
  KEY `fk_forms_content_to_submits` (`submit_id`),
  KEY `fk_forms_content_to_fields` (`input_id`),
  CONSTRAINT `fk_forms_content_to_fields` FOREIGN KEY (`input_id`) REFERENCES `btf_forms_fields` (`id`) ON DELETE CASCADE ON UPDATE CASCADE,
  CONSTRAINT `fk_forms_content_to_submits` FOREIGN KEY (`submit_id`) REFERENCES `btf_forms_submits` (`id`) ON DELETE CASCADE ON UPDATE CASCADE
) ENGINE=InnoDB DEFAULT CHARSET=utf8 COLLATE=utf8_unicode_ci;
/*!40101 SET character_set_client = @saved_cs_client */;
DROP TABLE IF EXISTS `btf_forms_fields`;
/*!40101 SET @saved_cs_client     = @@character_set_client */;
/*!40101 SET character_set_client = utf8 */;
CREATE TABLE `btf_forms_fields` (
  `id` int(11) NOT NULL AUTO_INCREMENT,
  `source_id` int(11) DEFAULT NULL,
  `form_id` int(11) NOT NULL,
  `label` varchar(64) COLLATE utf8_unicode_ci DEFAULT NULL,
  `name` varchar(64) COLLATE utf8_unicode_ci DEFAULT NULL,
  `placeholder` varchar(124) COLLATE utf8_unicode_ci DEFAULT NULL,
  `description` varchar(255) COLLATE utf8_unicode_ci DEFAULT NULL,
  `type` smallint(2) NOT NULL,
  `sort_order` smallint(3) DEFAULT '10',
  `params` text COLLATE utf8_unicode_ci,
  `is_required` tinyint(1) DEFAULT NULL,
  `status` tinyint(1) DEFAULT '0',
  `locale` varchar(10) COLLATE utf8_unicode_ci DEFAULT 'en-US',
  `created_at` datetime DEFAULT CURRENT_TIMESTAMP,
  `created_by` int(11) DEFAULT NULL,
  `updated_at` datetime DEFAULT CURRENT_TIMESTAMP,
  `updated_by` int(11) DEFAULT NULL,
  PRIMARY KEY (`id`),
  KEY `btf_idx_forms_fields` (`id`,`form_id`,`label`,`name`,`type`,`sort_order`,`status`),
  KEY `fk_forms_fields_to_forms` (`form_id`),
  KEY `btf_idx_forms_fields_created` (`created_by`),
  KEY `btf_idx_forms_fields_updated` (`updated_by`),
  KEY `btf_idx-forms_fields-source` (`source_id`),
  KEY `btf_idx-forms_fields-locale` (`locale`),
  CONSTRAINT `fk_forms_fields_to_forms` FOREIGN KEY (`form_id`) REFERENCES `btf_forms_list` (`id`) ON DELETE CASCADE ON UPDATE CASCADE,
  CONSTRAINT `fk_forms_fields_to_langs` FOREIGN KEY (`locale`) REFERENCES `btf_trans_langs` (`locale`) ON DELETE NO ACTION ON UPDATE CASCADE,
  CONSTRAINT `fk_forms_fields_to_source` FOREIGN KEY (`source_id`) REFERENCES `btf_forms_fields` (`id`) ON DELETE NO ACTION ON UPDATE CASCADE,
  CONSTRAINT `fk_forms_fields_to_users1` FOREIGN KEY (`created_by`) REFERENCES `btf_users` (`id`) ON DELETE NO ACTION ON UPDATE CASCADE,
  CONSTRAINT `fk_forms_fields_to_users2` FOREIGN KEY (`updated_by`) REFERENCES `btf_users` (`id`) ON DELETE NO ACTION ON UPDATE CASCADE
) ENGINE=InnoDB DEFAULT CHARSET=utf8 COLLATE=utf8_unicode_ci;
/*!40101 SET character_set_client = @saved_cs_client */;
DROP TABLE IF EXISTS `btf_forms_list`;
/*!40101 SET @saved_cs_client     = @@character_set_client */;
/*!40101 SET character_set_client = utf8 */;
CREATE TABLE `btf_forms_list` (
  `id` int(11) NOT NULL AUTO_INCREMENT,
  `source_id` int(11) DEFAULT NULL,
  `name` varchar(64) COLLATE utf8_unicode_ci DEFAULT NULL,
  `alias` varchar(64) COLLATE utf8_unicode_ci NOT NULL,
  `title` varchar(255) COLLATE utf8_unicode_ci DEFAULT NULL,
  `description` text COLLATE utf8_unicode_ci,
  `status` tinyint(1) DEFAULT '0',
  `locale` varchar(10) COLLATE utf8_unicode_ci DEFAULT 'en-US',
  `created_at` datetime DEFAULT CURRENT_TIMESTAMP,
  `created_by` int(11) DEFAULT NULL,
  `updated_at` datetime DEFAULT CURRENT_TIMESTAMP,
  `updated_by` int(11) DEFAULT NULL,
  PRIMARY KEY (`id`),
  UNIQUE KEY `alias` (`alias`),
  KEY `btf_idx-forms-alias` (`name`,`alias`,`status`),
  KEY `btf_idx-forms-created` (`created_by`),
  KEY `btf_idx-forms-updated` (`updated_by`),
  KEY `btf_idx-forms_list-source` (`source_id`),
  KEY `btf_idx-forms_list-locale` (`locale`),
  CONSTRAINT `fk_forms_list_to_langs` FOREIGN KEY (`locale`) REFERENCES `btf_trans_langs` (`locale`) ON DELETE NO ACTION ON UPDATE CASCADE,
  CONSTRAINT `fk_forms_list_to_source` FOREIGN KEY (`source_id`) REFERENCES `btf_forms_list` (`id`) ON DELETE NO ACTION ON UPDATE CASCADE,
  CONSTRAINT `fk_forms_to_users1` FOREIGN KEY (`created_by`) REFERENCES `btf_users` (`id`) ON DELETE NO ACTION ON UPDATE CASCADE,
  CONSTRAINT `fk_forms_to_users2` FOREIGN KEY (`updated_by`) REFERENCES `btf_users` (`id`) ON DELETE NO ACTION ON UPDATE CASCADE
) ENGINE=InnoDB DEFAULT CHARSET=utf8 COLLATE=utf8_unicode_ci;
/*!40101 SET character_set_client = @saved_cs_client */;
DROP TABLE IF EXISTS `btf_forms_submits`;
/*!40101 SET @saved_cs_client     = @@character_set_client */;
/*!40101 SET character_set_client = utf8 */;
CREATE TABLE `btf_forms_submits` (
  `id` int(11) NOT NULL AUTO_INCREMENT,
  `form_id` int(11) NOT NULL,
  `user_id` int(11) DEFAULT NULL,
  `access_token` varchar(32) COLLATE utf8_unicode_ci NOT NULL,
  `created_at` datetime DEFAULT CURRENT_TIMESTAMP,
  `updated_at` datetime DEFAULT CURRENT_TIMESTAMP,
  `status` smallint(6) NOT NULL DEFAULT '0',
  PRIMARY KEY (`id`),
  KEY `idx_forms_submits` (`id`,`form_id`,`user_id`),
  KEY `fk_forms_submits_to_list` (`form_id`),
  CONSTRAINT `fk_forms_submits_to_list` FOREIGN KEY (`form_id`) REFERENCES `btf_forms_list` (`id`) ON DELETE CASCADE ON UPDATE CASCADE
) ENGINE=InnoDB DEFAULT CHARSET=utf8 COLLATE=utf8_unicode_ci;
/*!40101 SET character_set_client = @saved_cs_client */;
DROP TABLE IF EXISTS `btf_geo_cities`;
/*!40101 SET @saved_cs_client     = @@character_set_client */;
/*!40101 SET character_set_client = utf8 */;
CREATE TABLE `btf_geo_cities` (
  `id` int(11) NOT NULL AUTO_INCREMENT,
  `country_id` int(11) DEFAULT NULL,
  `region_id` int(11) DEFAULT NULL,
  `title` varchar(255) COLLATE utf8_unicode_ci DEFAULT NULL,
  `slug` varchar(64) COLLATE utf8_unicode_ci NOT NULL,
  `created_at` datetime DEFAULT CURRENT_TIMESTAMP,
  `updated_at` datetime DEFAULT CURRENT_TIMESTAMP,
  `is_capital` tinyint(1) DEFAULT NULL,
  `is_published` tinyint(1) DEFAULT NULL,
  PRIMARY KEY (`id`),
  KEY `fk_cities_to_countries` (`country_id`),
  KEY `fk_cities_to_regions` (`region_id`),
  KEY `idx_geo_cities` (`title`,`slug`),
  CONSTRAINT `fk_cities_to_countries` FOREIGN KEY (`country_id`) REFERENCES `btf_geo_countries` (`id`) ON DELETE SET NULL ON UPDATE CASCADE,
  CONSTRAINT `fk_cities_to_regions` FOREIGN KEY (`region_id`) REFERENCES `btf_geo_regions` (`id`) ON DELETE SET NULL ON UPDATE CASCADE
) ENGINE=InnoDB DEFAULT CHARSET=utf8 COLLATE=utf8_unicode_ci;
/*!40101 SET character_set_client = @saved_cs_client */;
DROP TABLE IF EXISTS `btf_geo_countries`;
/*!40101 SET @saved_cs_client     = @@character_set_client */;
/*!40101 SET character_set_client = utf8 */;
CREATE TABLE `btf_geo_countries` (
  `id` int(11) NOT NULL AUTO_INCREMENT,
  `title` varchar(255) COLLATE utf8_unicode_ci DEFAULT NULL,
  `slug` varchar(64) COLLATE utf8_unicode_ci NOT NULL,
  `created_at` datetime DEFAULT CURRENT_TIMESTAMP,
  `updated_at` datetime DEFAULT CURRENT_TIMESTAMP,
  `is_published` tinyint(1) DEFAULT NULL,
  PRIMARY KEY (`id`),
  UNIQUE KEY `slug` (`slug`)
) ENGINE=InnoDB DEFAULT CHARSET=utf8 COLLATE=utf8_unicode_ci;
/*!40101 SET character_set_client = @saved_cs_client */;
DROP TABLE IF EXISTS `btf_geo_regions`;
/*!40101 SET @saved_cs_client     = @@character_set_client */;
/*!40101 SET character_set_client = utf8 */;
CREATE TABLE `btf_geo_regions` (
  `id` int(11) NOT NULL AUTO_INCREMENT,
  `country_id` int(11) DEFAULT NULL,
  `title` varchar(255) COLLATE utf8_unicode_ci DEFAULT NULL,
  `slug` varchar(64) COLLATE utf8_unicode_ci NOT NULL,
  `created_at` datetime DEFAULT CURRENT_TIMESTAMP,
  `updated_at` datetime DEFAULT CURRENT_TIMESTAMP,
  `is_published` tinyint(1) DEFAULT NULL,
  PRIMARY KEY (`id`),
  UNIQUE KEY `slug` (`slug`),
  KEY `fk_regions_to_countries` (`country_id`),
  KEY `idx_geo_regions` (`title`,`slug`),
  CONSTRAINT `fk_regions_to_countries` FOREIGN KEY (`country_id`) REFERENCES `btf_geo_countries` (`id`) ON DELETE SET NULL ON UPDATE CASCADE
) ENGINE=InnoDB DEFAULT CHARSET=utf8 COLLATE=utf8_unicode_ci;
/*!40101 SET character_set_client = @saved_cs_client */;
DROP TABLE IF EXISTS `btf_geo_translations`;
/*!40101 SET @saved_cs_client     = @@character_set_client */;
/*!40101 SET character_set_client = utf8 */;
CREATE TABLE `btf_geo_translations` (
  `id` int(11) NOT NULL AUTO_INCREMENT,
  `language` varchar(16) COLLATE utf8_unicode_ci DEFAULT NULL,
  `source_id` int(11) DEFAULT NULL,
  `source_type` int(11) NOT NULL DEFAULT '10',
  `translation` varchar(255) COLLATE utf8_unicode_ci DEFAULT NULL,
  `created_at` datetime DEFAULT CURRENT_TIMESTAMP,
  `updated_at` datetime DEFAULT CURRENT_TIMESTAMP,
  PRIMARY KEY (`id`),
  KEY `idx_geo_translations` (`language`,`source_type`)
) ENGINE=InnoDB DEFAULT CHARSET=utf8 COLLATE=utf8_unicode_ci;
/*!40101 SET character_set_client = @saved_cs_client */;
DROP TABLE IF EXISTS `btf_guard_banned`;
/*!40101 SET @saved_cs_client     = @@character_set_client */;
/*!40101 SET character_set_client = utf8 */;
CREATE TABLE `btf_guard_banned` (
  `id` int(11) NOT NULL AUTO_INCREMENT,
  `client_ip` bigint(15) unsigned DEFAULT NULL,
  `client_net` varchar(255) COLLATE utf8_unicode_ci DEFAULT NULL,
  `range_start` bigint(15) unsigned DEFAULT NULL,
  `range_end` bigint(15) unsigned DEFAULT NULL,
  `user_agent` varchar(255) COLLATE utf8_unicode_ci DEFAULT NULL,
  `status` tinyint(1) DEFAULT NULL,
  `reason` varchar(255) COLLATE utf8_unicode_ci DEFAULT NULL,
  `created_at` datetime DEFAULT CURRENT_TIMESTAMP,
  `created_by` int(11) DEFAULT NULL,
  `updated_at` datetime DEFAULT CURRENT_TIMESTAMP,
  `updated_by` int(11) DEFAULT NULL,
  `release_at` datetime DEFAULT NULL,
  PRIMARY KEY (`id`),
  KEY `idx_guard_banned` (`client_ip`,`client_net`,`user_agent`,`status`),
  KEY `btf_idx-banned-author` (`created_by`,`updated_by`),
  KEY `fk_banned_updated2users` (`updated_by`),
  CONSTRAINT `fk_banned_created2users` FOREIGN KEY (`created_by`) REFERENCES `btf_users` (`id`) ON DELETE CASCADE ON UPDATE CASCADE,
  CONSTRAINT `fk_banned_updated2users` FOREIGN KEY (`updated_by`) REFERENCES `btf_users` (`id`) ON DELETE CASCADE ON UPDATE CASCADE
) ENGINE=InnoDB DEFAULT CHARSET=utf8 COLLATE=utf8_unicode_ci;
/*!40101 SET character_set_client = @saved_cs_client */;
DROP TABLE IF EXISTS `btf_guard_scanned`;
/*!40101 SET @saved_cs_client     = @@character_set_client */;
/*!40101 SET character_set_client = utf8 */;
CREATE TABLE `btf_guard_scanned` (
  `id` int(11) NOT NULL AUTO_INCREMENT,
  `logs` text COLLATE utf8_unicode_ci,
  `data` longtext COLLATE utf8_unicode_ci,
  `created_at` datetime DEFAULT CURRENT_TIMESTAMP,
  `updated_at` datetime DEFAULT CURRENT_TIMESTAMP,
  PRIMARY KEY (`id`)
) ENGINE=InnoDB DEFAULT CHARSET=utf8 COLLATE=utf8_unicode_ci;
/*!40101 SET character_set_client = @saved_cs_client */;
DROP TABLE IF EXISTS `btf_likes`;
/*!40101 SET @saved_cs_client     = @@character_set_client */;
/*!40101 SET character_set_client = utf8 */;
CREATE TABLE `btf_likes` (
  `id` bigint(20) NOT NULL AUTO_INCREMENT,
  `user_id` int(11) DEFAULT NULL,
  `user_ip` varchar(39) COLLATE utf8_unicode_ci NOT NULL,
  `entity_id` varchar(32) COLLATE utf8_unicode_ci NOT NULL,
  `target_id` int(11) DEFAULT NULL,
  `is_like` tinyint(1) DEFAULT '0',
  `created_at` datetime DEFAULT CURRENT_TIMESTAMP,
  `updated_at` datetime DEFAULT CURRENT_TIMESTAMP,
  PRIMARY KEY (`id`),
  KEY `idx_likes_user` (`user_id`,`user_ip`),
  KEY `idx_likes_condition` (`entity_id`,`target_id`),
  KEY `idx_likes_like` (`is_like`)
) ENGINE=InnoDB DEFAULT CHARSET=utf8 COLLATE=utf8_unicode_ci;
/*!40101 SET character_set_client = @saved_cs_client */;
DROP TABLE IF EXISTS `btf_mails`;
/*!40101 SET @saved_cs_client     = @@character_set_client */;
/*!40101 SET character_set_client = utf8 */;
CREATE TABLE `btf_mails` (
  `id` bigint(20) NOT NULL AUTO_INCREMENT,
  `email_from` varchar(64) COLLATE utf8_unicode_ci NOT NULL,
  `email_to` varchar(64) COLLATE utf8_unicode_ci NOT NULL,
  `email_copy` varchar(64) COLLATE utf8_unicode_ci DEFAULT NULL,
  `email_subject` varchar(255) COLLATE utf8_unicode_ci DEFAULT NULL,
  `email_source` varchar(255) COLLATE utf8_unicode_ci DEFAULT NULL,
  `is_sended` tinyint(1) DEFAULT NULL,
  `is_viewed` tinyint(1) DEFAULT NULL,
  `tracking_key` varchar(32) COLLATE utf8_unicode_ci DEFAULT NULL,
  `web_mail_url` varchar(255) COLLATE utf8_unicode_ci DEFAULT NULL,
  `created_at` datetime DEFAULT CURRENT_TIMESTAMP,
  `created_by` int(11) DEFAULT NULL,
  `updated_at` datetime DEFAULT CURRENT_TIMESTAMP,
  `updated_by` int(11) DEFAULT NULL,
  PRIMARY KEY (`id`),
  KEY `btf_idx-mails-emails` (`email_from`,`email_to`,`email_copy`,`email_subject`),
  KEY `btf_idx-mails-status` (`is_sended`,`is_viewed`),
  KEY `btf_idx-mails-author` (`created_by`,`updated_by`)
) ENGINE=InnoDB DEFAULT CHARSET=utf8 COLLATE=utf8_unicode_ci;
/*!40101 SET character_set_client = @saved_cs_client */;
DROP TABLE IF EXISTS `btf_media`;
/*!40101 SET @saved_cs_client     = @@character_set_client */;
/*!40101 SET character_set_client = utf8 */;
CREATE TABLE `btf_media` (
  `id` bigint(20) NOT NULL AUTO_INCREMENT,
  `cat_id` int(11) DEFAULT '1',
  `name` varchar(128) COLLATE utf8_unicode_ci NOT NULL,
  `alias` varchar(128) COLLATE utf8_unicode_ci NOT NULL,
  `path` varchar(255) COLLATE utf8_unicode_ci NOT NULL,
  `title` varchar(255) COLLATE utf8_unicode_ci DEFAULT NULL,
  `caption` varchar(550) COLLATE utf8_unicode_ci DEFAULT NULL,
  `alt` varchar(255) COLLATE utf8_unicode_ci DEFAULT NULL,
  `description` text COLLATE utf8_unicode_ci,
  `mime_type` varchar(128) COLLATE utf8_unicode_ci DEFAULT NULL,
  `size` int(19) DEFAULT NULL,
  `params` text COLLATE utf8_unicode_ci,
  `reference` varchar(255) COLLATE utf8_unicode_ci DEFAULT NULL,
  `status` tinyint(1) DEFAULT '1',
  `created_at` datetime DEFAULT CURRENT_TIMESTAMP,
  `created_by` int(11) DEFAULT NULL,
  `updated_at` datetime DEFAULT CURRENT_TIMESTAMP,
  `updated_by` int(11) DEFAULT NULL,
  PRIMARY KEY (`id`),
  KEY `btf_idx-media` (`name`,`path`,`cat_id`,`reference`),
  KEY `btf_idx-media-alias` (`name`,`alias`),
  KEY `btf_idx-media-status` (`alias`,`status`),
  KEY `fk_media_to_cats` (`cat_id`),
  KEY `btf_idx-media-created` (`created_by`),
  KEY `btf_idx-media-updated` (`updated_by`),
  CONSTRAINT `fk_media_to_cats` FOREIGN KEY (`cat_id`) REFERENCES `btf_media_cats` (`id`) ON DELETE NO ACTION ON UPDATE CASCADE,
  CONSTRAINT `fk_media_to_users1` FOREIGN KEY (`created_by`) REFERENCES `btf_users` (`id`) ON DELETE NO ACTION ON UPDATE CASCADE,
  CONSTRAINT `fk_media_to_users2` FOREIGN KEY (`updated_by`) REFERENCES `btf_users` (`id`) ON DELETE NO ACTION ON UPDATE CASCADE
) ENGINE=InnoDB AUTO_INCREMENT=6 DEFAULT CHARSET=utf8 COLLATE=utf8_unicode_ci;
/*!40101 SET character_set_client = @saved_cs_client */;
DROP TABLE IF EXISTS `btf_media_cats`;
/*!40101 SET @saved_cs_client     = @@character_set_client */;
/*!40101 SET character_set_client = utf8 */;
CREATE TABLE `btf_media_cats` (
  `id` int(11) NOT NULL AUTO_INCREMENT,
  `parent_id` int(11) DEFAULT NULL,
  `name` varchar(128) COLLATE utf8_unicode_ci NOT NULL,
  `alias` varchar(128) COLLATE utf8_unicode_ci NOT NULL,
  `title` varchar(255) COLLATE utf8_unicode_ci DEFAULT NULL,
  `description` varchar(255) COLLATE utf8_unicode_ci DEFAULT NULL,
  `keywords` varchar(255) COLLATE utf8_unicode_ci DEFAULT NULL,
  `created_at` datetime DEFAULT CURRENT_TIMESTAMP,
  `created_by` int(11) DEFAULT NULL,
  `updated_at` datetime DEFAULT CURRENT_TIMESTAMP,
  `updated_by` int(11) DEFAULT NULL,
  PRIMARY KEY (`id`),
  KEY `btf_idx-media-cats-alias` (`name`,`alias`),
  KEY `btf_idx-media-cats-parent` (`parent_id`),
  KEY `btf_idx-media-cats-created` (`created_by`),
  KEY `btf_idx-media-cats-updated` (`updated_by`),
  CONSTRAINT `fk_media_cats_to_users1` FOREIGN KEY (`created_by`) REFERENCES `btf_users` (`id`) ON DELETE NO ACTION ON UPDATE CASCADE,
  CONSTRAINT `fk_media_cats_to_users2` FOREIGN KEY (`updated_by`) REFERENCES `btf_users` (`id`) ON DELETE NO ACTION ON UPDATE CASCADE
) ENGINE=InnoDB AUTO_INCREMENT=2 DEFAULT CHARSET=utf8 COLLATE=utf8_unicode_ci;
/*!40101 SET character_set_client = @saved_cs_client */;
DROP TABLE IF EXISTS `btf_menu`;
/*!40101 SET @saved_cs_client     = @@character_set_client */;
/*!40101 SET character_set_client = utf8 */;
CREATE TABLE `btf_menu` (
  `id` int(11) NOT NULL AUTO_INCREMENT,
  `source_id` int(11) DEFAULT NULL,
  `name` varchar(64) COLLATE utf8_unicode_ci NOT NULL,
  `description` varchar(255) COLLATE utf8_unicode_ci DEFAULT NULL,
  `alias` varchar(64) COLLATE utf8_unicode_ci NOT NULL,
  `status` tinyint(1) DEFAULT '0',
  `locale` varchar(10) COLLATE utf8_unicode_ci DEFAULT 'en-US',
  `created_at` datetime DEFAULT CURRENT_TIMESTAMP,
  `created_by` int(11) DEFAULT NULL,
  `updated_at` datetime DEFAULT CURRENT_TIMESTAMP,
  `updated_by` int(11) DEFAULT NULL,
  PRIMARY KEY (`id`),
  KEY `btf_idx-menu` (`name`,`alias`,`status`),
  KEY `btf_idx-menu-created` (`created_by`),
  KEY `btf_idx-menu-updated` (`updated_by`),
  KEY `btf_idx-menu-source` (`source_id`),
  KEY `btf_idx-menu-locale` (`locale`),
  CONSTRAINT `fk_menu_to_langs` FOREIGN KEY (`locale`) REFERENCES `btf_trans_langs` (`locale`) ON DELETE NO ACTION ON UPDATE CASCADE,
  CONSTRAINT `fk_menu_to_source` FOREIGN KEY (`source_id`) REFERENCES `btf_menu` (`id`) ON DELETE NO ACTION ON UPDATE CASCADE,
  CONSTRAINT `fk_menu_to_users1` FOREIGN KEY (`created_by`) REFERENCES `btf_users` (`id`) ON DELETE NO ACTION ON UPDATE CASCADE,
  CONSTRAINT `fk_menu_to_users2` FOREIGN KEY (`updated_by`) REFERENCES `btf_users` (`id`) ON DELETE NO ACTION ON UPDATE CASCADE
) ENGINE=InnoDB AUTO_INCREMENT=4 DEFAULT CHARSET=utf8 COLLATE=utf8_unicode_ci;
/*!40101 SET character_set_client = @saved_cs_client */;
DROP TABLE IF EXISTS `btf_menu_items`;
/*!40101 SET @saved_cs_client     = @@character_set_client */;
/*!40101 SET character_set_client = utf8 */;
CREATE TABLE `btf_menu_items` (
  `id` int(11) NOT NULL AUTO_INCREMENT,
  `menu_id` int(11) NOT NULL,
  `parent_id` int(11) DEFAULT NULL,
  `name` varchar(128) COLLATE utf8_unicode_ci NOT NULL,
  `title` varchar(255) COLLATE utf8_unicode_ci DEFAULT NULL,
  `source_id` int(11) DEFAULT NULL,
  `source_type` tinyint(1) NOT NULL DEFAULT '1',
  `source_url` varchar(255) COLLATE utf8_unicode_ci NOT NULL,
  `only_auth` tinyint(1) DEFAULT NULL,
  `target_blank` tinyint(1) DEFAULT NULL,
  `created_at` datetime DEFAULT CURRENT_TIMESTAMP,
  `created_by` int(11) DEFAULT NULL,
  `updated_at` datetime DEFAULT CURRENT_TIMESTAMP,
  `updated_by` int(11) DEFAULT NULL,
  PRIMARY KEY (`id`),
  KEY `btf_idx-menu_item` (`menu_id`,`parent_id`,`name`,`source_id`,`source_type`,`source_url`),
  KEY `btf_idx-menu_item-parent` (`parent_id`),
  KEY `btf_idx-menu_item-created` (`created_by`),
  KEY `btf_idx-menu_item-updated` (`updated_by`),
  CONSTRAINT `fk_menu_item` FOREIGN KEY (`menu_id`) REFERENCES `btf_menu` (`id`) ON DELETE NO ACTION ON UPDATE CASCADE,
  CONSTRAINT `fk_menu_item_to_parent` FOREIGN KEY (`parent_id`) REFERENCES `btf_menu_items` (`id`) ON DELETE CASCADE ON UPDATE CASCADE,
  CONSTRAINT `fk_menu_item_to_users1` FOREIGN KEY (`created_by`) REFERENCES `btf_users` (`id`) ON DELETE NO ACTION ON UPDATE CASCADE,
  CONSTRAINT `fk_menu_item_to_users2` FOREIGN KEY (`updated_by`) REFERENCES `btf_users` (`id`) ON DELETE NO ACTION ON UPDATE CASCADE
) ENGINE=InnoDB AUTO_INCREMENT=12 DEFAULT CHARSET=utf8 COLLATE=utf8_unicode_ci;
/*!40101 SET character_set_client = @saved_cs_client */;
DROP TABLE IF EXISTS `btf_messages`;
/*!40101 SET @saved_cs_client     = @@character_set_client */;
/*!40101 SET character_set_client = utf8 */;
CREATE TABLE `btf_messages` (
  `id` bigint(20) NOT NULL AUTO_INCREMENT,
  `sender_id` int(11) DEFAULT NULL,
  `receiver_id` int(11) NOT NULL,
  `subject` varchar(64) COLLATE utf8_unicode_ci DEFAULT NULL,
  `message` text COLLATE utf8_unicode_ci NOT NULL,
  `status` tinyint(1) DEFAULT '0',
  `session` varchar(32) COLLATE utf8_unicode_ci NOT NULL,
  `created_at` datetime DEFAULT CURRENT_TIMESTAMP,
  `updated_at` datetime DEFAULT CURRENT_TIMESTAMP,
  PRIMARY KEY (`id`),
  KEY `idx_messages_user` (`sender_id`,`receiver_id`),
  KEY `idx_messages_text` (`subject`,`message`(250)),
  KEY `idx_messages_status` (`status`),
  KEY `idx_messages_session` (`session`)
) ENGINE=InnoDB DEFAULT CHARSET=utf8 COLLATE=utf8_unicode_ci;
/*!40101 SET character_set_client = @saved_cs_client */;
DROP TABLE IF EXISTS `btf_migration`;
/*!40101 SET @saved_cs_client     = @@character_set_client */;
/*!40101 SET character_set_client = utf8 */;
CREATE TABLE `btf_migration` (
  `version` varchar(180) NOT NULL,
  `apply_time` int(11) DEFAULT NULL,
  PRIMARY KEY (`version`)
) ENGINE=InnoDB DEFAULT CHARSET=utf8;
/*!40101 SET character_set_client = @saved_cs_client */;
DROP TABLE IF EXISTS `btf_modules`;
/*!40101 SET @saved_cs_client     = @@character_set_client */;
/*!40101 SET character_set_client = utf8 */;
CREATE TABLE `btf_modules` (
  `id` int(11) NOT NULL AUTO_INCREMENT,
  `module` varchar(64) COLLATE utf8_unicode_ci NOT NULL,
  `name` varchar(128) COLLATE utf8_unicode_ci NOT NULL,
  `description` varchar(255) COLLATE utf8_unicode_ci DEFAULT NULL,
  `class` varchar(255) COLLATE utf8_unicode_ci NOT NULL,
  `bootstrap` varchar(255) COLLATE utf8_unicode_ci DEFAULT NULL,
  `homepage` varchar(255) COLLATE utf8_unicode_ci DEFAULT NULL,
  `support` text COLLATE utf8_unicode_ci,
  `authors` text COLLATE utf8_unicode_ci,
  `require` text COLLATE utf8_unicode_ci,
  `type` varchar(64) COLLATE utf8_unicode_ci DEFAULT NULL,
  `license` varchar(64) COLLATE utf8_unicode_ci DEFAULT NULL,
  `version` varchar(64) COLLATE utf8_unicode_ci NOT NULL,
  `options` text COLLATE utf8_unicode_ci,
  `status` tinyint(1) DEFAULT '0',
  `protected` tinyint(1) DEFAULT '0',
  `priority` int(11) DEFAULT '0',
  `created_at` datetime DEFAULT CURRENT_TIMESTAMP,
  `created_by` int(11) DEFAULT NULL,
  `updated_at` datetime DEFAULT CURRENT_TIMESTAMP,
  `updated_by` int(11) DEFAULT NULL,
  PRIMARY KEY (`id`),
  UNIQUE KEY `module` (`module`),
  UNIQUE KEY `name` (`name`),
  KEY `btf_idx-modules` (`module`,`name`,`version`,`status`)
) ENGINE=InnoDB AUTO_INCREMENT=40 DEFAULT CHARSET=utf8 COLLATE=utf8_unicode_ci;
/*!40101 SET character_set_client = @saved_cs_client */;
DROP TABLE IF EXISTS `btf_news`;
/*!40101 SET @saved_cs_client     = @@character_set_client */;
/*!40101 SET character_set_client = utf8 */;
CREATE TABLE `btf_news` (
  `id` bigint(20) NOT NULL AUTO_INCREMENT,
  `source_id` bigint(20) DEFAULT NULL,
  `name` varchar(128) COLLATE utf8_unicode_ci NOT NULL,
  `alias` varchar(128) COLLATE utf8_unicode_ci NOT NULL,
  `image` varchar(255) COLLATE utf8_unicode_ci DEFAULT NULL,
  `excerpt` varchar(255) COLLATE utf8_unicode_ci DEFAULT NULL,
  `content` text COLLATE utf8_unicode_ci,
  `title` varchar(255) COLLATE utf8_unicode_ci DEFAULT NULL,
  `description` varchar(255) COLLATE utf8_unicode_ci DEFAULT NULL,
  `keywords` varchar(255) COLLATE utf8_unicode_ci DEFAULT NULL,
  `status` tinyint(1) DEFAULT '0',
  `locale` varchar(10) COLLATE utf8_unicode_ci DEFAULT 'en-US',
  `in_turbo` tinyint(1) DEFAULT '1',
  `in_rss` tinyint(1) DEFAULT '1',
  `created_at` datetime DEFAULT CURRENT_TIMESTAMP,
  `created_by` int(11) DEFAULT NULL,
  `updated_at` datetime DEFAULT CURRENT_TIMESTAMP,
  `updated_by` int(11) DEFAULT NULL,
  `in_sitemap` tinyint(1) DEFAULT '1',
  `in_amp` tinyint(1) DEFAULT '1',
  PRIMARY KEY (`id`),
  KEY `btf_idx-news-alias` (`name`,`alias`),
  KEY `btf_idx-news-status` (`alias`,`status`),
  KEY `btf_idx-news-content` (`name`,`excerpt`,`content`(250)),
  KEY `btf_idx-news-author` (`created_by`,`updated_by`),
  KEY `fk_news_to_users2` (`updated_by`),
  KEY `btf_idx-news-source` (`source_id`),
  KEY `btf_idx-news-locale` (`locale`),
  FULLTEXT KEY `btf_idx-news-search` (`title`,`description`,`keywords`,`content`),
  CONSTRAINT `fk_news_to_langs` FOREIGN KEY (`locale`) REFERENCES `btf_trans_langs` (`locale`) ON DELETE NO ACTION ON UPDATE CASCADE,
  CONSTRAINT `fk_news_to_source` FOREIGN KEY (`source_id`) REFERENCES `btf_news` (`id`) ON DELETE NO ACTION ON UPDATE CASCADE,
  CONSTRAINT `fk_news_to_users1` FOREIGN KEY (`created_by`) REFERENCES `btf_users` (`id`) ON DELETE NO ACTION ON UPDATE CASCADE,
  CONSTRAINT `fk_news_to_users2` FOREIGN KEY (`updated_by`) REFERENCES `btf_users` (`id`) ON DELETE NO ACTION ON UPDATE CASCADE
) ENGINE=InnoDB AUTO_INCREMENT=4 DEFAULT CHARSET=utf8 COLLATE=utf8_unicode_ci;
/*!40101 SET character_set_client = @saved_cs_client */;
DROP TABLE IF EXISTS `btf_newsletters`;
/*!40101 SET @saved_cs_client     = @@character_set_client */;
/*!40101 SET character_set_client = utf8 */;
CREATE TABLE `btf_newsletters` (
  `id` int(11) NOT NULL AUTO_INCREMENT,
  `title` varchar(255) COLLATE utf8_unicode_ci DEFAULT NULL,
  `description` text COLLATE utf8_unicode_ci,
  `subject` varchar(255) COLLATE utf8_unicode_ci DEFAULT NULL,
  `content` text COLLATE utf8_unicode_ci,
  `layouts` varchar(255) COLLATE utf8_unicode_ci NOT NULL,
  `views` varchar(255) COLLATE utf8_unicode_ci DEFAULT NULL,
  `recipients` text COLLATE utf8_unicode_ci,
  `reply_to` varchar(255) COLLATE utf8_unicode_ci DEFAULT NULL,
  `unique_token` varchar(32) COLLATE utf8_unicode_ci DEFAULT NULL,
  `status` tinyint(1) DEFAULT '1',
  `workflow` text COLLATE utf8_unicode_ci,
  `params` text COLLATE utf8_unicode_ci,
  `created_at` datetime DEFAULT CURRENT_TIMESTAMP,
  `created_by` int(11) DEFAULT NULL,
  `updated_at` datetime DEFAULT CURRENT_TIMESTAMP,
  `updated_by` int(11) DEFAULT NULL,
  PRIMARY KEY (`id`),
  UNIQUE KEY `unique_token` (`unique_token`),
  KEY `idx_newsletters1` (`title`,`subject`),
  KEY `idx_newsletters2` (`layouts`,`views`,`unique_token`,`status`)
) ENGINE=InnoDB DEFAULT CHARSET=utf8 COLLATE=utf8_unicode_ci;
/*!40101 SET character_set_client = @saved_cs_client */;
DROP TABLE IF EXISTS `btf_options`;
/*!40101 SET @saved_cs_client     = @@character_set_client */;
/*!40101 SET character_set_client = utf8 */;
CREATE TABLE `btf_options` (
  `id` int(11) NOT NULL AUTO_INCREMENT,
  `section` varchar(128) COLLATE utf8_unicode_ci DEFAULT NULL,
  `label` varchar(255) COLLATE utf8_unicode_ci NOT NULL,
  `param` varchar(128) COLLATE utf8_unicode_ci NOT NULL,
  `value` text COLLATE utf8_unicode_ci NOT NULL,
  `default` text COLLATE utf8_unicode_ci NOT NULL,
  `type` varchar(64) COLLATE utf8_unicode_ci NOT NULL,
  `autoload` tinyint(1) NOT NULL,
  `protected` tinyint(1) NOT NULL,
  `created_at` datetime NOT NULL DEFAULT CURRENT_TIMESTAMP,
  `updated_at` datetime DEFAULT CURRENT_TIMESTAMP,
  PRIMARY KEY (`id`),
  KEY `btf_idx-options-params` (`label`,`section`,`param`)
) ENGINE=InnoDB AUTO_INCREMENT=275 DEFAULT CHARSET=utf8 COLLATE=utf8_unicode_ci;
/*!40101 SET character_set_client = @saved_cs_client */;
DROP TABLE IF EXISTS `btf_pages`;
/*!40101 SET @saved_cs_client     = @@character_set_client */;
/*!40101 SET character_set_client = utf8 */;
CREATE TABLE `btf_pages` (
  `id` int(11) NOT NULL AUTO_INCREMENT,
  `parent_id` int(11) DEFAULT NULL,
  `source_id` int(11) DEFAULT NULL,
  `name` varchar(128) COLLATE utf8_unicode_ci NOT NULL,
  `alias` varchar(128) COLLATE utf8_unicode_ci NOT NULL,
  `content` text COLLATE utf8_unicode_ci,
  `title` varchar(255) COLLATE utf8_unicode_ci DEFAULT NULL,
  `description` varchar(255) COLLATE utf8_unicode_ci DEFAULT NULL,
  `keywords` varchar(255) COLLATE utf8_unicode_ci DEFAULT NULL,
  `status` tinyint(1) DEFAULT '0',
  `locale` varchar(10) COLLATE utf8_unicode_ci DEFAULT 'en-US',
  `route` varchar(255) COLLATE utf8_unicode_ci DEFAULT NULL,
  `layout` varchar(64) COLLATE utf8_unicode_ci DEFAULT NULL,
  `in_sitemap` tinyint(1) DEFAULT '1',
  `created_at` datetime DEFAULT CURRENT_TIMESTAMP,
  `created_by` int(11) DEFAULT NULL,
  `updated_at` datetime DEFAULT CURRENT_TIMESTAMP,
  `updated_by` int(11) DEFAULT NULL,
  `in_rss` tinyint(1) DEFAULT '1',
  `in_amp` tinyint(1) DEFAULT '1',
  `in_turbo` tinyint(1) DEFAULT '1',
  PRIMARY KEY (`id`),
  KEY `btf_idx-pages-alias` (`name`,`alias`),
  KEY `btf_idx-pages-status` (`status`),
  KEY `btf_idx-pages-author` (`created_by`,`updated_by`),
  KEY `fk_pages_to_users2` (`updated_by`),
  KEY `btf_idx-pages-parent` (`parent_id`),
  KEY `btf_idx-pages-source` (`source_id`),
  KEY `btf_idx-pages-locale` (`locale`),
  FULLTEXT KEY `btf_idx-pages-search` (`title`,`description`,`keywords`,`content`),
  CONSTRAINT `fk_pages_to_langs` FOREIGN KEY (`locale`) REFERENCES `btf_trans_langs` (`locale`) ON DELETE NO ACTION ON UPDATE CASCADE,
  CONSTRAINT `fk_pages_to_parent` FOREIGN KEY (`parent_id`) REFERENCES `btf_pages` (`id`) ON DELETE NO ACTION ON UPDATE CASCADE,
  CONSTRAINT `fk_pages_to_source` FOREIGN KEY (`source_id`) REFERENCES `btf_pages` (`id`) ON DELETE NO ACTION ON UPDATE CASCADE,
  CONSTRAINT `fk_pages_to_users1` FOREIGN KEY (`created_by`) REFERENCES `btf_users` (`id`) ON DELETE NO ACTION ON UPDATE CASCADE,
  CONSTRAINT `fk_pages_to_users2` FOREIGN KEY (`updated_by`) REFERENCES `btf_users` (`id`) ON DELETE NO ACTION ON UPDATE CASCADE
) ENGINE=InnoDB AUTO_INCREMENT=7 DEFAULT CHARSET=utf8 COLLATE=utf8_unicode_ci;
/*!40101 SET character_set_client = @saved_cs_client */;
DROP TABLE IF EXISTS `btf_profiles`;
/*!40101 SET @saved_cs_client     = @@character_set_client */;
/*!40101 SET character_set_client = utf8 */;
CREATE TABLE `btf_profiles` (
  `id` int(11) NOT NULL AUTO_INCREMENT,
  `user_id` int(11) NOT NULL,
  `locale` varchar(10) COLLATE utf8_unicode_ci DEFAULT 'en-US',
  `time_zone` varchar(64) COLLATE utf8_unicode_ci DEFAULT NULL,
  `status` tinyint(1) DEFAULT '0',
  `created_at` datetime DEFAULT CURRENT_TIMESTAMP,
  `updated_at` datetime DEFAULT CURRENT_TIMESTAMP,
  PRIMARY KEY (`id`),
  KEY `btf_idx_profiles` (`id`,`locale`,`time_zone`,`status`),
  KEY `btf_idx-profiles-locale` (`locale`),
  KEY `btf_idx_profiles_users` (`user_id`),
  CONSTRAINT `fk_profiles_to_langs` FOREIGN KEY (`locale`) REFERENCES `btf_trans_langs` (`locale`) ON DELETE NO ACTION ON UPDATE CASCADE,
  CONSTRAINT `fk_profiles_to_users` FOREIGN KEY (`user_id`) REFERENCES `btf_users` (`id`) ON DELETE NO ACTION ON UPDATE CASCADE
) ENGINE=InnoDB DEFAULT CHARSET=utf8 COLLATE=utf8_unicode_ci;
/*!40101 SET character_set_client = @saved_cs_client */;
DROP TABLE IF EXISTS `btf_profiles_fields`;
/*!40101 SET @saved_cs_client     = @@character_set_client */;
/*!40101 SET character_set_client = utf8 */;
CREATE TABLE `btf_profiles_fields` (
  `id` int(11) NOT NULL AUTO_INCREMENT,
  `source_id` int(11) DEFAULT NULL,
  `label` varchar(64) COLLATE utf8_unicode_ci DEFAULT NULL,
  `name` varchar(64) COLLATE utf8_unicode_ci DEFAULT NULL,
  `placeholder` varchar(124) COLLATE utf8_unicode_ci DEFAULT NULL,
  `description` varchar(255) COLLATE utf8_unicode_ci DEFAULT NULL,
  `type` smallint(2) NOT NULL,
  `sort_order` smallint(3) DEFAULT '10',
  `params` text COLLATE utf8_unicode_ci,
  `is_required` tinyint(1) DEFAULT NULL,
  `status` tinyint(1) DEFAULT '0',
  `locale` varchar(10) COLLATE utf8_unicode_ci DEFAULT 'en-US',
  `created_at` datetime DEFAULT CURRENT_TIMESTAMP,
  `created_by` int(11) DEFAULT NULL,
  `updated_at` datetime DEFAULT CURRENT_TIMESTAMP,
  `updated_by` int(11) DEFAULT NULL,
  PRIMARY KEY (`id`),
  KEY `btf_idx_profiles_fields` (`id`,`label`,`name`,`type`,`sort_order`,`status`),
  KEY `btf_idx_profiles_fields_source` (`source_id`),
  KEY `btf_idx_profiles_fields_locale` (`locale`),
  KEY `btf_idx_profiles_fields_created` (`created_by`),
  KEY `btf_idx_profiles_fields_updated` (`updated_by`),
  CONSTRAINT `fk_profiles_fields_to_langs` FOREIGN KEY (`locale`) REFERENCES `btf_trans_langs` (`locale`) ON DELETE NO ACTION ON UPDATE CASCADE,
  CONSTRAINT `fk_profiles_fields_to_source` FOREIGN KEY (`source_id`) REFERENCES `btf_profiles_fields` (`id`) ON DELETE NO ACTION ON UPDATE CASCADE,
  CONSTRAINT `fk_profiles_fields_to_users1` FOREIGN KEY (`created_by`) REFERENCES `btf_users` (`id`) ON DELETE NO ACTION ON UPDATE CASCADE,
  CONSTRAINT `fk_profiles_fields_to_users2` FOREIGN KEY (`updated_by`) REFERENCES `btf_users` (`id`) ON DELETE NO ACTION ON UPDATE CASCADE
) ENGINE=InnoDB DEFAULT CHARSET=utf8 COLLATE=utf8_unicode_ci;
/*!40101 SET character_set_client = @saved_cs_client */;
DROP TABLE IF EXISTS `btf_rbac_assignments`;
/*!40101 SET @saved_cs_client     = @@character_set_client */;
/*!40101 SET character_set_client = utf8 */;
CREATE TABLE `btf_rbac_assignments` (
  `item_name` varchar(64) COLLATE utf8_unicode_ci NOT NULL,
  `user_id` int(11) NOT NULL,
  `created_at` int(11) DEFAULT NULL,
  PRIMARY KEY (`item_name`,`user_id`),
  KEY `btf_idx-auth_assignment-user_id` (`user_id`),
  CONSTRAINT `fk_auth_assignment_to_items_1` FOREIGN KEY (`item_name`) REFERENCES `btf_rbac_roles` (`name`) ON DELETE CASCADE ON UPDATE CASCADE
) ENGINE=InnoDB DEFAULT CHARSET=utf8 COLLATE=utf8_unicode_ci;
/*!40101 SET character_set_client = @saved_cs_client */;
DROP TABLE IF EXISTS `btf_rbac_childs`;
/*!40101 SET @saved_cs_client     = @@character_set_client */;
/*!40101 SET character_set_client = utf8 */;
CREATE TABLE `btf_rbac_childs` (
  `parent` varchar(64) COLLATE utf8_unicode_ci NOT NULL,
  `child` varchar(64) COLLATE utf8_unicode_ci NOT NULL,
  PRIMARY KEY (`parent`,`child`),
  KEY `fk_auth_item_child_to_items_2` (`child`),
  CONSTRAINT `fk_auth_item_child_to_items_1` FOREIGN KEY (`parent`) REFERENCES `btf_rbac_roles` (`name`) ON DELETE CASCADE ON UPDATE CASCADE,
  CONSTRAINT `fk_auth_item_child_to_items_2` FOREIGN KEY (`child`) REFERENCES `btf_rbac_roles` (`name`) ON DELETE CASCADE ON UPDATE CASCADE
) ENGINE=InnoDB DEFAULT CHARSET=utf8 COLLATE=utf8_unicode_ci;
/*!40101 SET character_set_client = @saved_cs_client */;
DROP TABLE IF EXISTS `btf_rbac_roles`;
/*!40101 SET @saved_cs_client     = @@character_set_client */;
/*!40101 SET character_set_client = utf8 */;
CREATE TABLE `btf_rbac_roles` (
  `name` varchar(64) COLLATE utf8_unicode_ci NOT NULL,
  `type` smallint(6) NOT NULL,
  `description` text COLLATE utf8_unicode_ci,
  `rule_name` varchar(64) COLLATE utf8_unicode_ci DEFAULT NULL,
  `data` blob,
  `created_at` datetime NOT NULL DEFAULT CURRENT_TIMESTAMP,
  `updated_at` datetime NOT NULL DEFAULT CURRENT_TIMESTAMP,
  PRIMARY KEY (`name`),
  KEY `fk_auth_item_to_rules_1` (`rule_name`),
  KEY `btf_idx-auth_item-type` (`type`),
  CONSTRAINT `fk_auth_item_to_rules_1` FOREIGN KEY (`rule_name`) REFERENCES `btf_rbac_rules` (`name`) ON DELETE SET NULL ON UPDATE CASCADE
) ENGINE=InnoDB DEFAULT CHARSET=utf8 COLLATE=utf8_unicode_ci;
/*!40101 SET character_set_client = @saved_cs_client */;
DROP TABLE IF EXISTS `btf_rbac_rules`;
/*!40101 SET @saved_cs_client     = @@character_set_client */;
/*!40101 SET character_set_client = utf8 */;
CREATE TABLE `btf_rbac_rules` (
  `name` varchar(64) COLLATE utf8_unicode_ci NOT NULL,
  `data` blob,
  `created_at` datetime NOT NULL DEFAULT CURRENT_TIMESTAMP,
  `updated_at` datetime NOT NULL DEFAULT CURRENT_TIMESTAMP,
  PRIMARY KEY (`name`)
) ENGINE=InnoDB DEFAULT CHARSET=utf8 COLLATE=utf8_unicode_ci;
/*!40101 SET character_set_client = @saved_cs_client */;
DROP TABLE IF EXISTS `btf_redirects`;
/*!40101 SET @saved_cs_client     = @@character_set_client */;
/*!40101 SET character_set_client = utf8 */;
CREATE TABLE `btf_redirects` (
  `id` int(11) NOT NULL AUTO_INCREMENT,
  `section` varchar(128) COLLATE utf8_unicode_ci DEFAULT NULL,
  `request_url` varchar(255) COLLATE utf8_unicode_ci NOT NULL,
  `redirect_url` varchar(255) COLLATE utf8_unicode_ci NOT NULL,
  `code` int(3) NOT NULL,
  `description` varchar(255) COLLATE utf8_unicode_ci NOT NULL,
  `is_active` tinyint(1) DEFAULT '1',
  `created_at` datetime NOT NULL DEFAULT CURRENT_TIMESTAMP,
  `updated_at` datetime DEFAULT CURRENT_TIMESTAMP,
  PRIMARY KEY (`id`),
  UNIQUE KEY `request_url` (`request_url`),
  KEY `btf_idx-redirects-requests` (`request_url`),
  KEY `btf_idx-redirects-redirects` (`redirect_url`),
  KEY `btf_idx-redirects-status` (`code`,`is_active`)
) ENGINE=InnoDB DEFAULT CHARSET=utf8 COLLATE=utf8_unicode_ci;
/*!40101 SET character_set_client = @saved_cs_client */;
DROP TABLE IF EXISTS `btf_reposts`;
/*!40101 SET @saved_cs_client     = @@character_set_client */;
/*!40101 SET character_set_client = utf8 */;
CREATE TABLE `btf_reposts` (
  `id` bigint(20) NOT NULL AUTO_INCREMENT,
  `user_id` int(11) DEFAULT NULL,
  `user_ip` varchar(39) COLLATE utf8_unicode_ci NOT NULL,
  `entity_id` varchar(32) COLLATE utf8_unicode_ci NOT NULL,
  `target_id` int(11) DEFAULT NULL,
  `created_at` datetime DEFAULT CURRENT_TIMESTAMP,
  `updated_at` datetime DEFAULT CURRENT_TIMESTAMP,
  PRIMARY KEY (`id`),
  KEY `idx_reposts_user` (`user_id`,`user_ip`),
  KEY `idx_reposts_condition` (`entity_id`,`target_id`)
) ENGINE=InnoDB DEFAULT CHARSET=utf8 COLLATE=utf8_unicode_ci;
/*!40101 SET character_set_client = @saved_cs_client */;
DROP TABLE IF EXISTS `btf_reviews`;
/*!40101 SET @saved_cs_client     = @@character_set_client */;
/*!40101 SET character_set_client = utf8 */;
CREATE TABLE `btf_reviews` (
  `id` int(11) NOT NULL AUTO_INCREMENT,
  `user_id` int(11) DEFAULT NULL,
  `name` varchar(32) COLLATE utf8_unicode_ci NOT NULL,
  `email` varchar(32) COLLATE utf8_unicode_ci NOT NULL,
  `phone` varchar(32) COLLATE utf8_unicode_ci DEFAULT NULL,
  `photo` varchar(64) COLLATE utf8_unicode_ci DEFAULT NULL,
  `condition` varchar(64) COLLATE utf8_unicode_ci NOT NULL,
  `review` text COLLATE utf8_unicode_ci,
  `rating` tinyint(1) DEFAULT '0',
  `advantages` varchar(255) COLLATE utf8_unicode_ci DEFAULT NULL,
  `disadvantages` varchar(255) COLLATE utf8_unicode_ci DEFAULT NULL,
  `created_at` datetime DEFAULT CURRENT_TIMESTAMP,
  `updated_at` datetime DEFAULT CURRENT_TIMESTAMP,
  `session` varchar(32) COLLATE utf8_unicode_ci NOT NULL,
  `is_published` tinyint(1) DEFAULT NULL,
  PRIMARY KEY (`id`),
  KEY `idx_reviews_user` (`user_id`),
  KEY `idx_reviews_name` (`name`),
  KEY `idx_reviews_email` (`email`),
  KEY `idx_reviews_condition` (`condition`),
  KEY `idx_reviews_session` (`session`),
  KEY `idx_reviews_published` (`is_published`)
) ENGINE=InnoDB DEFAULT CHARSET=utf8 COLLATE=utf8_unicode_ci;
/*!40101 SET character_set_client = @saved_cs_client */;
DROP TABLE IF EXISTS `btf_robots_rules`;
/*!40101 SET @saved_cs_client     = @@character_set_client */;
/*!40101 SET character_set_client = utf8 */;
CREATE TABLE `btf_robots_rules` (
  `id` int(11) NOT NULL AUTO_INCREMENT,
  `robot` varchar(32) COLLATE utf8_unicode_ci NOT NULL,
  `rule` varchar(255) COLLATE utf8_unicode_ci NOT NULL,
  `mode` int(11) DEFAULT '1',
  `status` tinyint(1) DEFAULT '1',
  `created_at` datetime DEFAULT CURRENT_TIMESTAMP,
  `created_by` int(11) DEFAULT NULL,
  `updated_at` datetime DEFAULT CURRENT_TIMESTAMP,
  `updated_by` int(11) DEFAULT NULL,
  PRIMARY KEY (`id`),
  KEY `idx_robots_rules` (`robot`,`rule`,`mode`),
  KEY `btf_idx-robots-author` (`created_by`,`updated_by`),
  KEY `fk_robots_to_users2` (`updated_by`),
  CONSTRAINT `fk_robots_to_users1` FOREIGN KEY (`created_by`) REFERENCES `btf_users` (`id`) ON DELETE NO ACTION ON UPDATE CASCADE,
  CONSTRAINT `fk_robots_to_users2` FOREIGN KEY (`updated_by`) REFERENCES `btf_users` (`id`) ON DELETE NO ACTION ON UPDATE CASCADE
) ENGINE=InnoDB DEFAULT CHARSET=utf8 COLLATE=utf8_unicode_ci;
/*!40101 SET character_set_client = @saved_cs_client */;
DROP TABLE IF EXISTS `btf_search`;
/*!40101 SET @saved_cs_client     = @@character_set_client */;
/*!40101 SET character_set_client = utf8 */;
CREATE TABLE `btf_search` (
  `id` int(11) NOT NULL AUTO_INCREMENT,
  `title` varchar(255) COLLATE utf8_unicode_ci NOT NULL,
  `url` varchar(1024) COLLATE utf8_unicode_ci NOT NULL,
  `context` varchar(24) COLLATE utf8_unicode_ci DEFAULT NULL,
  `hash` varchar(32) COLLATE utf8_unicode_ci NOT NULL,
  `snippets` blob,
  `locale` varchar(10) COLLATE utf8_unicode_ci DEFAULT 'en-US',
  `created_at` datetime DEFAULT CURRENT_TIMESTAMP,
  `updated_at` datetime DEFAULT CURRENT_TIMESTAMP,
  PRIMARY KEY (`id`),
  KEY `btf_idx-search` (`title`,`url`(255),`hash`,`context`,`updated_at`),
  KEY `btf_idx-search-hash` (`hash`),
  KEY `btf_idx-search-locale` (`locale`),
  CONSTRAINT `fk_search_to_langs` FOREIGN KEY (`locale`) REFERENCES `btf_trans_langs` (`locale`) ON DELETE NO ACTION ON UPDATE CASCADE
) ENGINE=InnoDB AUTO_INCREMENT=11 DEFAULT CHARSET=utf8 COLLATE=utf8_unicode_ci;
/*!40101 SET character_set_client = @saved_cs_client */;
DROP TABLE IF EXISTS `btf_search_ignored`;
/*!40101 SET @saved_cs_client     = @@character_set_client */;
/*!40101 SET character_set_client = utf8 */;
CREATE TABLE `btf_search_ignored` (
  `id` int(11) NOT NULL AUTO_INCREMENT,
  `pattern` varchar(255) COLLATE utf8_unicode_ci NOT NULL,
  `status` tinyint(1) DEFAULT '1',
  `created_at` datetime DEFAULT CURRENT_TIMESTAMP,
  `created_by` int(11) DEFAULT NULL,
  `updated_at` datetime DEFAULT CURRENT_TIMESTAMP,
  `updated_by` int(11) DEFAULT NULL,
  PRIMARY KEY (`id`),
  KEY `btf_idx-search_ignored-pattern` (`pattern`),
  KEY `btf_idx-search_ignored-author` (`created_by`,`updated_by`),
  KEY `fk_search_ignored_to_users2` (`updated_by`),
  CONSTRAINT `fk_search_ignored_to_users1` FOREIGN KEY (`created_by`) REFERENCES `btf_users` (`id`) ON DELETE NO ACTION ON UPDATE CASCADE,
  CONSTRAINT `fk_search_ignored_to_users2` FOREIGN KEY (`updated_by`) REFERENCES `btf_users` (`id`) ON DELETE NO ACTION ON UPDATE CASCADE
) ENGINE=InnoDB DEFAULT CHARSET=utf8 COLLATE=utf8_unicode_ci;
/*!40101 SET character_set_client = @saved_cs_client */;
DROP TABLE IF EXISTS `btf_search_index`;
/*!40101 SET @saved_cs_client     = @@character_set_client */;
/*!40101 SET character_set_client = utf8 */;
CREATE TABLE `btf_search_index` (
  `id` bigint(20) NOT NULL AUTO_INCREMENT,
  `item_id` int(11) NOT NULL,
  `keyword_id` bigint(20) NOT NULL,
  `weight` double DEFAULT NULL,
  PRIMARY KEY (`id`),
  KEY `btf_idx-search_index-items` (`item_id`,`keyword_id`),
  KEY `btf_idx-search_index-keywords` (`keyword_id`),
  CONSTRAINT `fk_search_index_to_keywords` FOREIGN KEY (`keyword_id`) REFERENCES `btf_search_keywords` (`id`) ON DELETE CASCADE ON UPDATE CASCADE,
  CONSTRAINT `fk_search_index_to_search` FOREIGN KEY (`item_id`) REFERENCES `btf_search` (`id`) ON DELETE CASCADE ON UPDATE CASCADE
) ENGINE=InnoDB AUTO_INCREMENT=1200 DEFAULT CHARSET=utf8 COLLATE=utf8_unicode_ci;
/*!40101 SET character_set_client = @saved_cs_client */;
DROP TABLE IF EXISTS `btf_search_keywords`;
/*!40101 SET @saved_cs_client     = @@character_set_client */;
/*!40101 SET character_set_client = utf8 */;
CREATE TABLE `btf_search_keywords` (
  `id` bigint(20) NOT NULL AUTO_INCREMENT,
  `keyword` varchar(64) COLLATE utf8_unicode_ci NOT NULL,
  PRIMARY KEY (`id`),
  KEY `btf_idx-search_keywords-keywords` (`keyword`)
) ENGINE=InnoDB AUTO_INCREMENT=572 DEFAULT CHARSET=utf8 COLLATE=utf8_unicode_ci;
/*!40101 SET character_set_client = @saved_cs_client */;
DROP TABLE IF EXISTS `btf_sitemap`;
/*!40101 SET @saved_cs_client     = @@character_set_client */;
/*!40101 SET character_set_client = utf8 */;
CREATE TABLE `btf_sitemap` (
  `id` int(11) NOT NULL AUTO_INCREMENT,
  `url` varchar(255) COLLATE utf8_unicode_ci NOT NULL,
  `changefreq` varchar(16) COLLATE utf8_unicode_ci NOT NULL,
  `priority` double NOT NULL DEFAULT '1',
  `created_at` datetime DEFAULT CURRENT_TIMESTAMP,
  `created_by` int(11) DEFAULT NULL,
  `updated_at` datetime DEFAULT CURRENT_TIMESTAMP,
  `updated_by` int(11) DEFAULT NULL,
  PRIMARY KEY (`id`),
  UNIQUE KEY `url` (`url`),
  KEY `btf_idx-sitemap-author` (`created_by`,`updated_by`),
  KEY `fk_sitemap_updated2users` (`updated_by`),
  CONSTRAINT `fk_sitemap_created2users` FOREIGN KEY (`created_by`) REFERENCES `btf_users` (`id`) ON DELETE CASCADE ON UPDATE CASCADE,
  CONSTRAINT `fk_sitemap_updated2users` FOREIGN KEY (`updated_by`) REFERENCES `btf_users` (`id`) ON DELETE CASCADE ON UPDATE CASCADE
) ENGINE=InnoDB DEFAULT CHARSET=utf8 COLLATE=utf8_unicode_ci;
/*!40101 SET character_set_client = @saved_cs_client */;
DROP TABLE IF EXISTS `btf_stats_robots`;
/*!40101 SET @saved_cs_client     = @@character_set_client */;
/*!40101 SET character_set_client = utf8 */;
CREATE TABLE `btf_stats_robots` (
  `id` int(11) NOT NULL AUTO_INCREMENT,
  `name` varchar(32) COLLATE utf8_unicode_ci NOT NULL,
  `regexp` varchar(32) COLLATE utf8_unicode_ci NOT NULL,
  `hosts` varchar(255) COLLATE utf8_unicode_ci DEFAULT NULL,
  `type` tinyint(1) DEFAULT '0',
  `is_badbot` tinyint(1) DEFAULT '0',
  PRIMARY KEY (`id`)
) ENGINE=InnoDB AUTO_INCREMENT=614 DEFAULT CHARSET=utf8 COLLATE=utf8_unicode_ci;
/*!40101 SET character_set_client = @saved_cs_client */;
DROP TABLE IF EXISTS `btf_stats_visitors`;
/*!40101 SET @saved_cs_client     = @@character_set_client */;
/*!40101 SET character_set_client = utf8 */;
CREATE TABLE `btf_stats_visitors` (
  `id` bigint(20) NOT NULL AUTO_INCREMENT,
  `request_uri` varchar(255) COLLATE utf8_unicode_ci NOT NULL,
  `remote_addr` varchar(45) COLLATE utf8_unicode_ci NOT NULL,
  `remote_host` varchar(255) COLLATE utf8_unicode_ci DEFAULT NULL,
  `user_id` int(11) DEFAULT NULL,
  `user_agent` varchar(255) COLLATE utf8_unicode_ci DEFAULT NULL,
  `referer_uri` varchar(255) COLLATE utf8_unicode_ci DEFAULT NULL,
  `referer_host` varchar(255) COLLATE utf8_unicode_ci DEFAULT NULL,
  `robot_id` int(11) DEFAULT '0',
  `https` tinyint(1) DEFAULT '0',
  `type` tinyint(1) DEFAULT '0',
  `code` smallint(3) DEFAULT NULL,
  `datetime` int(11) DEFAULT NULL,
  `session` varchar(32) COLLATE utf8_unicode_ci NOT NULL,
  `unique` tinyint(1) DEFAULT '0',
  `iso_code` varchar(3) COLLATE utf8_unicode_ci DEFAULT NULL,
  `params` text COLLATE utf8_unicode_ci,
  PRIMARY KEY (`id`),
  KEY `request` (`request_uri`),
  KEY `remote` (`remote_addr`,`remote_host`),
  KEY `referer` (`referer_uri`,`referer_host`),
  KEY `session` (`session`),
  KEY `type` (`type`),
  KEY `code` (`code`),
  KEY `robot` (`robot_id`),
  CONSTRAINT `fk_visitors_to_robots` FOREIGN KEY (`robot_id`) REFERENCES `btf_stats_robots` (`id`) ON DELETE NO ACTION ON UPDATE CASCADE
) ENGINE=InnoDB AUTO_INCREMENT=210 DEFAULT CHARSET=utf8 COLLATE=utf8_unicode_ci;
/*!40101 SET character_set_client = @saved_cs_client */;
DROP TABLE IF EXISTS `btf_subscribers`;
/*!40101 SET @saved_cs_client     = @@character_set_client */;
/*!40101 SET character_set_client = utf8 */;
CREATE TABLE `btf_subscribers` (
  `id` int(11) NOT NULL AUTO_INCREMENT,
  `name` varchar(32) COLLATE utf8_unicode_ci DEFAULT NULL,
  `email` varchar(255) COLLATE utf8_unicode_ci DEFAULT NULL,
  `list_id` int(11) DEFAULT NULL,
  `user_id` int(11) DEFAULT NULL,
  `unique_token` varchar(32) COLLATE utf8_unicode_ci DEFAULT NULL,
  `status` tinyint(1) DEFAULT '1',
  `created_at` datetime NOT NULL DEFAULT CURRENT_TIMESTAMP,
  `updated_at` datetime DEFAULT CURRENT_TIMESTAMP,
  PRIMARY KEY (`id`),
  UNIQUE KEY `unique_token` (`unique_token`),
  KEY `idx_subscribers` (`name`,`email`,`list_id`,`user_id`,`status`),
  KEY `fk_subscribers_to_list` (`list_id`),
  KEY `fk_subscribers_to_users` (`user_id`),
  CONSTRAINT `fk_subscribers_to_list` FOREIGN KEY (`list_id`) REFERENCES `btf_subscribers_list` (`id`) ON UPDATE CASCADE,
  CONSTRAINT `fk_subscribers_to_users` FOREIGN KEY (`user_id`) REFERENCES `btf_users` (`id`) ON UPDATE CASCADE
) ENGINE=InnoDB DEFAULT CHARSET=utf8 COLLATE=utf8_unicode_ci;
/*!40101 SET character_set_client = @saved_cs_client */;
DROP TABLE IF EXISTS `btf_subscribers_list`;
/*!40101 SET @saved_cs_client     = @@character_set_client */;
/*!40101 SET character_set_client = utf8 */;
CREATE TABLE `btf_subscribers_list` (
  `id` int(11) NOT NULL AUTO_INCREMENT,
  `title` varchar(255) COLLATE utf8_unicode_ci DEFAULT NULL,
  `description` text COLLATE utf8_unicode_ci,
  `status` tinyint(1) DEFAULT '1',
  `created_at` datetime DEFAULT CURRENT_TIMESTAMP,
  `created_by` int(11) DEFAULT NULL,
  `updated_at` datetime DEFAULT CURRENT_TIMESTAMP,
  `updated_by` int(11) DEFAULT NULL,
  PRIMARY KEY (`id`),
  KEY `idx_subscribers_list` (`title`,`status`)
) ENGINE=InnoDB DEFAULT CHARSET=utf8 COLLATE=utf8_unicode_ci;
/*!40101 SET character_set_client = @saved_cs_client */;
DROP TABLE IF EXISTS `btf_tasks`;
/*!40101 SET @saved_cs_client     = @@character_set_client */;
/*!40101 SET character_set_client = utf8 */;
CREATE TABLE `btf_tasks` (
  `id` int(11) NOT NULL AUTO_INCREMENT,
  `title` varchar(255) COLLATE utf8_unicode_ci DEFAULT NULL,
  `description` text COLLATE utf8_unicode_ci,
  `ticket_id` int(11) DEFAULT NULL,
  `owner_id` int(11) NOT NULL,
  `executor_id` int(11) DEFAULT NULL,
  `deadline_at` datetime DEFAULT CURRENT_TIMESTAMP,
  `started_at` datetime DEFAULT CURRENT_TIMESTAMP,
  `completed_at` datetime DEFAULT CURRENT_TIMESTAMP,
  `created_at` datetime NOT NULL DEFAULT CURRENT_TIMESTAMP,
  `updated_at` datetime DEFAULT CURRENT_TIMESTAMP,
  `status` int(2) NOT NULL DEFAULT '10',
  PRIMARY KEY (`id`),
  KEY `idx_tasks` (`title`,`ticket_id`,`owner_id`,`executor_id`)
) ENGINE=InnoDB AUTO_INCREMENT=11 DEFAULT CHARSET=utf8 COLLATE=utf8_unicode_ci;
/*!40101 SET character_set_client = @saved_cs_client */;
DROP TABLE IF EXISTS `btf_tasks_subunits`;
/*!40101 SET @saved_cs_client     = @@character_set_client */;
/*!40101 SET character_set_client = utf8 */;
CREATE TABLE `btf_tasks_subunits` (
  `id` int(11) NOT NULL AUTO_INCREMENT,
  `title` varchar(255) COLLATE utf8_unicode_ci DEFAULT NULL,
  `description` text COLLATE utf8_unicode_ci,
  `owner_id` int(11) NOT NULL,
  `users_id` text COLLATE utf8_unicode_ci,
  `created_at` datetime NOT NULL DEFAULT CURRENT_TIMESTAMP,
  `updated_at` datetime DEFAULT CURRENT_TIMESTAMP,
  `status` int(2) NOT NULL DEFAULT '10',
  PRIMARY KEY (`id`),
  KEY `idx_tasks_subunits` (`title`,`owner_id`)
) ENGINE=InnoDB AUTO_INCREMENT=4 DEFAULT CHARSET=utf8 COLLATE=utf8_unicode_ci;
/*!40101 SET character_set_client = @saved_cs_client */;
DROP TABLE IF EXISTS `btf_tasks_workflow`;
/*!40101 SET @saved_cs_client     = @@character_set_client */;
/*!40101 SET character_set_client = utf8 */;
CREATE TABLE `btf_tasks_workflow` (
  `id` int(11) NOT NULL AUTO_INCREMENT,
  `task_id` int(11) NOT NULL,
  `owner_id` int(11) NOT NULL,
  `assigned_id` int(11) NOT NULL,
  `description` text COLLATE utf8_unicode_ci,
  `deadline_at` datetime DEFAULT CURRENT_TIMESTAMP,
  `started_at` datetime DEFAULT CURRENT_TIMESTAMP,
  `completed_at` datetime DEFAULT CURRENT_TIMESTAMP,
  `created_at` datetime NOT NULL DEFAULT CURRENT_TIMESTAMP,
  `updated_at` datetime DEFAULT CURRENT_TIMESTAMP,
  `status` int(2) NOT NULL DEFAULT '10',
  PRIMARY KEY (`id`),
  KEY `idx_tasks_workflow` (`task_id`,`owner_id`,`assigned_id`),
  CONSTRAINT `fk_workflow_to_tasks` FOREIGN KEY (`task_id`) REFERENCES `btf_tasks` (`id`) ON UPDATE CASCADE
) ENGINE=InnoDB AUTO_INCREMENT=6 DEFAULT CHARSET=utf8 COLLATE=utf8_unicode_ci;
/*!40101 SET character_set_client = @saved_cs_client */;
DROP TABLE IF EXISTS `btf_tickets`;
/*!40101 SET @saved_cs_client     = @@character_set_client */;
/*!40101 SET character_set_client = utf8 */;
CREATE TABLE `btf_tickets` (
  `id` int(11) NOT NULL AUTO_INCREMENT,
  `subject` varchar(255) COLLATE utf8_unicode_ci DEFAULT NULL,
  `message` text COLLATE utf8_unicode_ci,
  `user_id` int(11) DEFAULT NULL,
  `assigned_id` int(11) DEFAULT NULL,
  `task_id` int(11) DEFAULT NULL,
  `subunit_id` int(11) DEFAULT NULL,
  `access_token` varchar(255) COLLATE utf8_unicode_ci DEFAULT NULL,
  `created_at` datetime NOT NULL DEFAULT CURRENT_TIMESTAMP,
  `updated_at` datetime DEFAULT CURRENT_TIMESTAMP,
  `label` int(2) NOT NULL DEFAULT '1',
  `status` int(2) NOT NULL DEFAULT '10',
  PRIMARY KEY (`id`),
  KEY `fk_tickets_to_tasks` (`task_id`),
  CONSTRAINT `fk_tickets_to_tasks` FOREIGN KEY (`task_id`) REFERENCES `btf_tasks` (`id`) ON DELETE SET NULL ON UPDATE CASCADE
) ENGINE=InnoDB AUTO_INCREMENT=11 DEFAULT CHARSET=utf8 COLLATE=utf8_unicode_ci;
/*!40101 SET character_set_client = @saved_cs_client */;
DROP TABLE IF EXISTS `btf_tickets_attachments`;
/*!40101 SET @saved_cs_client     = @@character_set_client */;
/*!40101 SET character_set_client = utf8 */;
CREATE TABLE `btf_tickets_attachments` (
  `id` int(11) NOT NULL AUTO_INCREMENT,
  `ticket_id` int(11) NOT NULL,
  `sender_id` int(11) DEFAULT NULL,
  `filename` varchar(64) COLLATE utf8_unicode_ci DEFAULT NULL,
  `created_at` datetime NOT NULL DEFAULT CURRENT_TIMESTAMP,
  `updated_at` datetime DEFAULT CURRENT_TIMESTAMP,
  `status` int(2) NOT NULL DEFAULT '10',
  PRIMARY KEY (`id`),
  KEY `idx_tickets_attachments` (`id`,`ticket_id`,`sender_id`),
  KEY `fk_attachments_to_tickets` (`ticket_id`),
  CONSTRAINT `fk_attachments_to_tickets` FOREIGN KEY (`ticket_id`) REFERENCES `btf_tickets` (`id`) ON UPDATE CASCADE
) ENGINE=InnoDB AUTO_INCREMENT=6 DEFAULT CHARSET=utf8 COLLATE=utf8_unicode_ci;
/*!40101 SET character_set_client = @saved_cs_client */;
DROP TABLE IF EXISTS `btf_tickets_messages`;
/*!40101 SET @saved_cs_client     = @@character_set_client */;
/*!40101 SET character_set_client = utf8 */;
CREATE TABLE `btf_tickets_messages` (
  `id` int(11) NOT NULL AUTO_INCREMENT,
  `ticket_id` int(11) NOT NULL,
  `sender_id` int(11) DEFAULT NULL,
  `message` text COLLATE utf8_unicode_ci,
  `created_at` datetime NOT NULL DEFAULT CURRENT_TIMESTAMP,
  `updated_at` datetime DEFAULT CURRENT_TIMESTAMP,
  `attachment_id` int(11) DEFAULT NULL,
  PRIMARY KEY (`id`),
  KEY `idx_tickets_messages` (`id`,`ticket_id`,`sender_id`),
  KEY `fk_messages_to_tickets` (`ticket_id`),
  KEY `fk_messages_to_attachments` (`attachment_id`),
  CONSTRAINT `fk_messages_to_attachments` FOREIGN KEY (`attachment_id`) REFERENCES `btf_tickets_attachments` (`id`) ON DELETE SET NULL ON UPDATE CASCADE,
  CONSTRAINT `fk_messages_to_tickets` FOREIGN KEY (`ticket_id`) REFERENCES `btf_tickets` (`id`) ON UPDATE CASCADE
) ENGINE=InnoDB AUTO_INCREMENT=6 DEFAULT CHARSET=utf8 COLLATE=utf8_unicode_ci;
/*!40101 SET character_set_client = @saved_cs_client */;
DROP TABLE IF EXISTS `btf_trans_langs`;
/*!40101 SET @saved_cs_client     = @@character_set_client */;
/*!40101 SET character_set_client = utf8 */;
CREATE TABLE `btf_trans_langs` (
  `id` int(11) NOT NULL AUTO_INCREMENT,
  `url` varchar(3) COLLATE utf8_unicode_ci DEFAULT NULL,
  `locale` varchar(10) COLLATE utf8_unicode_ci DEFAULT NULL,
  `name` varchar(64) COLLATE utf8_unicode_ci DEFAULT NULL,
  `is_default` tinyint(1) DEFAULT '0',
  `is_system` tinyint(1) DEFAULT '0',
  `is_frontend` tinyint(1) DEFAULT '0',
  `status` tinyint(1) DEFAULT '0',
  `created_at` datetime NOT NULL DEFAULT CURRENT_TIMESTAMP,
  `created_by` int(11) DEFAULT NULL,
  `updated_at` datetime DEFAULT CURRENT_TIMESTAMP,
  `updated_by` int(11) DEFAULT NULL,
  PRIMARY KEY (`id`),
  UNIQUE KEY `locale` (`locale`),
  KEY `btf_idx-trans-langs` (`id`,`url`,`locale`,`name`),
  KEY `btf_idx-trans-langs-frontend` (`is_frontend`),
  KEY `btf_idx-trans-langs-locale` (`locale`)
) ENGINE=InnoDB AUTO_INCREMENT=4 DEFAULT CHARSET=utf8 COLLATE=utf8_unicode_ci;
/*!40101 SET character_set_client = @saved_cs_client */;
DROP TABLE IF EXISTS `btf_trans_messages`;
/*!40101 SET @saved_cs_client     = @@character_set_client */;
/*!40101 SET character_set_client = utf8 */;
CREATE TABLE `btf_trans_messages` (
  `id` int(11) NOT NULL,
  `language` varchar(16) COLLATE utf8_unicode_ci DEFAULT NULL,
  `translation` text COLLATE utf8_unicode_ci,
  `status` tinyint(1) DEFAULT '0',
  `created_at` datetime NOT NULL DEFAULT CURRENT_TIMESTAMP,
  `created_by` int(11) DEFAULT NULL,
  `updated_at` datetime DEFAULT CURRENT_TIMESTAMP,
  `updated_by` int(11) DEFAULT NULL,
  KEY `btf_idx-trans-messages` (`id`,`language`,`translation`(255),`status`),
  CONSTRAINT `fk_trans_messages_to_source` FOREIGN KEY (`id`) REFERENCES `btf_trans_sources` (`id`) ON UPDATE CASCADE
) ENGINE=InnoDB DEFAULT CHARSET=utf8 COLLATE=utf8_unicode_ci;
/*!40101 SET character_set_client = @saved_cs_client */;
DROP TABLE IF EXISTS `btf_trans_sources`;
/*!40101 SET @saved_cs_client     = @@character_set_client */;
/*!40101 SET character_set_client = utf8 */;
CREATE TABLE `btf_trans_sources` (
  `id` int(11) NOT NULL AUTO_INCREMENT,
  `language` varchar(16) COLLATE utf8_unicode_ci DEFAULT NULL,
  `category` varchar(255) COLLATE utf8_unicode_ci DEFAULT NULL,
  `alias` varchar(32) COLLATE utf8_unicode_ci DEFAULT NULL,
  `message` text COLLATE utf8_unicode_ci,
  `created_at` datetime NOT NULL DEFAULT CURRENT_TIMESTAMP,
  `created_by` int(11) DEFAULT NULL,
  `updated_at` datetime DEFAULT CURRENT_TIMESTAMP,
  `updated_by` int(11) DEFAULT NULL,
  PRIMARY KEY (`id`),
  KEY `btf_idx-trans-sources` (`id`,`category`,`language`,`alias`,`message`(255))
) ENGINE=InnoDB DEFAULT CHARSET=utf8 COLLATE=utf8_unicode_ci;
/*!40101 SET character_set_client = @saved_cs_client */;
DROP TABLE IF EXISTS `btf_users`;
/*!40101 SET @saved_cs_client     = @@character_set_client */;
/*!40101 SET character_set_client = utf8 */;
CREATE TABLE `btf_users` (
  `id` int(11) NOT NULL AUTO_INCREMENT,
  `username` varchar(255) COLLATE utf8_unicode_ci NOT NULL,
  `auth_key` varchar(32) COLLATE utf8_unicode_ci NOT NULL,
  `password_hash` varchar(255) COLLATE utf8_unicode_ci NOT NULL,
  `password_reset_token` varchar(255) COLLATE utf8_unicode_ci DEFAULT NULL,
  `email` varchar(255) COLLATE utf8_unicode_ci NOT NULL,
  `email_confirm_token` varchar(255) COLLATE utf8_unicode_ci DEFAULT NULL,
  `status` smallint(6) NOT NULL DEFAULT '0',
  `options` json DEFAULT NULL,
  `created_at` datetime NOT NULL DEFAULT CURRENT_TIMESTAMP,
  `updated_at` datetime DEFAULT CURRENT_TIMESTAMP,
  `lastseen_at` datetime DEFAULT CURRENT_TIMESTAMP,
  PRIMARY KEY (`id`),
  UNIQUE KEY `username` (`username`),
  UNIQUE KEY `email` (`email`),
  UNIQUE KEY `password_reset_token` (`password_reset_token`),
  UNIQUE KEY `email_confirm_token` (`email_confirm_token`)
) ENGINE=InnoDB AUTO_INCREMENT=106 DEFAULT CHARSET=utf8 COLLATE=utf8_unicode_ci;
/*!40101 SET character_set_client = @saved_cs_client */;
DROP TABLE IF EXISTS `btf_views`;
/*!40101 SET @saved_cs_client     = @@character_set_client */;
/*!40101 SET character_set_client = utf8 */;
CREATE TABLE `btf_views` (
  `id` bigint(20) NOT NULL AUTO_INCREMENT,
  `context` varchar(32) COLLATE utf8_unicode_ci NOT NULL,
  `target` varchar(128) COLLATE utf8_unicode_ci NOT NULL,
  `counter` int(11) DEFAULT '1',
  `params` text COLLATE utf8_unicode_ci NOT NULL,
  `user_id` int(11) DEFAULT NULL,
  `created_at` datetime DEFAULT CURRENT_TIMESTAMP,
  `updated_at` datetime DEFAULT CURRENT_TIMESTAMP,
  PRIMARY KEY (`id`),
  KEY `idx_views_user` (`user_id`),
  KEY `idx_views_condition` (`context`,`target`),
  CONSTRAINT `fk_views_to_users` FOREIGN KEY (`user_id`) REFERENCES `btf_users` (`id`) ON DELETE NO ACTION ON UPDATE CASCADE
) ENGINE=InnoDB DEFAULT CHARSET=utf8 COLLATE=utf8_unicode_ci;
/*!40101 SET character_set_client = @saved_cs_client */;
DROP TABLE IF EXISTS `btf_votes`;
/*!40101 SET @saved_cs_client     = @@character_set_client */;
/*!40101 SET character_set_client = utf8 */;
CREATE TABLE `btf_votes` (
  `id` bigint(20) NOT NULL AUTO_INCREMENT,
  `user_id` int(11) DEFAULT NULL,
  `user_ip` varchar(39) COLLATE utf8_unicode_ci NOT NULL,
  `entity_id` varchar(32) COLLATE utf8_unicode_ci NOT NULL,
  `target_id` int(11) DEFAULT NULL,
  `vote_value` tinyint(1) DEFAULT '0',
  `created_at` datetime DEFAULT CURRENT_TIMESTAMP,
  `updated_at` datetime DEFAULT CURRENT_TIMESTAMP,
  PRIMARY KEY (`id`),
  KEY `idx_votes_user` (`user_id`,`user_ip`),
  KEY `idx_votes_condition` (`entity_id`,`target_id`),
  KEY `idx_votes_vote` (`vote_value`)
) ENGINE=InnoDB DEFAULT CHARSET=utf8 COLLATE=utf8_unicode_ci;
/*!40101 SET character_set_client = @saved_cs_client */;
/*!50112 SET @disable_bulk_load = IF (@is_rocksdb_supported, 'SET SESSION rocksdb_bulk_load = @old_rocksdb_bulk_load', 'SET @dummy_rocksdb_bulk_load = 0') */;
/*!50112 PREPARE s FROM @disable_bulk_load */;
/*!50112 EXECUTE s */;
/*!50112 DEALLOCATE PREPARE s */;
/*!40103 SET TIME_ZONE=@OLD_TIME_ZONE */;

/*!40101 SET SQL_MODE=@OLD_SQL_MODE */;
/*!40014 SET FOREIGN_KEY_CHECKS=@OLD_FOREIGN_KEY_CHECKS */;
/*!40014 SET UNIQUE_CHECKS=@OLD_UNIQUE_CHECKS */;
/*!40101 SET CHARACTER_SET_CLIENT=@OLD_CHARACTER_SET_CLIENT */;
/*!40101 SET CHARACTER_SET_RESULTS=@OLD_CHARACTER_SET_RESULTS */;
/*!40101 SET COLLATION_CONNECTION=@OLD_COLLATION_CONNECTION */;
/*!40111 SET SQL_NOTES=@OLD_SQL_NOTES */;


/*!40101 SET @OLD_CHARACTER_SET_CLIENT=@@CHARACTER_SET_CLIENT */;
/*!40101 SET @OLD_CHARACTER_SET_RESULTS=@@CHARACTER_SET_RESULTS */;
/*!40101 SET @OLD_COLLATION_CONNECTION=@@COLLATION_CONNECTION */;
/*!40101 SET NAMES utf8mb4 */;
/*!40103 SET @OLD_TIME_ZONE=@@TIME_ZONE */;
/*!40103 SET TIME_ZONE='+00:00' */;
/*!40014 SET @OLD_UNIQUE_CHECKS=@@UNIQUE_CHECKS, UNIQUE_CHECKS=0 */;
/*!40014 SET @OLD_FOREIGN_KEY_CHECKS=@@FOREIGN_KEY_CHECKS, FOREIGN_KEY_CHECKS=0 */;
/*!40101 SET @OLD_SQL_MODE=@@SQL_MODE, SQL_MODE='NO_AUTO_VALUE_ON_ZERO' */;
/*!40111 SET @OLD_SQL_NOTES=@@SQL_NOTES, SQL_NOTES=0 */;
/*!50717 SELECT COUNT(*) INTO @rocksdb_has_p_s_session_variables FROM INFORMATION_SCHEMA.TABLES WHERE TABLE_SCHEMA = 'performance_schema' AND TABLE_NAME = 'session_variables' */;
/*!50717 SET @rocksdb_get_is_supported = IF (@rocksdb_has_p_s_session_variables, 'SELECT COUNT(*) INTO @rocksdb_is_supported FROM performance_schema.session_variables WHERE VARIABLE_NAME=\'rocksdb_bulk_load\'', 'SELECT 0') */;
/*!50717 PREPARE s FROM @rocksdb_get_is_supported */;
/*!50717 EXECUTE s */;
/*!50717 DEALLOCATE PREPARE s */;
/*!50717 SET @rocksdb_enable_bulk_load = IF (@rocksdb_is_supported, 'SET SESSION rocksdb_bulk_load = 1', 'SET @rocksdb_dummy_bulk_load = 0') */;
/*!50717 PREPARE s FROM @rocksdb_enable_bulk_load */;
/*!50717 EXECUTE s */;
/*!50717 DEALLOCATE PREPARE s */;

LOCK TABLES `btf_activity` WRITE;
/*!40000 ALTER TABLE `btf_activity` DISABLE KEYS */;
INSERT INTO `btf_activity` VALUES (1,'info','User `admin` has successfully login.',100,1688997492,'login','a:5:{s:3:\"uri\";s:41:\"https://demo.butterflycms.com/admin/login\";s:8:\"refferer\";s:41:\"https://demo.butterflycms.com/admin/login\";s:6:\"status\";i:200;s:5:\"route\";s:17:\"admin/admin/login\";i:0;a:1:{s:7:\"user_ip\";s:13:\"179.104.32.74\";}}'),(2,'info','User `admin` has successfully login.',100,1688997493,'login','a:5:{s:3:\"uri\";s:41:\"https://demo.butterflycms.com/admin/login\";s:8:\"refferer\";s:41:\"https://demo.butterflycms.com/admin/login\";s:6:\"status\";i:200;s:5:\"route\";s:17:\"admin/admin/login\";i:0;a:1:{s:7:\"user_ip\";s:13:\"179.104.32.74\";}}'),(3,'success','New page `Home` with ID `1` has been successfully added.',100,1689055162,'admin/pages/pages:create','a:4:{s:3:\"uri\";s:54:\"https://demo.butterflycms.com/admin/pages/pages/create\";s:8:\"refferer\";s:54:\"https://demo.butterflycms.com/admin/pages/pages/create\";s:6:\"status\";i:200;s:5:\"route\";s:24:\"admin/pages/pages/create\";}'),(4,'danger','An error occurred while update the page `Home` with ID `1`.',100,1689055185,'admin/pages/pages:update','a:4:{s:3:\"uri\";s:56:\"https://demo.butterflycms.com/admin/pages/pages/update/1\";s:8:\"refferer\";s:56:\"https://demo.butterflycms.com/admin/pages/pages/update/1\";s:6:\"status\";i:200;s:5:\"route\";s:24:\"admin/pages/pages/update\";}'),(5,'success','New page `` with ID `2` has been successfully added.',100,1689055372,'admin/pages/pages:create','a:4:{s:3:\"uri\";s:79:\"https://demo.butterflycms.com/admin/pages/pages/create?source_id=1&locale=ru-RU\";s:8:\"refferer\";s:79:\"https://demo.butterflycms.com/admin/pages/pages/create?source_id=1&locale=ru-RU\";s:6:\"status\";i:200;s:5:\"route\";s:24:\"admin/pages/pages/create\";}'),(6,'success','New page `` with ID `3` has been successfully added.',100,1689055540,'admin/pages/pages:create','a:4:{s:3:\"uri\";s:79:\"https://demo.butterflycms.com/admin/pages/pages/create?source_id=1&locale=uk-UA\";s:8:\"refferer\";s:79:\"https://demo.butterflycms.com/admin/pages/pages/create?source_id=1&locale=uk-UA\";s:6:\"status\";i:200;s:5:\"route\";s:24:\"admin/pages/pages/create\";}'),(7,'success','Page `` with ID `2` has been successfully updated.',100,1689055581,'admin/pages/pages:update','a:4:{s:3:\"uri\";s:69:\"https://demo.butterflycms.com/admin/pages/pages/update/1?locale=ru-RU\";s:8:\"refferer\";s:69:\"https://demo.butterflycms.com/admin/pages/pages/update/1?locale=ru-RU\";s:6:\"status\";i:200;s:5:\"route\";s:24:\"admin/pages/pages/update\";}'),(8,'danger','An error occurred while update the page `Home` with ID `1`.',100,1689055636,'admin/pages/pages:update','a:4:{s:3:\"uri\";s:56:\"https://demo.butterflycms.com/admin/pages/pages/update/1\";s:8:\"refferer\";s:56:\"https://demo.butterflycms.com/admin/pages/pages/update/1\";s:6:\"status\";i:200;s:5:\"route\";s:24:\"admin/pages/pages/update\";}'),(9,'danger','An error occurred while update the page `Home` with ID `1`.',100,1689055706,'admin/pages/pages:update','a:4:{s:3:\"uri\";s:56:\"https://demo.butterflycms.com/admin/pages/pages/update/1\";s:8:\"refferer\";s:56:\"https://demo.butterflycms.com/admin/pages/pages/update/1\";s:6:\"status\";i:200;s:5:\"route\";s:24:\"admin/pages/pages/update\";}'),(10,'danger','An error occurred while update the page `Home` with ID `1`.',100,1689055758,'admin/pages/pages:update','a:4:{s:3:\"uri\";s:56:\"https://demo.butterflycms.com/admin/pages/pages/update/1\";s:8:\"refferer\";s:56:\"https://demo.butterflycms.com/admin/pages/pages/update/1\";s:6:\"status\";i:200;s:5:\"route\";s:24:\"admin/pages/pages/update\";}'),(11,'success','New menu `Main Menu` with ID `1` has been successfully added.',100,1689061412,'admin/menu/list:create','a:4:{s:3:\"uri\";s:52:\"https://demo.butterflycms.com/admin/menu/list/create\";s:8:\"refferer\";s:52:\"https://demo.butterflycms.com/admin/menu/list/create\";s:6:\"status\";i:200;s:5:\"route\";s:22:\"admin/menu/list/create\";}'),(12,'success','New menu ` ` with ID `2` has been successfully added.',100,1689061446,'admin/menu/list:create','a:4:{s:3:\"uri\";s:77:\"https://demo.butterflycms.com/admin/menu/list/create?source_id=1&locale=ru-RU\";s:8:\"refferer\";s:77:\"https://demo.butterflycms.com/admin/menu/list/create?source_id=1&locale=ru-RU\";s:6:\"status\";i:200;s:5:\"route\";s:22:\"admin/menu/list/create\";}'),(13,'success','New menu ` ` with ID `3` has been successfully added.',100,1689061460,'admin/menu/list:create','a:4:{s:3:\"uri\";s:77:\"https://demo.butterflycms.com/admin/menu/list/create?source_id=1&locale=uk-UA\";s:8:\"refferer\";s:77:\"https://demo.butterflycms.com/admin/menu/list/create?source_id=1&locale=uk-UA\";s:6:\"status\";i:200;s:5:\"route\";s:22:\"admin/menu/list/create\";}'),(14,'success','Menu `Main Menu` with ID `1` has been successfully updated.',100,1689061514,'admin/menu/list:update','a:4:{s:3:\"uri\";s:67:\"https://demo.butterflycms.com/admin/menu/list/update/1?use_locale=0\";s:8:\"refferer\";s:67:\"https://demo.butterflycms.com/admin/menu/list/update/1?use_locale=0\";s:6:\"status\";i:200;s:5:\"route\";s:22:\"admin/menu/list/update\";}'),(15,'success','Menu ` ` with ID `2` has been successfully updated.',100,1689061531,'admin/menu/list:update','a:4:{s:3:\"uri\";s:67:\"https://demo.butterflycms.com/admin/menu/list/update/1?locale=ru-RU\";s:8:\"refferer\";s:67:\"https://demo.butterflycms.com/admin/menu/list/update/1?locale=ru-RU\";s:6:\"status\";i:200;s:5:\"route\";s:22:\"admin/menu/list/update\";}'),(16,'success','Menu ` ` with ID `3` has been successfully updated.',100,1689061574,'admin/menu/list:update','a:4:{s:3:\"uri\";s:67:\"https://demo.butterflycms.com/admin/menu/list/update/1?locale=uk-UA\";s:8:\"refferer\";s:67:\"https://demo.butterflycms.com/admin/menu/list/update/1?locale=uk-UA\";s:6:\"status\";i:200;s:5:\"route\";s:22:\"admin/menu/list/update\";}'),(17,'danger','An error occurred while add the new page: About',100,1689062019,'admin/pages/pages:create','a:4:{s:3:\"uri\";s:54:\"https://demo.butterflycms.com/admin/pages/pages/create\";s:8:\"refferer\";s:54:\"https://demo.butterflycms.com/admin/pages/pages/create\";s:6:\"status\";i:200;s:5:\"route\";s:24:\"admin/pages/pages/create\";}'),(18,'danger','An error occurred while add the new page: About',100,1689062090,'admin/pages/pages:create','a:4:{s:3:\"uri\";s:54:\"https://demo.butterflycms.com/admin/pages/pages/create\";s:8:\"refferer\";s:54:\"https://demo.butterflycms.com/admin/pages/pages/create\";s:6:\"status\";i:200;s:5:\"route\";s:24:\"admin/pages/pages/create\";}'),(19,'danger','An error occurred while add the new page: About',100,1689062115,'admin/pages/pages:create','a:4:{s:3:\"uri\";s:54:\"https://demo.butterflycms.com/admin/pages/pages/create\";s:8:\"refferer\";s:54:\"https://demo.butterflycms.com/admin/pages/pages/create\";s:6:\"status\";i:200;s:5:\"route\";s:24:\"admin/pages/pages/create\";}'),(20,'danger','An error occurred while add the new page: About',100,1689062141,'admin/pages/pages:create','a:4:{s:3:\"uri\";s:54:\"https://demo.butterflycms.com/admin/pages/pages/create\";s:8:\"refferer\";s:54:\"https://demo.butterflycms.com/admin/pages/pages/create\";s:6:\"status\";i:200;s:5:\"route\";s:24:\"admin/pages/pages/create\";}'),(21,'danger','An error occurred while add the new page: About',100,1689062177,'admin/pages/pages:create','a:4:{s:3:\"uri\";s:54:\"https://demo.butterflycms.com/admin/pages/pages/create\";s:8:\"refferer\";s:54:\"https://demo.butterflycms.com/admin/pages/pages/create\";s:6:\"status\";i:200;s:5:\"route\";s:24:\"admin/pages/pages/create\";}'),(22,'danger','An error occurred while add the new page: About',100,1689062216,'admin/pages/pages:create','a:4:{s:3:\"uri\";s:54:\"https://demo.butterflycms.com/admin/pages/pages/create\";s:8:\"refferer\";s:54:\"https://demo.butterflycms.com/admin/pages/pages/create\";s:6:\"status\";i:200;s:5:\"route\";s:24:\"admin/pages/pages/create\";}'),(23,'danger','An error occurred while add the new page: About',100,1689062288,'admin/pages/pages:create','a:4:{s:3:\"uri\";s:54:\"https://demo.butterflycms.com/admin/pages/pages/create\";s:8:\"refferer\";s:54:\"https://demo.butterflycms.com/admin/pages/pages/create\";s:6:\"status\";i:200;s:5:\"route\";s:24:\"admin/pages/pages/create\";}'),(24,'danger','An error occurred while add the new page: About',100,1689062601,'admin/pages/pages:create','a:4:{s:3:\"uri\";s:54:\"https://demo.butterflycms.com/admin/pages/pages/create\";s:8:\"refferer\";s:54:\"https://demo.butterflycms.com/admin/pages/pages/create\";s:6:\"status\";i:200;s:5:\"route\";s:24:\"admin/pages/pages/create\";}'),(25,'danger','An error occurred while add the new page: About',100,1689062640,'admin/pages/pages:create','a:4:{s:3:\"uri\";s:54:\"https://demo.butterflycms.com/admin/pages/pages/create\";s:8:\"refferer\";s:54:\"https://demo.butterflycms.com/admin/pages/pages/create\";s:6:\"status\";i:200;s:5:\"route\";s:24:\"admin/pages/pages/create\";}'),(26,'danger','An error occurred while add the new page: About',100,1689062701,'admin/pages/pages:create','a:4:{s:3:\"uri\";s:54:\"https://demo.butterflycms.com/admin/pages/pages/create\";s:8:\"refferer\";s:54:\"https://demo.butterflycms.com/admin/pages/pages/create\";s:6:\"status\";i:200;s:5:\"route\";s:24:\"admin/pages/pages/create\";}'),(27,'success','New page `About` with ID `4` has been successfully added.',100,1689062719,'admin/pages/pages:create','a:4:{s:3:\"uri\";s:54:\"https://demo.butterflycms.com/admin/pages/pages/create\";s:8:\"refferer\";s:54:\"https://demo.butterflycms.com/admin/pages/pages/create\";s:6:\"status\";i:200;s:5:\"route\";s:24:\"admin/pages/pages/create\";}'),(28,'success','New page ` ` with ID `5` has been successfully added.',100,1689062825,'admin/pages/pages:create','a:4:{s:3:\"uri\";s:79:\"https://demo.butterflycms.com/admin/pages/pages/create?source_id=4&locale=ru-RU\";s:8:\"refferer\";s:79:\"https://demo.butterflycms.com/admin/pages/pages/create?source_id=4&locale=ru-RU\";s:6:\"status\";i:200;s:5:\"route\";s:24:\"admin/pages/pages/create\";}'),(29,'success','New page ` ` with ID `6` has been successfully added.',100,1689062894,'admin/pages/pages:create','a:4:{s:3:\"uri\";s:79:\"https://demo.butterflycms.com/admin/pages/pages/create?source_id=4&locale=uk-UA\";s:8:\"refferer\";s:79:\"https://demo.butterflycms.com/admin/pages/pages/create?source_id=4&locale=uk-UA\";s:6:\"status\";i:200;s:5:\"route\";s:24:\"admin/pages/pages/create\";}'),(30,'success','Menu `Main Menu` with ID `1` has been successfully updated.',100,1689062929,'admin/menu/list:update','a:4:{s:3:\"uri\";s:54:\"https://demo.butterflycms.com/admin/menu/list/update/1\";s:8:\"refferer\";s:54:\"https://demo.butterflycms.com/admin/menu/list/update/1\";s:6:\"status\";i:200;s:5:\"route\";s:22:\"admin/menu/list/update\";}'),(31,'success','Menu ` ` with ID `2` has been successfully updated.',100,1689062942,'admin/menu/list:update','a:4:{s:3:\"uri\";s:67:\"https://demo.butterflycms.com/admin/menu/list/update/1?locale=ru-RU\";s:8:\"refferer\";s:67:\"https://demo.butterflycms.com/admin/menu/list/update/1?locale=ru-RU\";s:6:\"status\";i:200;s:5:\"route\";s:22:\"admin/menu/list/update\";}'),(32,'success','Menu ` ` with ID `2` has been successfully updated.',100,1689062955,'admin/menu/list:update','a:4:{s:3:\"uri\";s:54:\"https://demo.butterflycms.com/admin/menu/list/update/2\";s:8:\"refferer\";s:54:\"https://demo.butterflycms.com/admin/menu/list/update/2\";s:6:\"status\";i:200;s:5:\"route\";s:22:\"admin/menu/list/update\";}'),(33,'success','Menu ` ` with ID `3` has been successfully updated.',100,1689062969,'admin/menu/list:update','a:4:{s:3:\"uri\";s:67:\"https://demo.butterflycms.com/admin/menu/list/update/1?locale=uk-UA\";s:8:\"refferer\";s:67:\"https://demo.butterflycms.com/admin/menu/list/update/1?locale=uk-UA\";s:6:\"status\";i:200;s:5:\"route\";s:22:\"admin/menu/list/update\";}'),(34,'success','News post `Run Demo site` with ID `1` has been successfully added.',100,1689063444,'admin/news/news:create','a:4:{s:3:\"uri\";s:52:\"https://demo.butterflycms.com/admin/news/news/create\";s:8:\"refferer\";s:52:\"https://demo.butterflycms.com/admin/news/news/create\";s:6:\"status\";i:200;s:5:\"route\";s:22:\"admin/news/news/create\";}'),(35,'success','News post ` -` with ID `2` has been successfully added.',100,1689065446,'admin/news/news:create','a:4:{s:3:\"uri\";s:77:\"https://demo.butterflycms.com/admin/news/news/create?source_id=1&locale=ru-RU\";s:8:\"refferer\";s:77:\"https://demo.butterflycms.com/admin/news/news/create?source_id=1&locale=ru-RU\";s:6:\"status\";i:200;s:5:\"route\";s:22:\"admin/news/news/create\";}'),(36,'success','News post ` -` with ID `3` has been successfully added.',100,1689065598,'admin/news/news:create','a:4:{s:3:\"uri\";s:77:\"https://demo.butterflycms.com/admin/news/news/create?source_id=1&locale=uk-UA\";s:8:\"refferer\";s:77:\"https://demo.butterflycms.com/admin/news/news/create?source_id=1&locale=uk-UA\";s:6:\"status\";i:200;s:5:\"route\";s:22:\"admin/news/news/create\";}'),(37,'success','Category `Innovations` with ID `2` has been successfully added.',100,1689066298,'admin/blog/cats:create','a:4:{s:3:\"uri\";s:52:\"https://demo.butterflycms.com/admin/blog/cats/create\";s:8:\"refferer\";s:52:\"https://demo.butterflycms.com/admin/blog/cats/create\";s:6:\"status\";i:200;s:5:\"route\";s:22:\"admin/blog/cats/create\";}'),(38,'success','Category `` with ID `3` has been successfully added.',100,1689066345,'admin/blog/cats:create','a:4:{s:3:\"uri\";s:77:\"https://demo.butterflycms.com/admin/blog/cats/create?source_id=2&locale=ru-RU\";s:8:\"refferer\";s:77:\"https://demo.butterflycms.com/admin/blog/cats/create?source_id=2&locale=ru-RU\";s:6:\"status\";i:200;s:5:\"route\";s:22:\"admin/blog/cats/create\";}'),(39,'success','Category `` with ID `4` has been successfully added.',100,1689066375,'admin/blog/cats:create','a:4:{s:3:\"uri\";s:77:\"https://demo.butterflycms.com/admin/blog/cats/create?source_id=2&locale=uk-UA\";s:8:\"refferer\";s:77:\"https://demo.butterflycms.com/admin/blog/cats/create?source_id=2&locale=uk-UA\";s:6:\"status\";i:200;s:5:\"route\";s:22:\"admin/blog/cats/create\";}'),(40,'success','Category ` ` with ID `5` has been successfully added.',100,1689066404,'admin/blog/cats:create','a:4:{s:3:\"uri\";s:77:\"https://demo.butterflycms.com/admin/blog/cats/create?source_id=1&locale=ru-RU\";s:8:\"refferer\";s:77:\"https://demo.butterflycms.com/admin/blog/cats/create?source_id=1&locale=ru-RU\";s:6:\"status\";i:200;s:5:\"route\";s:22:\"admin/blog/cats/create\";}'),(41,'success','Category ` ` with ID `6` has been successfully added.',100,1689066416,'admin/blog/cats:create','a:4:{s:3:\"uri\";s:77:\"https://demo.butterflycms.com/admin/blog/cats/create?source_id=1&locale=uk-UA\";s:8:\"refferer\";s:77:\"https://demo.butterflycms.com/admin/blog/cats/create?source_id=1&locale=uk-UA\";s:6:\"status\";i:200;s:5:\"route\";s:22:\"admin/blog/cats/create\";}'),(42,'success','Category `High Tech` with ID `7` has been successfully added.',100,1689066457,'admin/blog/cats:create','a:4:{s:3:\"uri\";s:52:\"https://demo.butterflycms.com/admin/blog/cats/create\";s:8:\"refferer\";s:52:\"https://demo.butterflycms.com/admin/blog/cats/create\";s:6:\"status\";i:200;s:5:\"route\";s:22:\"admin/blog/cats/create\";}'),(43,'success','Category `-` with ID `8` has been successfully added.',100,1689066476,'admin/blog/cats:create','a:4:{s:3:\"uri\";s:77:\"https://demo.butterflycms.com/admin/blog/cats/create?source_id=7&locale=ru-RU\";s:8:\"refferer\";s:77:\"https://demo.butterflycms.com/admin/blog/cats/create?source_id=7&locale=ru-RU\";s:6:\"status\";i:200;s:5:\"route\";s:22:\"admin/blog/cats/create\";}'),(44,'success','Category `-` with ID `9` has been successfully added.',100,1689066508,'admin/blog/cats:create','a:4:{s:3:\"uri\";s:77:\"https://demo.butterflycms.com/admin/blog/cats/create?source_id=7&locale=uk-UA\";s:8:\"refferer\";s:77:\"https://demo.butterflycms.com/admin/blog/cats/create?source_id=7&locale=uk-UA\";s:6:\"status\";i:200;s:5:\"route\";s:22:\"admin/blog/cats/create\";}'),(45,'success','Category `Development` with ID `10` has been successfully added.',100,1689066557,'admin/blog/cats:create','a:4:{s:3:\"uri\";s:52:\"https://demo.butterflycms.com/admin/blog/cats/create\";s:8:\"refferer\";s:52:\"https://demo.butterflycms.com/admin/blog/cats/create\";s:6:\"status\";i:200;s:5:\"route\";s:22:\"admin/blog/cats/create\";}'),(46,'success','Category `` with ID `11` has been successfully added.',100,1689066576,'admin/blog/cats:create','a:4:{s:3:\"uri\";s:78:\"https://demo.butterflycms.com/admin/blog/cats/create?source_id=10&locale=ru-RU\";s:8:\"refferer\";s:78:\"https://demo.butterflycms.com/admin/blog/cats/create?source_id=10&locale=ru-RU\";s:6:\"status\";i:200;s:5:\"route\";s:22:\"admin/blog/cats/create\";}'),(47,'success','Category `` with ID `12` has been successfully added.',100,1689066612,'admin/blog/cats:create','a:4:{s:3:\"uri\";s:78:\"https://demo.butterflycms.com/admin/blog/cats/create?source_id=10&locale=uk-UA\";s:8:\"refferer\";s:78:\"https://demo.butterflycms.com/admin/blog/cats/create?source_id=10&locale=uk-UA\";s:6:\"status\";i:200;s:5:\"route\";s:22:\"admin/blog/cats/create\";}'),(48,'success','Category `Robots` with ID `13` has been successfully added.',100,1689066650,'admin/blog/cats:create','a:4:{s:3:\"uri\";s:52:\"https://demo.butterflycms.com/admin/blog/cats/create\";s:8:\"refferer\";s:52:\"https://demo.butterflycms.com/admin/blog/cats/create\";s:6:\"status\";i:200;s:5:\"route\";s:22:\"admin/blog/cats/create\";}'),(49,'success','Category `` with ID `14` has been successfully added.',100,1689066676,'admin/blog/cats:create','a:4:{s:3:\"uri\";s:78:\"https://demo.butterflycms.com/admin/blog/cats/create?source_id=13&locale=ru-RU\";s:8:\"refferer\";s:78:\"https://demo.butterflycms.com/admin/blog/cats/create?source_id=13&locale=ru-RU\";s:6:\"status\";i:200;s:5:\"route\";s:22:\"admin/blog/cats/create\";}'),(50,'success','Category `` with ID `15` has been successfully added.',100,1689066694,'admin/blog/cats:create','a:4:{s:3:\"uri\";s:78:\"https://demo.butterflycms.com/admin/blog/cats/create?source_id=13&locale=uk-UA\";s:8:\"refferer\";s:78:\"https://demo.butterflycms.com/admin/blog/cats/create?source_id=13&locale=uk-UA\";s:6:\"status\";i:200;s:5:\"route\";s:22:\"admin/blog/cats/create\";}'),(51,'success','Category `Space` with ID `16` has been successfully added.',100,1689066716,'admin/blog/cats:create','a:4:{s:3:\"uri\";s:52:\"https://demo.butterflycms.com/admin/blog/cats/create\";s:8:\"refferer\";s:52:\"https://demo.butterflycms.com/admin/blog/cats/create\";s:6:\"status\";i:200;s:5:\"route\";s:22:\"admin/blog/cats/create\";}'),(52,'success','Category `` with ID `17` has been successfully added.',100,1689066738,'admin/blog/cats:create','a:4:{s:3:\"uri\";s:78:\"https://demo.butterflycms.com/admin/blog/cats/create?source_id=16&locale=ru-RU\";s:8:\"refferer\";s:78:\"https://demo.butterflycms.com/admin/blog/cats/create?source_id=16&locale=ru-RU\";s:6:\"status\";i:200;s:5:\"route\";s:22:\"admin/blog/cats/create\";}'),(53,'success','Category `` with ID `18` has been successfully added.',100,1689066769,'admin/blog/cats:create','a:4:{s:3:\"uri\";s:78:\"https://demo.butterflycms.com/admin/blog/cats/create?source_id=16&locale=uk-UA\";s:8:\"refferer\";s:78:\"https://demo.butterflycms.com/admin/blog/cats/create?source_id=16&locale=uk-UA\";s:6:\"status\";i:200;s:5:\"route\";s:22:\"admin/blog/cats/create\";}'),(54,'success','Category `Innovations` with ID `2` has been successfully updated.',100,1689066842,'admin/blog/cats:update','a:4:{s:3:\"uri\";s:54:\"https://demo.butterflycms.com/admin/blog/cats/update/2\";s:8:\"refferer\";s:54:\"https://demo.butterflycms.com/admin/blog/cats/update/2\";s:6:\"status\";i:200;s:5:\"route\";s:22:\"admin/blog/cats/update\";}'),(55,'success','Category `` with ID `3` has been successfully updated.',100,1689066876,'admin/blog/cats:update','a:4:{s:3:\"uri\";s:67:\"https://demo.butterflycms.com/admin/blog/cats/update/2?locale=ru-RU\";s:8:\"refferer\";s:67:\"https://demo.butterflycms.com/admin/blog/cats/update/2?locale=ru-RU\";s:6:\"status\";i:200;s:5:\"route\";s:22:\"admin/blog/cats/update\";}'),(56,'success','Category `` with ID `4` has been successfully updated.',100,1689066940,'admin/blog/cats:update','a:4:{s:3:\"uri\";s:67:\"https://demo.butterflycms.com/admin/blog/cats/update/2?locale=uk-UA\";s:8:\"refferer\";s:67:\"https://demo.butterflycms.com/admin/blog/cats/update/2?locale=uk-UA\";s:6:\"status\";i:200;s:5:\"route\";s:22:\"admin/blog/cats/update\";}'),(57,'success','Category `` with ID `3` has been successfully updated.',100,1689066960,'admin/blog/cats:update','a:4:{s:3:\"uri\";s:67:\"https://demo.butterflycms.com/admin/blog/cats/update/2?locale=ru-RU\";s:8:\"refferer\";s:67:\"https://demo.butterflycms.com/admin/blog/cats/update/2?locale=ru-RU\";s:6:\"status\";i:200;s:5:\"route\";s:22:\"admin/blog/cats/update\";}'),(58,'success','Category `Innovations` with ID `2` has been successfully updated.',100,1689066989,'admin/blog/cats:update','a:4:{s:3:\"uri\";s:54:\"https://demo.butterflycms.com/admin/blog/cats/update/2\";s:8:\"refferer\";s:54:\"https://demo.butterflycms.com/admin/blog/cats/update/2\";s:6:\"status\";i:200;s:5:\"route\";s:22:\"admin/blog/cats/update\";}'),(59,'success','Category `High Tech` with ID `7` has been successfully updated.',100,1689067057,'admin/blog/cats:update','a:4:{s:3:\"uri\";s:54:\"https://demo.butterflycms.com/admin/blog/cats/update/7\";s:8:\"refferer\";s:54:\"https://demo.butterflycms.com/admin/blog/cats/update/7\";s:6:\"status\";i:200;s:5:\"route\";s:22:\"admin/blog/cats/update\";}'),(60,'success','Category `-` with ID `9` has been successfully updated.',100,1689067103,'admin/blog/cats:update','a:4:{s:3:\"uri\";s:67:\"https://demo.butterflycms.com/admin/blog/cats/update/7?locale=uk-UA\";s:8:\"refferer\";s:67:\"https://demo.butterflycms.com/admin/blog/cats/update/7?locale=uk-UA\";s:6:\"status\";i:200;s:5:\"route\";s:22:\"admin/blog/cats/update\";}'),(61,'success','Category `-` with ID `8` has been successfully updated.',100,1689067106,'admin/blog/cats:update','a:4:{s:3:\"uri\";s:67:\"https://demo.butterflycms.com/admin/blog/cats/update/7?locale=ru-RU\";s:8:\"refferer\";s:67:\"https://demo.butterflycms.com/admin/blog/cats/update/7?locale=ru-RU\";s:6:\"status\";i:200;s:5:\"route\";s:22:\"admin/blog/cats/update\";}'),(62,'success','Category `Development` with ID `10` has been successfully updated.',100,1689067232,'admin/blog/cats:update','a:4:{s:3:\"uri\";s:55:\"https://demo.butterflycms.com/admin/blog/cats/update/10\";s:8:\"refferer\";s:55:\"https://demo.butterflycms.com/admin/blog/cats/update/10\";s:6:\"status\";i:200;s:5:\"route\";s:22:\"admin/blog/cats/update\";}'),(63,'success','Category `` with ID `11` has been successfully updated.',100,1689067237,'admin/blog/cats:update','a:4:{s:3:\"uri\";s:68:\"https://demo.butterflycms.com/admin/blog/cats/update/10?locale=ru-RU\";s:8:\"refferer\";s:68:\"https://demo.butterflycms.com/admin/blog/cats/update/10?locale=ru-RU\";s:6:\"status\";i:200;s:5:\"route\";s:22:\"admin/blog/cats/update\";}'),(64,'success','Category `` with ID `12` has been successfully updated.',100,1689067242,'admin/blog/cats:update','a:4:{s:3:\"uri\";s:68:\"https://demo.butterflycms.com/admin/blog/cats/update/10?locale=uk-UA\";s:8:\"refferer\";s:68:\"https://demo.butterflycms.com/admin/blog/cats/update/10?locale=uk-UA\";s:6:\"status\";i:200;s:5:\"route\";s:22:\"admin/blog/cats/update\";}'),(65,'success','Category `` with ID `15` has been successfully updated.',100,1689067378,'admin/blog/cats:update','a:4:{s:3:\"uri\";s:68:\"https://demo.butterflycms.com/admin/blog/cats/update/13?locale=uk-UA\";s:8:\"refferer\";s:68:\"https://demo.butterflycms.com/admin/blog/cats/update/13?locale=uk-UA\";s:6:\"status\";i:200;s:5:\"route\";s:22:\"admin/blog/cats/update\";}'),(66,'success','Category `` with ID `14` has been successfully updated.',100,1689067385,'admin/blog/cats:update','a:4:{s:3:\"uri\";s:68:\"https://demo.butterflycms.com/admin/blog/cats/update/13?locale=ru-RU\";s:8:\"refferer\";s:68:\"https://demo.butterflycms.com/admin/blog/cats/update/13?locale=ru-RU\";s:6:\"status\";i:200;s:5:\"route\";s:22:\"admin/blog/cats/update\";}'),(67,'success','Category `Robots` with ID `13` has been successfully updated.',100,1689067389,'admin/blog/cats:update','a:4:{s:3:\"uri\";s:55:\"https://demo.butterflycms.com/admin/blog/cats/update/13\";s:8:\"refferer\";s:55:\"https://demo.butterflycms.com/admin/blog/cats/update/13\";s:6:\"status\";i:200;s:5:\"route\";s:22:\"admin/blog/cats/update\";}'),(68,'success','Category `Robots` with ID `13` has been successfully updated.',100,1689067422,'admin/blog/cats:update','a:4:{s:3:\"uri\";s:55:\"https://demo.butterflycms.com/admin/blog/cats/update/13\";s:8:\"refferer\";s:55:\"https://demo.butterflycms.com/admin/blog/cats/update/13\";s:6:\"status\";i:200;s:5:\"route\";s:22:\"admin/blog/cats/update\";}'),(69,'success','Category `` with ID `18` has been successfully updated.',100,1689067581,'admin/blog/cats:update','a:4:{s:3:\"uri\";s:68:\"https://demo.butterflycms.com/admin/blog/cats/update/16?locale=uk-UA\";s:8:\"refferer\";s:68:\"https://demo.butterflycms.com/admin/blog/cats/update/16?locale=uk-UA\";s:6:\"status\";i:200;s:5:\"route\";s:22:\"admin/blog/cats/update\";}'),(70,'success','Category `` with ID `17` has been successfully updated.',100,1689067595,'admin/blog/cats:update','a:4:{s:3:\"uri\";s:68:\"https://demo.butterflycms.com/admin/blog/cats/update/16?locale=ru-RU\";s:8:\"refferer\";s:68:\"https://demo.butterflycms.com/admin/blog/cats/update/16?locale=ru-RU\";s:6:\"status\";i:200;s:5:\"route\";s:22:\"admin/blog/cats/update\";}'),(71,'success','Category `` with ID `17` has been successfully updated.',100,1689067618,'admin/blog/cats:update','a:4:{s:3:\"uri\";s:68:\"https://demo.butterflycms.com/admin/blog/cats/update/16?locale=ru-RU\";s:8:\"refferer\";s:68:\"https://demo.butterflycms.com/admin/blog/cats/update/16?locale=ru-RU\";s:6:\"status\";i:200;s:5:\"route\";s:22:\"admin/blog/cats/update\";}'),(72,'success','Category `` with ID `18` has been successfully updated.',100,1689067623,'admin/blog/cats:update','a:4:{s:3:\"uri\";s:68:\"https://demo.butterflycms.com/admin/blog/cats/update/16?locale=uk-UA\";s:8:\"refferer\";s:68:\"https://demo.butterflycms.com/admin/blog/cats/update/16?locale=uk-UA\";s:6:\"status\";i:200;s:5:\"route\";s:22:\"admin/blog/cats/update\";}'),(73,'success','Category `Space` with ID `16` has been successfully updated.',100,1689067627,'admin/blog/cats:update','a:4:{s:3:\"uri\";s:55:\"https://demo.butterflycms.com/admin/blog/cats/update/16\";s:8:\"refferer\";s:55:\"https://demo.butterflycms.com/admin/blog/cats/update/16\";s:6:\"status\";i:200;s:5:\"route\";s:22:\"admin/blog/cats/update\";}'),(74,'info','User `admin` has successfully login.',100,1689143019,'login','a:5:{s:3:\"uri\";s:41:\"https://demo.butterflycms.com/admin/login\";s:8:\"refferer\";s:41:\"https://demo.butterflycms.com/admin/login\";s:6:\"status\";i:200;s:5:\"route\";s:17:\"admin/admin/login\";i:0;a:1:{s:7:\"user_ip\";s:14:\"176.109.184.65\";}}'),(75,'info','User `admin` has successfully login.',100,1689143020,'login','a:5:{s:3:\"uri\";s:41:\"https://demo.butterflycms.com/admin/login\";s:8:\"refferer\";s:41:\"https://demo.butterflycms.com/admin/login\";s:6:\"status\";i:200;s:5:\"route\";s:17:\"admin/admin/login\";i:0;a:1:{s:7:\"user_ip\";s:14:\"176.109.184.65\";}}'),(76,'success','1 media item(s) successfully added.',100,1689143473,'admin/media/list:upload','a:4:{s:3:\"uri\";s:53:\"https://demo.butterflycms.com/admin/media/list/upload\";s:8:\"refferer\";s:46:\"https://demo.butterflycms.com/admin/media/list\";s:6:\"status\";i:200;s:5:\"route\";s:23:\"admin/media/list/upload\";}'),(77,'success','1 media item(s) successfully added.',100,1689144993,'admin/media/list:upload','a:4:{s:3:\"uri\";s:53:\"https://demo.butterflycms.com/admin/media/list/upload\";s:8:\"refferer\";s:41:\"https://demo.butterflycms.com/admin/media\";s:6:\"status\";i:200;s:5:\"route\";s:23:\"admin/media/list/upload\";}'),(78,'success','1 media item(s) successfully added.',100,1689146870,'admin/media/list:upload','a:4:{s:3:\"uri\";s:53:\"https://demo.butterflycms.com/admin/media/list/upload\";s:8:\"refferer\";s:41:\"https://demo.butterflycms.com/admin/media\";s:6:\"status\";i:200;s:5:\"route\";s:23:\"admin/media/list/upload\";}'),(79,'danger','An error occurred while added a media item(s)',100,1689146915,'admin/media/list:upload','a:4:{s:3:\"uri\";s:53:\"https://demo.butterflycms.com/admin/media/list/upload\";s:8:\"refferer\";s:52:\"https://demo.butterflycms.com/admin/media/list/index\";s:6:\"status\";i:200;s:5:\"route\";s:23:\"admin/media/list/upload\";}'),(80,'success','1 media item(s) successfully added.',100,1689146928,'admin/media/list:upload','a:4:{s:3:\"uri\";s:53:\"https://demo.butterflycms.com/admin/media/list/upload\";s:8:\"refferer\";s:52:\"https://demo.butterflycms.com/admin/media/list/index\";s:6:\"status\";i:200;s:5:\"route\";s:23:\"admin/media/list/upload\";}'),(81,'danger','An error occurred while added a media item(s)',100,1689147077,'admin/media/list:upload','a:4:{s:3:\"uri\";s:53:\"https://demo.butterflycms.com/admin/media/list/upload\";s:8:\"refferer\";s:52:\"https://demo.butterflycms.com/admin/media/list/index\";s:6:\"status\";i:200;s:5:\"route\";s:23:\"admin/media/list/upload\";}'),(82,'success','1 media item(s) successfully added.',100,1689147118,'admin/media/list:upload','a:4:{s:3:\"uri\";s:53:\"https://demo.butterflycms.com/admin/media/list/upload\";s:8:\"refferer\";s:52:\"https://demo.butterflycms.com/admin/media/list/index\";s:6:\"status\";i:200;s:5:\"route\";s:23:\"admin/media/list/upload\";}'),(83,'info','User `admin` has successfully logout.',100,1689147647,'logout','a:5:{s:3:\"uri\";s:42:\"https://demo.butterflycms.com/admin/logout\";s:8:\"refferer\";s:35:\"https://demo.butterflycms.com/admin\";s:6:\"status\";i:200;s:5:\"route\";s:18:\"admin/admin/logout\";i:0;a:1:{s:7:\"user_ip\";s:14:\"104.193.255.68\";}}'),(84,'info','User `admin` has successfully login.',100,1689150330,'login','a:5:{s:3:\"uri\";s:41:\"https://demo.butterflycms.com/admin/login\";s:8:\"refferer\";s:41:\"https://demo.butterflycms.com/admin/login\";s:6:\"status\";i:200;s:5:\"route\";s:17:\"admin/admin/login\";i:0;a:1:{s:7:\"user_ip\";s:12:\"5.24.177.237\";}}'),(85,'info','User `admin` has successfully login.',100,1689150331,'login','a:5:{s:3:\"uri\";s:41:\"https://demo.butterflycms.com/admin/login\";s:8:\"refferer\";s:41:\"https://demo.butterflycms.com/admin/login\";s:6:\"status\";i:200;s:5:\"route\";s:17:\"admin/admin/login\";i:0;a:1:{s:7:\"user_ip\";s:12:\"5.24.177.237\";}}'),(86,'info','User `admin` has successfully logout.',100,1689150759,'logout','a:5:{s:3:\"uri\";s:42:\"https://demo.butterflycms.com/admin/logout\";s:8:\"refferer\";s:41:\"https://demo.butterflycms.com/admin/media\";s:6:\"status\";i:200;s:5:\"route\";s:18:\"admin/admin/logout\";i:0;a:1:{s:7:\"user_ip\";s:12:\"5.24.177.237\";}}'),(87,'danger','An error occurred while user `admin@admin.com` has attempt login. Wrong password.',0,1689165692,'login','a:5:{s:3:\"uri\";s:41:\"https://demo.butterflycms.com/admin/login\";s:8:\"refferer\";s:41:\"https://demo.butterflycms.com/admin/login\";s:6:\"status\";i:200;s:5:\"route\";s:17:\"admin/admin/login\";i:0;a:1:{s:7:\"user_ip\";s:12:\"31.206.50.75\";}}'),(88,'info','User `admin` has successfully login.',100,1689229371,'login','a:5:{s:3:\"uri\";s:41:\"https://demo.butterflycms.com/admin/login\";s:8:\"refferer\";s:41:\"https://demo.butterflycms.com/admin/login\";s:6:\"status\";i:200;s:5:\"route\";s:17:\"admin/admin/login\";i:0;a:1:{s:7:\"user_ip\";s:14:\"176.109.184.65\";}}'),(89,'info','User `admin` has successfully login.',100,1689229372,'login','a:5:{s:3:\"uri\";s:41:\"https://demo.butterflycms.com/admin/login\";s:8:\"refferer\";s:41:\"https://demo.butterflycms.com/admin/login\";s:6:\"status\";i:200;s:5:\"route\";s:17:\"admin/admin/login\";i:0;a:1:{s:7:\"user_ip\";s:14:\"176.109.184.65\";}}'),(90,'info','User `admin` has successfully login.',100,1689280759,'login','a:5:{s:3:\"uri\";s:41:\"https://demo.butterflycms.com/admin/login\";s:8:\"refferer\";s:41:\"https://demo.butterflycms.com/admin/login\";s:6:\"status\";i:200;s:5:\"route\";s:17:\"admin/admin/login\";i:0;a:1:{s:7:\"user_ip\";s:15:\"176.109.178.243\";}}'),(91,'info','User `admin` has successfully login.',100,1689280760,'login','a:5:{s:3:\"uri\";s:41:\"https://demo.butterflycms.com/admin/login\";s:8:\"refferer\";s:41:\"https://demo.butterflycms.com/admin/login\";s:6:\"status\";i:200;s:5:\"route\";s:17:\"admin/admin/login\";i:0;a:1:{s:7:\"user_ip\";s:15:\"176.109.178.243\";}}'),(92,'info','User `admin` has successfully login.',100,1689317701,'login','a:5:{s:3:\"uri\";s:41:\"https://demo.butterflycms.com/admin/login\";s:8:\"refferer\";s:41:\"https://demo.butterflycms.com/admin/login\";s:6:\"status\";i:200;s:5:\"route\";s:17:\"admin/admin/login\";i:0;a:1:{s:7:\"user_ip\";s:15:\"176.109.178.243\";}}'),(93,'success','Blog post ` -   2023   ` with ID `6` has been successfully updated.',100,1689318651,'admin/blog/posts:update','a:4:{s:3:\"uri\";s:55:\"https://demo.butterflycms.com/admin/blog/posts/update/6\";s:8:\"refferer\";s:55:\"https://demo.butterflycms.com/admin/blog/posts/update/6\";s:6:\"status\";i:200;s:5:\"route\";s:23:\"admin/blog/posts/update\";}'),(94,'success','Blog post ` Starlink       25 .   ` with ID `3` has been successfully updated.',100,1689322206,'admin/blog/posts:update','a:4:{s:3:\"uri\";s:55:\"https://demo.butterflycms.com/admin/blog/posts/update/3\";s:8:\"refferer\";s:55:\"https://demo.butterflycms.com/admin/blog/posts/update/3\";s:6:\"status\";i:200;s:5:\"route\";s:23:\"admin/blog/posts/update\";}'),(95,'success','Blog post `BMW        690 ` with ID `2` has been successfully updated.',100,1689322606,'admin/blog/posts:update','a:4:{s:3:\"uri\";s:55:\"https://demo.butterflycms.com/admin/blog/posts/update/2\";s:8:\"refferer\";s:55:\"https://demo.butterflycms.com/admin/blog/posts/update/2\";s:6:\"status\";i:200;s:5:\"route\";s:23:\"admin/blog/posts/update\";}'),(96,'success','Blog post `IBM  Samsung       ` with ID `1` has been successfully updated.',100,1689322770,'admin/blog/posts:update','a:4:{s:3:\"uri\";s:55:\"https://demo.butterflycms.com/admin/blog/posts/update/1\";s:8:\"refferer\";s:55:\"https://demo.butterflycms.com/admin/blog/posts/update/1\";s:6:\"status\";i:200;s:5:\"route\";s:23:\"admin/blog/posts/update\";}'),(97,'success','Blog post `IBM  Samsung       ` with ID `1` has been successfully updated.',100,1689323091,'admin/blog/posts:update','a:4:{s:3:\"uri\";s:55:\"https://demo.butterflycms.com/admin/blog/posts/update/1\";s:8:\"refferer\";s:55:\"https://demo.butterflycms.com/admin/blog/posts/update/1\";s:6:\"status\";i:200;s:5:\"route\";s:23:\"admin/blog/posts/update\";}'),(98,'success','Blog post `IBM  Samsung       ` with ID `1` has been successfully updated.',100,1689323128,'admin/blog/posts:update','a:4:{s:3:\"uri\";s:55:\"https://demo.butterflycms.com/admin/blog/posts/update/1\";s:8:\"refferer\";s:55:\"https://demo.butterflycms.com/admin/blog/posts/update/1\";s:6:\"status\";i:200;s:5:\"route\";s:23:\"admin/blog/posts/update\";}'),(99,'success','Blog post `IBM  Samsung       ` with ID `1` has been successfully updated.',100,1689323164,'admin/blog/posts:update','a:4:{s:3:\"uri\";s:55:\"https://demo.butterflycms.com/admin/blog/posts/update/1\";s:8:\"refferer\";s:55:\"https://demo.butterflycms.com/admin/blog/posts/update/1\";s:6:\"status\";i:200;s:5:\"route\";s:23:\"admin/blog/posts/update\";}');
/*!40000 ALTER TABLE `btf_activity` ENABLE KEYS */;
UNLOCK TABLES;

LOCK TABLES `btf_api` WRITE;
/*!40000 ALTER TABLE `btf_api` DISABLE KEYS */;
/*!40000 ALTER TABLE `btf_api` ENABLE KEYS */;
UNLOCK TABLES;

LOCK TABLES `btf_blog_cats` WRITE;
/*!40000 ALTER TABLE `btf_blog_cats` DISABLE KEYS */;
INSERT INTO `btf_blog_cats` VALUES (1,NULL,NULL,'Uncategorized','uncategorized','Uncategorized posts',NULL,NULL,'en-US',1,'2023-07-08 13:19:46',NULL,'2023-07-08 13:19:46',NULL),(2,NULL,NULL,'Innovations','innovations','Innovations','Innovations News','innovation, innovations news, innovations','en-US',0,'2023-07-11 12:04:58',100,'2023-07-11 12:16:29',100),(3,2,NULL,'','innovacii','',' ',',  ,  ','ru-RU',0,'2023-07-11 12:05:45',100,'2023-07-11 12:16:00',100),(4,2,NULL,'','innovacii','',' ',',  , ','uk-UA',0,'2023-07-11 12:06:15',100,'2023-07-11 12:15:40',100),(5,1,NULL,' ','bez-kategorii',' ','','','ru-RU',1,'2023-07-11 12:06:44',100,'2023-07-11 12:06:44',100),(6,1,NULL,' ','bez-kategorii',' ','','','uk-UA',1,'2023-07-11 12:06:56',100,'2023-07-11 12:06:56',100),(7,NULL,NULL,'High Tech','high-tech','High Tech','High Tech News','high tech, news of high tech','en-US',0,'2023-07-11 12:07:37',100,'2023-07-11 12:17:37',100),(8,7,NULL,'-','haj-tek','-','- ','-,   -','ru-RU',0,'2023-07-11 12:07:56',100,'2023-07-11 12:18:26',100),(9,7,NULL,'-','haj-tek','-','- ','-,   -','uk-UA',0,'2023-07-11 12:08:28',100,'2023-07-11 12:18:23',100),(10,NULL,NULL,'Development','development','Development','Development News','developments, news about development','en-US',0,'2023-07-11 12:09:17',100,'2023-07-11 12:20:32',100),(11,10,NULL,'','razrabotka','',' ',',   ','ru-RU',0,'2023-07-11 12:09:36',100,'2023-07-11 12:20:37',100),(12,10,NULL,'','rozrobka','',' ',',   ','uk-UA',0,'2023-07-11 12:10:12',100,'2023-07-11 12:20:42',100),(13,NULL,2,'Robots','robots','Robots','Robot development news','robots, robot development news','en-US',0,'2023-07-11 12:10:50',100,'2023-07-11 12:23:42',100),(14,13,NULL,'','roboty','','  ',',   ','ru-RU',0,'2023-07-11 12:11:16',100,'2023-07-11 12:23:05',100),(15,13,NULL,'','roboti','','  ',',   ','uk-UA',0,'2023-07-11 12:11:34',100,'2023-07-11 12:22:58',100),(16,NULL,NULL,'Space','space','Space','News about space discoveries','space discoveries','en-US',0,'2023-07-11 12:11:56',100,'2023-07-11 12:27:07',100),(17,16,NULL,'','kosmos','','   ',' ','ru-RU',0,'2023-07-11 12:12:18',100,'2023-07-11 12:26:58',100),(18,16,NULL,'','kosmos','','   ',' ','uk-UA',0,'2023-07-11 12:12:49',100,'2023-07-11 12:27:03',100);
/*!40000 ALTER TABLE `btf_blog_cats` ENABLE KEYS */;
UNLOCK TABLES;

LOCK TABLES `btf_blog_posts` WRITE;
/*!40000 ALTER TABLE `btf_blog_posts` DISABLE KEYS */;
INSERT INTO `btf_blog_posts` VALUES (1,NULL,'IBM  Samsung       ','ibm-doverit-samsung-vypusk-sobstvennyh-processorov-dla-sistem-iskusstvennogo-intellekta','ibm_01.jpg','       IBM       .','<p><span style=\"text-align: justify;\">-  IBM       GlobalFoundries         ,          ,        Samsung Electronics.        IBM       .</span></p><p>   IBM,    Reuters,      ,        watsonx.       ,                .</p><p>    IBM           Watson,                .    IBM         .   ,     ,      .</p><p>   Artificial Intelligence Unit       ,   IBM  ,    ,     .     Samsung Electronics,   IBM      .        ,  .</p><p>     IBM Semiconductors   (Mukesh Khare),             NVIDIA.       ,   IBM                .  IBM ,             .</p><p>:&nbsp;<a href=\"https://www.reuters.com/technology/ibm-mulls-using-its-own-ai-chip-new-cloud-service-lower-costs-2023-07-11/\" target=\"_blank\" rel=\"nofollow\" style=\"background-color: rgb(255, 255, 255); color: rgb(16, 92, 150); text-decoration: underline; outline: 0px;\">Reuters</a></p><div><div id=\"adfox_mob4\" style=\"margin: 0px; padding: 0px;\"></div><p style=\"margin-top: 0.75em; margin-bottom: 0px; padding: 0px; text-align: justify; line-height: 20px;\"></p><center><div id=\"aio-1000017\" style=\"margin: 0px; padding: 0px;\"></div></center></div>','IBM  Samsung       ','IBM  Samsung       ','IBM, Samsung, ',1,1,1,1,1,'ru-RU','2023-07-12 09:29:37',100,'2023-07-14 11:26:03',100),(2,NULL,'BMW        690 ','bmw-ocenila-umnye-proekcionnye-ocki-dla-motociklistov-v-690-evro','bmw_01.jpg','BMW       ,       .','<p><span style=\"text-align: justify;\">       ,              ,        . BMW   ,       ,       .</span></p><p><span style=\"text-align: justify;\"> ConnectedRide,  &nbsp;</span>Gizmodo<span style=\"text-align: justify;\">,       ,     .             ,              .            ,   ,      ,     .</span></p><p>        BMW ConnectedRide,       .           ,      10   .    BMW       .   ,  BMW CE 02      .</p><p>:&nbsp;<a href=\"https://gizmodo.com/bmw-motorcycle-connectedride-smartglasses-1850621202\" target=\"_blank\" rel=\"nofollow\" style=\"background-color: rgb(255, 255, 255); text-align: justify;\">Gizmodo</a></p><div><div class=\"js-mediator-article\" style=\"margin: 0px; padding: 0px;\"><div id=\"adfox_mob4\" style=\"margin: 0px; padding: 0px;\"></div><p style=\"margin-top: 0.75em; margin-bottom: 0px; padding: 0px; text-align: justify; line-height: 20px;\"></p></div></div>','BMW        690 ','BMW       ,       .','BMW,   , , VAR',1,1,1,1,1,'ru-RU','2023-07-12 09:38:37',100,'2023-07-14 11:16:46',100),(3,NULL,' Starlink       25 .   ','sputniki-starlink-uklonilis-ot-stolknovenij-s-drugimi-obektami-25-tys-raz-za-polgoda','starlinkiau.jpg','  Starlink              .','<p>  Starlink              .   ,  SpaceX      ,  1  2022   21  2023     25 .  .<br>   ,          ,          ,     1:100 000,    NASA        1:10 000.</p><p>   ,   ,     ,   ,      .   ,    ,   Starlink     ,             457 .</p><p>SpaceX          .         ,                .</p><p>        Astronomy &amp; Astrophysics   ,   ,    Starlink     ,  ,   ,       .&nbsp;      ,           .</p><p>       (Federico Di Vruno),              (IAU),             . ,         SpaceX          Starlink,        .</p><p>:&nbsp;<a href=\"http://techcrunch.com/\" target=\"_blank\" title=\"techcrunch.com\">techcrunch.com</a></p><div class=\"js-mediator-article\" style=\"margin: 0px; padding: 0px;\"><div id=\"adfox_mob4\" style=\"margin: 0px; padding: 0px;\"></div><p style=\"margin-top: 0.75em; margin-bottom: 0px; padding: 0px; text-align: justify; line-height: 20px;\"></p><center><div id=\"aio-1000017\" style=\"margin: 0px; padding: 0px;\"></div></center></div>',' Starlink       25 .   ','  ,  SpaceX      ,  1  2022   21  2023     25 .  .','Starlink, SpaceX, ',1,1,1,1,1,'ru-RU','2023-07-12 09:50:30',100,'2023-07-14 11:10:06',100),(4,NULL,'          ','v-ssa-roboty-nacali-patrulirovat-territorii-nekotoryh-skol-dla-povysenia-bezopasnosti','im-812660_large.jpg','    ,          . ','<p style=\"line-height: 1.45em;\">   -     .          180         .   ,  360- ,      .&nbsp;</p><p style=\"line-height: 1.45em;\"> ,     -    .         ,           .       ,     .&nbsp;</p><p style=\"line-height: 1.45em;\">       ,         .</p><p style=\"line-height: 1.45em;\"><img src=\"https://demo.butterflycms.com/uploads/media/2023/07/im-812651_large.jpg\"><br></p><p style=\"line-height: 1.45em;\">     ,    ,            ,     .&nbsp;</p><p style=\"line-height: 1.45em;\">       . ,       . &nbsp;</p><p style=\"line-height: 1.45em; margin-bottom: 0px;\">             ,         .</p><p style=\"line-height: 1.45em; margin-bottom: 0px;\"><br></p><p style=\"line-height: 1.45em; margin-bottom: 0px;\">:&nbsp;<a target=\"_blank\" rel=\"nofollow\" href=\"https://www.ixbt.com/click/?c=53616c7465645f5f60f5be92585863c8d1b159457d6da6544ffed708f375bdc565891ecda1c33c3bfa2a8c41cfe1759dee9696d30d463225e108533cfbe6d108f52d4e638543ceb4ee13d724558396a4dc16e348391ee590efb0013666f2616cd20073b46d887595e63840306d57d312bad5bf49413fe217c4d94b599a7faea9169067b591fdbea0d7973d7dc5f0c0119008dc164d33fa88305fe0c094dcce8b&amp;h=ccefe5a43966e74686a246b7e206069567b62330\" title=\"https://www.wsj.com/articles/this-schools-new-security-aide-has-360-degree-vision-its-a-robot-a4f983b5?mod=djemalertNEWS\">The Wall Street Journal</a></p>','          ','    ,          . ',', , ',1,1,1,1,1,'ru-RU','2023-07-12 09:58:41',100,'2023-07-12 09:58:41',100),(5,NULL,'     ','iz-odnokletocnoj-vodorosli-sdelali-ognestojkij-bioplastik','img_9049.jpg','     -  ,    .','<p>   ,     - .         .    ,     ,         ,    .<br>      .        ,              .</p><p>  - ,       ,         . &nbsp;   -   .  ,   .</p><p>       ,      ,   ,  ,    ,   .</p><p>    &nbsp;<a href=\"https://onlinelibrary.wiley.com/doi/10.1002/adfm.202302067\" class=\"external\" target=\"_blank\" style=\"box-sizing: inherit; text-decoration-skip-ink: auto; transition: color 0.2s ease-in-out;\">Advanced Functional Materials.</a></p>','     ','     -  ,    .',', , , ',1,1,1,1,1,'ru-RU','2023-07-12 10:17:21',100,'2023-07-12 10:17:21',100),(6,NULL,' -   2023   ','kakie-it-specialisty-vostrebovany-v-2023-godu-i-pocemu','img_8462.jpg','   hh.ru     ,      ,       junior () -','<p>   hh.ru     ,      ,       junior () -,       -.  -     ,        -,      ,          hh.ru.    10   2  2023 .   .</p><p>  ,       -          (63% ),   (42%),     (31%).       -, -  BI-      1% .&nbsp;<br></p><div style=\"text-align: center;\"><img src=\"https://demo.butterflycms.com/uploads/media/2023/07/image.png\"></div><div style=\"text-align: center;\"><br></div>          -.  -3          (      (53%)   ),    / (49%),         - (    43% ).      -. ,  43%  ,           .            , ,     34% .           9%  .          5% .&nbsp;<br><div style=\"text-align: center;\"><img src=\"https://demo.butterflycms.com/uploads/media/2023/07/image-2.png\"></div><div style=\"text-align: center;\"><br></div>      -: 77%      ,             -  3   6 .  66%  ,      -    6 .       1   3          (29%).   -      8%    .&nbsp;<br>       ,    - -  ,  .    ,     ,          ,    .      ,     ,        ,     , ,      .&nbsp;<p></p><h3>     </h3>   ,        -.          (  ).    82% . -    -   52% .          ,     . ,            46% .     -       18% .&nbsp;<br><div style=\"text-align: center;\"><img src=\"https://demo.butterflycms.com/uploads/media/2023/07/image-1.png\"></div><p></p><p></p><h3> -&nbsp;</h3>      -: 45%    ,       -.        ,     -   .      (22%) ,            -  ,    -.&nbsp;<p></p><p>    ,      ,     -    ,     . ,  49%  ,  - ,         ,      -  -  ,   . 35%    .     .&nbsp;</p><p> ,         ,   -  . ,        ,    ,   19 .. ( 16%  35%).<br></p><p></p><h3>  </h3>                 ,       .  ,       (13%)          .   43%      .       ,  , ,    .      ,   ,   13%.        ,          ,      (  19 ..  13%  2022  32%  2023 ). &nbsp;<p></p><p>:&nbsp;<a href=\"https://https://hightech.fm/2023/07/05/it-new-russia\" title=\"hightech.fm\">hightech.fm</a></p>',' -   2023   ','   hh.ru     ,      ,       junior () -,       -.',', ,   IT',1,1,1,1,1,'ru-RU','2023-07-12 10:32:51',100,'2023-07-14 10:10:48',100),(7,6,'Which IT professionals are in demand in 2023 and why','which-it-professionals-are-in-demand-in-2023-and-why','img_8462.jpg','As part of the hh.ru survey conducted among employers in Russia, it turned out that over the year the number of companies that are ready to consider and hire junior (beginner) IT specialists has increased','<div>As part of the hh.ru survey conducted among Russian employers, it turned out that over the year the number of companies that are ready to consider and hire junior (beginner) IT specialists who have only online IT courses in the education base has increased. Which IT specialists are most in demand among Russian businesses, how great are the chances of finding a job without a specialized IT education, are employers willing to pay extra for brains, and also why IT specialists get rejected - in the hh.ru study. The survey was conducted from May 10 to June 2, 2023. Hi-Tech tells the main thing.</div><div><br></div><div>A survey of employers showed that at the moment the most demanded IT specialists among Russian employers from various industries are developers (63% of respondents), system engineers (42%), and technical support specialists (31%). Least of all, employers mentioned IT methodologists, data scientists and BI analysts as in-demand - these professions scored less than 1% of responses.</div><div style=\"text-align: center;\"><img src=\"https://demo.butterflycms.com/uploads/media/2023/07/image.png\"></div><div>At the same time, in addition to specialization, the professional qualities of IT applicants are also important for employers. The top 3 in terms of importance in the selection of candidates included knowledge of the technology stack (this parameter is necessary for every second (53%) company hiring IT specialists), experience in the required position/specialty (49%), as well as the presence of successful and real cases in IT sphere (this parameter is important for 43% of employers). We evaluated companies and other indicators of IT applicants. Thus, for 43% of companies it is important that candidates adequately assess their salary requirements and not overstate them. The desired work schedule and employment format of a candidate can be the reason for refusal or, conversely, hiring for 34% of companies. But knowledge of English for an IT specialist is important only for 9% of the surveyed employers. Only 5% of companies pay serious attention to the candidate\'s age when hiring.<br></div>div style=\"text-align: center;\"&gt;<img src=\"https://demo.butterflycms.com/uploads/media/2023/07/image-2.png\"><div><div>Continuing the theme of work experience for IT applicants: 77% of company representatives said in the course of the survey that at the moment they prioritize candidates with experience in the IT field from 3 to 6 years. Another 66% of respondents noted that they are looking for even more experienced IT professionals with more than 6 years of experience. But juniors with experience from 1 to 3 years are ready to consider for employment only every third company (29%). Completely inexperienced IT candidates can be in demand in only 8% of companies in the labor market.</div><div>In this case, the decision of employers to give preference to candidates with experience in implementing any IT projects or orders is easy to understand. In difficult market conditions, when changes occur extremely quickly, companies cannot afford long-term onboarding of newcomers without experience, their training and mentoring. Now business relies on experienced, independent and fast-learning specialists who can not only quickly join the team, but also bring new projects, contacts, connections and best practices for the development of the company.</div></div><div><div><br></div><h3>Why companies refuse IT specialists to work</h3><div>Employers also named the reasons why they most often refuse employment to IT candidates. The leading reason is the discrepancy between salary offers and the expectations of the applicant (most often overstated). This was stated by 82% of employers. Due to insufficient experience in the IT profession, 52% of employers may refuse. Exactly the same number most likely will not cooperate with applicants who are outside the Russian Federation. Interestingly, failure to complete a test task by a candidate can be a reason for refusal in 46% of companies. But the lack of specialized IT education is the cause of failed employment in only 18% of cases.</div></div><div style=\"text-align: center;\"><img src=\"https://demo.butterflycms.com/uploads/media/2023/07/image-1.png\"></div><div><h3>The Importance of IT Education</h3><div>Continuing the theme of specialized education in the IT field: 45% of business respondents said that university IT education is quite important for them. At the same time, they are ready to consider candidates without a tower, but with experience in the IT field or successful cases. At the same time, every fifth company (22%) noted that the candidate has a higher priority in terms of technical education and experience in the IT field than specialized higher IT education.</div><div>A survey of Russian employers also showed that the chances of finding a job for novice specialists who have only online courses in the background without successfully implemented cases, projects and ideas are quite small. Thus, more than 49% of interviewed employers hiring IT professionals said that their companies do not employ juniors who only have online courses in the database without any tangible practice, internship or experience. 35% are willing to consider inexperienced candidates. The rest of the survey participants found it difficult to answer.</div><div><br></div><div>At the same time, over the year, many companies have changed their attitude towards juniors who have only online courses behind them. Thus, the number of companies ready to hire novice IT specialists who have only completed training courses increased by 19 p.p. (from 16% to 35%).</div></div><div><h3>Brain Surcharge</h3><div>Another important point for understanding the labor market is the willingness of employers to pay salaries above the market average to employees who have the skills and competencies necessary for the company. The study shows that every tenth company surveyed (13%) has introduced a mechanism for additional payment for knowledge and competencies for in-demand specialists. Another 43% of Russian employers have the same practice. True, such privileges do not apply to all specialties, as a rule, engineering, digital and work areas. Meanwhile, over the year, the number of companies practicing such surcharges decreased by 13%. And at the same time, over the year, there have been more employers who are generally aware of this format of encouraging highly qualified specialists, but are not yet planning such a thing (growth by 19 p.p. from 13% in 2022 to 32% in 2023).</div><div>Source: hightech.fm</div></div>','Which IT professionals are in demand in 2023 and why','As part of the hh.ru survey conducted among employers in Russia, it turned out that over the year the number of companies that are ready to consider and hire junior (beginner) IT specialists has increased','work, work in IT',1,1,1,1,1,'en-US','2023-07-14 10:04:18',100,'2023-07-14 10:04:18',100),(8,6,' -   2023   ','aki-it-fahivci-potribni-v-2023-roci-i-comu','img_8462.jpg','   hh.ru     \',      ,       - junior ()','<p>   hh.ru     \',      ,       junior () -,        -.  -     ,        -,      ,          hh.ru.    10   2  2023 .   .</p><p>  ,       -         (63% ),   (42%),     (31%).      -, -  BI-      1% .</p><div style=\"text-align: center;\"><img src=\"https://demo.butterflycms.com/uploads/media/2023/07/image.png\"></div><div style=\"text-align: center;\"><br></div>          -.  -3          (      (53%)   ),    / (49%),         -  (    43% ).      -. ,  43%  ,           .            , ,     34% .           9%  .          5% .<br><div style=\"text-align: center;\"><img src=\"https://demo.butterflycms.com/uploads/media/2023/07/image-2.png\"></div><div style=\"text-align: center;\"><br></div><div>     -: 77%      ,             -  3  6 .  66%  ,     -    6 .       1  3          (29%).   -      8%    .</div><div>       ,     - -  ,  .    ,     ,          ,    .      ,  ,   ,        ,     , , \'     .</div><p></p><h3>     </h3>   ,       -.          ( ).    82% .     -   52% .          ,     . ,            46% .     -   ,   ,   18% .<br><div style=\"text-align: center;\"><img src=\"https://demo.butterflycms.com/uploads/media/2023/07/image-1.png\"></div><p></p><p></p><h3 style=\"font-family: Roboto, &quot;Helvetica Neue&quot;, Helvetica, Arial, sans-serif; color: rgb(51, 51, 51);\"> -<br></h3><div>     -: 45%    ,       -.        ,     -   .    \'  (22%) ,           -  ,    -.</div><div>    ,     -,      -    ,     . ,  49%  ,   - ,         ,      -  - ,   . 35%    .      .</div><div><br></div><div> ,         ,    -  . ,       -,     ,   19 .. ( 16%  35%).</div><p></p><h3>  </h3>                  ,        .  ,       (13%)          .  43%      . ,      ,  , ,    .  ,    ,    ,   13%.       ,         ,       (  19 ..  13%  2022  32%  2023 ).<p></p><p>:&nbsp;<a href=\"https://https//hightech.fm/2023/07/05/it-new-russia\" title=\"hightech.fm\">hightech.fm</a></p>',' -   2023   ','   hh.ru     \',      ,       - junior ()',', ,   ',1,1,1,1,1,'uk-UA','2023-07-14 10:11:28',100,'2023-07-14 10:11:28',100),(9,5,'     ','z-odnoklitinnih-vodorostej-zrobili-vognestijkij-bioplastik','img_9049.jpg','     -  ,    .','<div>   ,  -   - .        \'.    ,     ,         ,    .</div><div>      .     -   ,       -       .</div><div><br></div><div>   ,       ,    \'     .    -    .  ,   .</div><div><br></div><div>\"       ,      ,   ,  \", -   ,   .</div><div><br></div><div>    &nbsp;<a href=\"https://onlinelibrary.wiley.com/doi/10.1002/adfm.202302067\" class=\"external\" target=\"_blank\" style=\"background-color: rgb(255, 255, 255); box-sizing: inherit; text-decoration-skip-ink: auto; transition: color 0.2s ease-in-out;\">Advanced Functional Materials.</a></div>','     ','     -  ,    .',', , , ',1,1,1,1,1,'uk-UA','2023-07-14 10:14:58',100,'2023-07-14 10:14:58',100),(10,5,'Fire-resistant bioplastic made from single-celled algae','fire-resistant-bioplastic-made-from-single-celled-algae','img_9049.jpg','Researchers have developed a new bioplastic from the blue-green cells of cyanobacteria commonly known as spirulina.','<div>Rich in vitamins and minerals, spirulina is a type of blue-green algae. They are commonly used as a health supplement. Now researchers have used spirulina to create a new type of bioplastic that decomposes in a compost pit in the same amount of time it takes a banana peel.</div><div>Bioplastic is entirely made from powdered biomass of cyanobacteria. Using heat and pressure  the same process used to create conventional plastics  the researchers shaped the spirulina powder into various shapes.</div><div><br></div><div>Spirulina was chosen because it can be cultivated on a large scale, and the cyanobacteria cells fix carbon dioxide as they grow. This makes spirulina carbon neutral and potentially carbon negative. In addition, it is fire resistant.</div><div><br></div><div>When exposed to fire, the bioplastic made from spirulina self-extinguishes instantly, unlike many traditional plastics that either burn or melt, explains Harish Ayer, lead author of the study.</div><div><br></div><div>The study was published in the journal&nbsp;<a href=\"https://onlinelibrary.wiley.com/doi/10.1002/adfm.202302067\" class=\"external\" target=\"_blank\" style=\"background-color: rgb(255, 255, 255); box-sizing: inherit; text-decoration-skip-ink: auto; transition: color 0.2s ease-in-out;\">Advanced Functional Materials.</a></div>','Fire-resistant bioplastic made from single-celled algae','Researchers have developed a new bioplastic from the blue-green cells of cyanobacteria commonly known as spirulina.','spirulina, algae, flame retardant, bioplastic',1,1,1,1,1,'en-US','2023-07-14 10:17:23',100,'2023-07-14 10:17:23',100),(11,4,'In the US, robots began to patrol the territory of some schools to improve safety','in-the-us-robots-began-to-patrol-the-territory-of-some-schools-to-improve-safety','im-812660_large.jpg','The United States has launched a pilot program in which robots provide additional security in some schools.','<p style=\"line-height: 1.45em;\">The project in New Mexico County was launched in mid-June. A four-wheeled robot more than one and a half meters high and weighing about 180 kg patrols the school campus around the clock and seven days a week. The robot is equipped with cameras that provide a 360-degree view, the images of which are sent to the security service.</p><p style=\"line-height: 1.45em;\">In addition, at least the robot in Santa Fe is equipped with an artificial intelligence system. It looks at the school\'s normal business patterns and detects people who are on campus after hours or who are engaging in violent behavior. That is, AI can help prevent a crime, and not just fix it.</p><p style=\"line-height: 1.45em;\">Also, the robot can determine if people have weapons, but this function was turned off for the duration of the pilot project.</p><p style=\"line-height: 1.45em;\"><img src=\"https://demo.butterflycms.com/uploads/media/2023/07/im-812651_large.jpg\"><br></p><p style=\"line-height: 1.45em;\">The robot itself does not have any weapons, but it is equipped with a speaker through which security officers can talk to suspicious people or criminals if the crime has already taken place.</p><p style=\"line-height: 1.45em;\">But the robot is not endowed with the function of face recognition. Apparently, in order to avoid claims from the parents of the students.</p><p style=\"line-height: 1.45em;\">The issue of school safety in the US is becoming more acute amid recent shootings, and robots may well help make schools safer.</p><p style=\"margin-bottom: 0px; line-height: 1.45em;\"><br></p><p style=\"margin-bottom: 0px; line-height: 1.45em;\">Source:&nbsp;<a target=\"_blank\" rel=\"nofollow\" href=\"https://www.ixbt.com/click/?c=53616c7465645f5f60f5be92585863c8d1b159457d6da6544ffed708f375bdc565891ecda1c33c3bfa2a8c41cfe1759dee9696d30d463225e108533cfbe6d108f52d4e638543ceb4ee13d724558396a4dc16e348391ee590efb0013666f2616cd20073b46d887595e63840306d57d312bad5bf49413fe217c4d94b599a7faea9169067b591fdbea0d7973d7dc5f0c0119008dc164d33fa88305fe0c094dcce8b&amp;h=ccefe5a43966e74686a246b7e206069567b62330\" title=\"https://www.wsj.com/articles/this-schools-new-security-aide-has-360-degree-vision-its-a-robot-a4f983b5?mod=djemalertNEWS\">The Wall Street Journal</a></p>','In the US, robots began to patrol the territory of some schools to improve safety','The United States has launched a pilot program in which robots provide additional security in some schools.','USA, robots, AI',1,1,1,1,1,'en-US','2023-07-14 11:04:15',100,'2023-07-14 11:04:15',100),(12,4,'          ','u-ssa-roboti-pocali-patruluvati-teritorii-deakih-skil-dla-pidvisenna-bezpeki','im-812660_large.jpg','    ,          .','<p style=\"line-height: 1.45em;\">   -     .          180         .   ,   360- ,      .</p><p style=\"line-height: 1.45em;\"> ,    -    .         ,           .      ,     .</p><p style=\"line-height: 1.45em;\">      ,         .</p><p style=\"line-height: 1.45em;\"><img src=\"https://demo.butterflycms.com/uploads/media/2023/07/im-812651_large.jpg\"><br></p><p style=\"line-height: 1.45em;\">     ,    ,             ,     .</p><p style=\"line-height: 1.45em;\">       . ,       .</p><p style=\"line-height: 1.45em;\">             ,        .</p><p style=\"margin-bottom: 0px; line-height: 1.45em;\">:&nbsp;<a target=\"_blank\" rel=\"nofollow\" href=\"https://www.ixbt.com/click/?c=53616c7465645f5f60f5be92585863c8d1b159457d6da6544ffed708f375bdc565891ecda1c33c3bfa2a8c41cfe1759dee9696d30d463225e108533cfbe6d108f52d4e638543ceb4ee13d724558396a4dc16e348391ee590efb0013666f2616cd20073b46d887595e63840306d57d312bad5bf49413fe217c4d94b599a7faea9169067b591fdbea0d7973d7dc5f0c0119008dc164d33fa88305fe0c094dcce8b&amp;h=ccefe5a43966e74686a246b7e206069567b62330\" title=\"https://www.wsj.com/articles/this-schools-new-security-aide-has-360-degree-vision-its-a-robot-a4f983b5?mod=djemalertNEWS\">The Wall Street Journal</a></p>','          ','    ,          .',', , ',1,1,1,1,1,'uk-UA','2023-07-14 11:04:34',100,'2023-07-14 11:04:34',100),(13,3,'Starlink satellites evaded collisions with other objects 25 thousand times in six months','starlink-satellites-evaded-collisions-with-other-objects-25-thousand-times-in-six-months','starlinkiau.jpg','Starlink communications satellites have to dodge collisions with other man-made objects in space thousands of times every month.','<p>Starlink communications satellites have to dodge collisions with other man-made objects in space thousands of times every month. According to data filed by SpaceX with the US Federal Communications Commission, from December 1, 2022 to May 21, 2023, the satellites had to perform 25,000 evasive maneuvers.<br>According to the company, the threshold for the start of maneuvering of its satellites is an order of magnitude more stringent than the industry standard - satellites begin to change orbit when the probability of collision exceeds 1:100,000, while NASA and other companies set the threshold at 1:10. 000.</p><p>Numerous maneuvers in an orbit full of spacecraft only fuel the fears of many experts, warning that catastrophic collisions in the future are inevitable. At the same time, it is reported that in the previous six months, when there were significantly fewer Starlink satellites in orbit, there were half as many maneuvers - during the reporting period, the group grew by 457 vehicles.</p><p>SpaceX is not the only company with plans to create a mega constellation in orbit. Even if some projects fail to materialize, there will still be tens of thousands of new satellites from various companies in space by the end of the decade.</p><p>Just a few days after the report, a study was published in the journal Astronomy &amp; Astrophysics, indicating that some Starlink satellites also \"glow\" in the radio range, interfering with radio telescopes, not counting the fact that they interfere with observations in the optical range. The \"visibility\" of satellites in the radio range is of great concern to astronomers, since there are virtually no national and international laws to protect their observations.</p><p>Lead author of the study is Federico Di Vruno, one of the directors of the International Astronomical Union\'s (IAU) Center for the Protection of Dark and Silent Sky, which is constantly sounding the alarm about the negative impact of satellite constellations on astronomical observations. It is known that the authors of the report are in close contact with SpaceX, and it has already introduced changes to the next generation of Starlink satellites that will reduce the negative impact on the work of scientists.</p><p>Source:&nbsp;<a href=\"http://techcrunch.com/\" target=\"_blank\" title=\"techcrunch.com\" style=\"background-color: rgb(255, 255, 255); color: rgb(16, 92, 150); text-decoration: underline; outline: 0px;\">techcrunch.com</a></p>','Starlink satellites evaded collisions with other objects 25 thousand times in six months','Starlink communications satellites have to dodge collisions with other man-made objects in space thousands of times every month.','Starlink, SpaceX, satellites',1,1,1,1,1,'en-US','2023-07-14 11:10:53',100,'2023-07-14 11:10:53',100),(14,3,' Starlink      \' 25 .   ','suputniki-starlink-uhililisa-vid-zitknen-z-insimi-obektami-25-tis-raziv-za-pivroku','starlinkiau.jpg',' \' Starlink       \'      .','<p> \' Starlink       \'      .   ,  SpaceX     \' ,  1  2022   21  2023     25 .  .<br>   ,         ,  ,    ,     ,     1:100 000,    NASA        1:10. 000.</p><p>   ,   ,     ,    ,      .   ,   ,   Starlink     ,      -       457 .</p><p>SpaceX -         .         ,               .</p><p>        Astronomy &amp; Astrophysics   ,    ,    Starlink     ,  ,   ,       .       ,           .</p><p>       (Federico Di Vruno),              (IAU),   \'   \'        . ,         SpaceX          Starlink,        .</p><p>:&nbsp;<a href=\"http://techcrunch.com/\" target=\"_blank\" title=\"techcrunch.com\" style=\"background-color: rgb(255, 255, 255); color: rgb(16, 92, 150); text-decoration: underline; outline: 0px;\">techcrunch.com</a></p>',' Starlink      \' 25 .   ',' \' Starlink       \'      .','Starlink, SpaceX, ',1,1,1,1,1,'uk-UA','2023-07-14 11:11:04',100,'2023-07-14 11:11:04',100),(15,2,'BMW priced smart projection glasses for motorcyclists at 690 euros','bmw-priced-smart-projection-glasses-for-motorcyclists-at-690-euros','bmw_01.jpg','BMW has offered motorcycle owners glasses with a tiny projector that allows you to see the necessary information in front of your eyes.','<p>While automakers have long used augmented reality elements, projecting instrument readings and navigation tips onto a specific area of the windshield in front of the drivers eyes, it is more difficult for motorcycle manufacturers to achieve similar goals. BMW solved this problem by offering motorcycle owners glasses with a tiny projector that allows you to see the necessary information in front of your eyes.</p><p>The ConnectedRide device, according to Gizmodo, resembles sports glasses with light filters, while the lenses are interchangeable. The user can both change the degree of their transparency by replacing one set with another, and the curvature of the surface - you can change the diopter values in accordance with the prescriptions of doctors. On the surface of the right lens in front of the driver\'s eye, information about the speed of movement, the current gear of the motorcycle, the speed limit on this section of the road, as well as hints from the navigation system is projected.</p><p>The customer can choose between two dimensions of BMW ConnectedRide goggles, depending on the distance between the pupils of the eyes. The case, which is quite elegant for a device with built-in electronics, houses a battery that allows the glasses to be used for 10 hours without recharging. New BMW motorcycle models must support wireless pairing with these goggles. At least the electric BMW CE 02 is compatible with this very useful accessory.</p><p>Source:&nbsp;<a href=\"https://gizmodo.com/bmw-motorcycle-connectedride-smartglasses-1850621202\" target=\"_blank\" rel=\"nofollow\" style=\"background-color: rgb(255, 255, 255); text-align: justify;\">Gizmodo</a></p>','BMW priced smart projection glasses for motorcyclists at 690 euros','BMW has offered motorcycle owners glasses with a tiny projector that allows you to see the necessary information in front of your eyes.','BMW, smart projection glasses, glasses, VAR',1,1,1,1,1,'en-US','2023-07-14 11:16:56',100,'2023-07-14 11:16:56',100),(16,2,'BMW        690 ','bmw-ocinila-rozumni-proekcijni-okulari-dla-motociklistiv-u-690-evro','bmw_01.jpg','BMW       ,        .','<p>       ,              ,        . BMW   ,       ,       .</p><p> ConnectedRide,   Gizmodo,       ,     .            ,     -        .            ,   ,      ,     .</p><p>        BMW ConnectedRide,      .           ,      10   .    BMW       . ,  BMW CE 02      .</p><p>:&nbsp;<a href=\"https://gizmodo.com/bmw-motorcycle-connectedride-smartglasses-1850621202\" target=\"_blank\" rel=\"nofollow\" style=\"background-color: rgb(255, 255, 255); text-align: justify;\">Gizmodo</a></p>','BMW        690 ','BMW       ,        .','BMW,   , , VAR',1,1,1,1,1,'uk-UA','2023-07-14 11:17:04',100,'2023-07-14 11:17:04',100),(17,1,'IBM will entrust Samsung with the release of its own processors for artificial intelligence systems','ibm-will-entrust-samsung-with-the-release-of-its-own-processors-for-artificial-intelligence-systems','bmw_01.jpg','The contract division of the Korean company will also produce specialized processors for artificial intelligence systems for IBM.','<p>Once upon a time, IBM acted as a technology donor for GlobalFoundries and even sold its processor manufacturing enterprises to the latter, but the buyer eventually decided not to pursue advanced lithography, which forced the blue giant to turn to Samsung Electronics. The contract division of the Korean company will also produce specialized processors for artificial intelligence systems for IBM.</p><p>According to IBM representatives cited by Reuters, the company has developed processors for its own needs, designed to accelerate the work of artificial intelligence cloud systems \"watsonx\". These processors have a rather narrow scope, allowing the corresponding systems to quickly draw logical conclusions based on the results of processing large amounts of data and training models.</p><p>More than a decade ago, IBM tried to shape the market for artificial intelligence systems with its Watson platform, but then the high cost of components and high operating costs became an obstacle to its widespread adoption. The appearance in the arsenal of IBM specialized processors of its own design allows partly to solve this problem. At the very least, with higher power efficiency, these processors can reduce power consumption.</p><p>The existence of Artificial Intelligence Unit processors became known back in October last year, but then IBM did not disclose who would produce them and where they would be used. The release of processors was entrusted to Samsung Electronics, and now IBM already has several thousand working prototypes. When the processors of this family will become available to third-party customers, it is not specified.</p><p>As Mukesh Khare, director of IBM Semiconductors, noted in an interview, the company does not seek to create substitutes for NVIDIA\'s widely used accelerators in the industry. If the latter are tailored for training language models, then IBM solutions are designed to accelerate the formation of logical conclusions based on the collected data and decision making in artificial intelligence systems. An IBM representative emphasized that the company is convinced of its ability to significantly influence this particular market segment.</p><p>Source:&nbsp;<a href=\"https://www.reuters.com/technology/ibm-mulls-using-its-own-ai-chip-new-cloud-service-lower-costs-2023-07-11/\" target=\"_blank\" rel=\"nofollow\" style=\"background-color: rgb(255, 255, 255); color: rgb(16, 92, 150); text-decoration: underline; outline: 0px;\">Reuters</a></p>','IBM will entrust Samsung with the release of its own processors for artificial intelligence systems','The contract division of the Korean company will also produce specialized processors for artificial intelligence systems for IBM.','IBM, Samsung, processors',1,1,1,1,1,'en-US','2023-07-14 11:24:18',100,'2023-07-14 11:24:18',100),(18,1,'IBM  Samsung       ','ibm-dovirit-samsung-vipusk-vlasnih-procesoriv-dla-sistem-stucnogo-intelektu','bmw_01.jpg','     IBM       .','<p>  IBM       GlobalFoundries         ,          ,   \" \"    Samsung Electronics.      IBM       .</p><p>   IBM,    Reuters,     ,        watsonx.       ,                .</p><p>    IBM           Watson,               .    IBM         . ,    ,      .</p><p>   Artificial Intelligence Unit       ,   IBM  ,   ,     .     Samsung Electronics,   IBM         .        ,  .</p><p>   \'  IBM Semiconductors   (Mukesh Khare),         NVIDIA,     .       ,  IBM                .  IBM ,             .</p><p>:&nbsp;<a href=\"https://www.reuters.com/technology/ibm-mulls-using-its-own-ai-chip-new-cloud-service-lower-costs-2023-07-11/\" target=\"_blank\" rel=\"nofollow\" style=\"background-color: rgb(255, 255, 255); color: rgb(16, 92, 150); text-decoration: underline; outline: 0px;\">Reuters</a></p>','IBM  Samsung       ','     IBM       .','IBM, Samsung, ',1,1,1,1,1,'uk-UA','2023-07-14 11:24:39',100,'2023-07-14 11:24:39',100);
/*!40000 ALTER TABLE `btf_blog_posts` ENABLE KEYS */;
UNLOCK TABLES;

LOCK TABLES `btf_blog_tags` WRITE;
/*!40000 ALTER TABLE `btf_blog_tags` DISABLE KEYS */;
INSERT INTO `btf_blog_tags` VALUES (1,NULL,'BMW','bmw','bmw',NULL,NULL,'en-US','2023-07-12 09:38:37',100,'2023-07-12 09:38:37',100),(2,NULL,'VAR','var','VAR',NULL,NULL,'en-US','2023-07-12 09:38:37',100,'2023-07-12 09:38:37',100),(3,NULL,'Starlink','starlink','Starlink',NULL,NULL,'ru-RU','2023-07-12 09:50:30',100,'2023-07-12 09:50:30',100),(4,NULL,'','sputniki','',NULL,NULL,'ru-RU','2023-07-12 09:50:30',100,'2023-07-12 09:50:30',100),(5,NULL,'SpaceX','spacex','SpaceX',NULL,NULL,'ru-RU','2023-07-12 09:50:30',100,'2023-07-12 09:50:30',100),(6,NULL,'','ssa','',NULL,NULL,'ru-RU','2023-07-12 09:58:41',100,'2023-07-12 09:58:41',100),(7,NULL,'','roboty','',NULL,NULL,'ru-RU','2023-07-12 09:58:41',100,'2023-07-12 09:58:41',100),(8,NULL,'','spirulina','',NULL,NULL,'ru-RU','2023-07-12 10:17:21',100,'2023-07-12 10:17:21',100),(9,NULL,'','vodorosli','',NULL,NULL,'ru-RU','2023-07-12 10:17:21',100,'2023-07-12 10:17:21',100),(10,NULL,'','ognestojkij','',NULL,NULL,'ru-RU','2023-07-12 10:17:21',100,'2023-07-12 10:17:21',100),(11,NULL,'','bioplastik','',NULL,NULL,'ru-RU','2023-07-12 10:17:21',100,'2023-07-12 10:17:21',100),(12,NULL,'','rabota','',NULL,NULL,'ru-RU','2023-07-12 10:32:51',100,'2023-07-12 10:32:51',100),(13,NULL,'  IT','rabota-v-it','  IT',NULL,NULL,'ru-RU','2023-07-12 10:32:51',100,'2023-07-12 10:32:51',100),(14,NULL,'work','work','work',NULL,NULL,'en-US','2023-07-14 10:04:18',100,'2023-07-14 10:04:18',100),(15,NULL,'work in IT','work-in-it','work in IT',NULL,NULL,'en-US','2023-07-14 10:04:18',100,'2023-07-14 10:04:18',100),(16,NULL,'','robota','',NULL,NULL,'uk-UA','2023-07-14 10:11:28',100,'2023-07-14 10:11:28',100),(17,NULL,'  IT','robota-v-it','  IT',NULL,NULL,'uk-UA','2023-07-14 10:11:28',100,'2023-07-14 10:11:28',100),(18,NULL,'','vodorosti','',NULL,NULL,'uk-UA','2023-07-14 10:14:58',100,'2023-07-14 10:14:58',100),(19,NULL,'','vognestijkij','',NULL,NULL,'uk-UA','2023-07-14 10:14:58',100,'2023-07-14 10:14:58',100),(20,NULL,'algae','algae','algae',NULL,NULL,'en-US','2023-07-14 10:17:23',100,'2023-07-14 10:17:23',100),(21,NULL,'flame retardant','flame-retardant','flame retardant',NULL,NULL,'en-US','2023-07-14 10:17:23',100,'2023-07-14 10:17:23',100),(22,NULL,'bioplastic','bioplastic','bioplastic',NULL,NULL,'en-US','2023-07-14 10:17:23',100,'2023-07-14 10:17:23',100),(23,NULL,'USA','usa','USA',NULL,NULL,'en-US','2023-07-14 11:04:15',100,'2023-07-14 11:04:15',100),(24,NULL,'robots','robots','robots',NULL,NULL,'en-US','2023-07-14 11:04:15',100,'2023-07-14 11:04:15',100),(25,NULL,'','roboti','',NULL,NULL,'uk-UA','2023-07-14 11:04:34',100,'2023-07-14 11:04:34',100),(26,NULL,'satellites','satellites','satellites',NULL,NULL,'en-US','2023-07-14 11:10:53',100,'2023-07-14 11:10:53',100),(27,NULL,'','suputniki','',NULL,NULL,'uk-UA','2023-07-14 11:11:04',100,'2023-07-14 11:11:04',100),(28,NULL,'smart projection glasses','smart-projection-glasses','smart projection glasses',NULL,NULL,'en-US','2023-07-14 11:16:56',100,'2023-07-14 11:16:56',100),(29,NULL,'glasses','glasses','glasses',NULL,NULL,'en-US','2023-07-14 11:16:56',100,'2023-07-14 11:16:56',100),(30,NULL,'  ','umnye-proekcionnye-ocki','  ',NULL,NULL,'uk-UA','2023-07-14 11:17:04',100,'2023-07-14 11:17:04',100),(31,NULL,'','ocki','',NULL,NULL,'uk-UA','2023-07-14 11:17:04',100,'2023-07-14 11:17:04',100),(32,NULL,'IBM','ibm','IBM',NULL,NULL,'en-US','2023-07-14 11:24:18',100,'2023-07-14 11:24:18',100),(33,NULL,'Samsung','samsung','Samsung',NULL,NULL,'en-US','2023-07-14 11:24:18',100,'2023-07-14 11:24:18',100),(34,NULL,'processors','processors','processors',NULL,NULL,'en-US','2023-07-14 11:24:18',100,'2023-07-14 11:24:18',100),(35,NULL,'','procesori','',NULL,NULL,'uk-UA','2023-07-14 11:24:39',100,'2023-07-14 11:24:39',100),(36,NULL,'','processory','',NULL,NULL,'ru-RU','2023-07-14 11:25:27',100,'2023-07-14 11:25:27',100);
/*!40000 ALTER TABLE `btf_blog_tags` ENABLE KEYS */;
UNLOCK TABLES;

LOCK TABLES `btf_blog_taxonomy` WRITE;
/*!40000 ALTER TABLE `btf_blog_taxonomy` DISABLE KEYS */;
INSERT INTO `btf_blog_taxonomy` VALUES (1,1,8,2),(2,2,8,2),(3,2,1,1),(4,2,2,1),(5,3,17,2),(6,3,3,1),(7,3,4,1),(8,3,5,1),(9,4,14,2),(10,4,6,1),(11,4,7,1),(12,5,3,2),(13,5,8,1),(14,5,9,1),(15,5,10,1),(16,5,11,1),(17,6,11,2),(18,6,12,1),(19,6,13,1),(20,7,10,2),(21,7,14,1),(22,7,15,1),(23,8,12,2),(24,8,16,1),(25,8,17,1),(26,9,4,2),(27,9,18,1),(28,9,19,1),(29,10,2,2),(30,10,20,1),(31,10,21,1),(32,10,22,1),(33,11,13,2),(34,11,23,1),(35,11,24,1),(36,12,15,2),(37,12,25,1),(38,13,16,2),(39,13,26,1),(40,14,18,2),(41,14,27,1),(42,15,7,2),(43,15,28,1),(44,15,29,1),(45,16,9,2),(46,16,30,1),(47,16,31,1),(48,17,1,2),(49,17,7,2),(50,17,32,1),(51,17,33,1),(52,17,34,1),(53,18,9,2),(54,18,35,1),(55,1,36,1),(56,1,32,1);
/*!40000 ALTER TABLE `btf_blog_taxonomy` ENABLE KEYS */;
UNLOCK TABLES;

LOCK TABLES `btf_bookmarks` WRITE;
/*!40000 ALTER TABLE `btf_bookmarks` DISABLE KEYS */;
/*!40000 ALTER TABLE `btf_bookmarks` ENABLE KEYS */;
UNLOCK TABLES;

LOCK TABLES `btf_comments` WRITE;
/*!40000 ALTER TABLE `btf_comments` DISABLE KEYS */;
/*!40000 ALTER TABLE `btf_comments` ENABLE KEYS */;
UNLOCK TABLES;

LOCK TABLES `btf_content` WRITE;
/*!40000 ALTER TABLE `btf_content` DISABLE KEYS */;
/*!40000 ALTER TABLE `btf_content` ENABLE KEYS */;
UNLOCK TABLES;

LOCK TABLES `btf_content_blocks` WRITE;
/*!40000 ALTER TABLE `btf_content_blocks` DISABLE KEYS */;
/*!40000 ALTER TABLE `btf_content_blocks` ENABLE KEYS */;
UNLOCK TABLES;

LOCK TABLES `btf_content_fields` WRITE;
/*!40000 ALTER TABLE `btf_content_fields` DISABLE KEYS */;
/*!40000 ALTER TABLE `btf_content_fields` ENABLE KEYS */;
UNLOCK TABLES;

LOCK TABLES `btf_content_items` WRITE;
/*!40000 ALTER TABLE `btf_content_items` DISABLE KEYS */;
/*!40000 ALTER TABLE `btf_content_items` ENABLE KEYS */;
UNLOCK TABLES;

LOCK TABLES `btf_forms_content` WRITE;
/*!40000 ALTER TABLE `btf_forms_content` DISABLE KEYS */;
/*!40000 ALTER TABLE `btf_forms_content` ENABLE KEYS */;
UNLOCK TABLES;

LOCK TABLES `btf_forms_fields` WRITE;
/*!40000 ALTER TABLE `btf_forms_fields` DISABLE KEYS */;
/*!40000 ALTER TABLE `btf_forms_fields` ENABLE KEYS */;
UNLOCK TABLES;

LOCK TABLES `btf_forms_list` WRITE;
/*!40000 ALTER TABLE `btf_forms_list` DISABLE KEYS */;
/*!40000 ALTER TABLE `btf_forms_list` ENABLE KEYS */;
UNLOCK TABLES;

LOCK TABLES `btf_forms_submits` WRITE;
/*!40000 ALTER TABLE `btf_forms_submits` DISABLE KEYS */;
/*!40000 ALTER TABLE `btf_forms_submits` ENABLE KEYS */;
UNLOCK TABLES;

LOCK TABLES `btf_geo_cities` WRITE;
/*!40000 ALTER TABLE `btf_geo_cities` DISABLE KEYS */;
/*!40000 ALTER TABLE `btf_geo_cities` ENABLE KEYS */;
UNLOCK TABLES;

LOCK TABLES `btf_geo_countries` WRITE;
/*!40000 ALTER TABLE `btf_geo_countries` DISABLE KEYS */;
/*!40000 ALTER TABLE `btf_geo_countries` ENABLE KEYS */;
UNLOCK TABLES;

LOCK TABLES `btf_geo_regions` WRITE;
/*!40000 ALTER TABLE `btf_geo_regions` DISABLE KEYS */;
/*!40000 ALTER TABLE `btf_geo_regions` ENABLE KEYS */;
UNLOCK TABLES;

LOCK TABLES `btf_geo_translations` WRITE;
/*!40000 ALTER TABLE `btf_geo_translations` DISABLE KEYS */;
/*!40000 ALTER TABLE `btf_geo_translations` ENABLE KEYS */;
UNLOCK TABLES;

LOCK TABLES `btf_guard_banned` WRITE;
/*!40000 ALTER TABLE `btf_guard_banned` DISABLE KEYS */;
/*!40000 ALTER TABLE `btf_guard_banned` ENABLE KEYS */;
UNLOCK TABLES;

LOCK TABLES `btf_guard_scanned` WRITE;
/*!40000 ALTER TABLE `btf_guard_scanned` DISABLE KEYS */;
/*!40000 ALTER TABLE `btf_guard_scanned` ENABLE KEYS */;
UNLOCK TABLES;

LOCK TABLES `btf_likes` WRITE;
/*!40000 ALTER TABLE `btf_likes` DISABLE KEYS */;
/*!40000 ALTER TABLE `btf_likes` ENABLE KEYS */;
UNLOCK TABLES;

LOCK TABLES `btf_mails` WRITE;
/*!40000 ALTER TABLE `btf_mails` DISABLE KEYS */;
/*!40000 ALTER TABLE `btf_mails` ENABLE KEYS */;
UNLOCK TABLES;

LOCK TABLES `btf_media` WRITE;
/*!40000 ALTER TABLE `btf_media` DISABLE KEYS */;
INSERT INTO `btf_media` VALUES (1,1,'ibm_01','ibm01','/uploads/media/2023/07/ibm_01.jpg',NULL,NULL,NULL,NULL,'image/jpeg',303338,NULL,NULL,1,'2023-07-12 09:31:13',100,'2023-07-12 09:31:13',100),(2,1,'im-812651_large','im-812651large','/uploads/media/2023/07/im-812651_large.jpg',NULL,NULL,NULL,NULL,'image/jpeg',154827,NULL,NULL,1,'2023-07-12 09:56:33',100,'2023-07-12 09:56:33',100),(3,1,'image','image','/uploads/media/2023/07/image.png',NULL,NULL,NULL,NULL,'image/png',49363,NULL,NULL,1,'2023-07-12 10:27:50',100,'2023-07-12 10:27:50',100),(4,1,'image-2','image-2','/uploads/media/2023/07/image-2.png',NULL,NULL,NULL,NULL,'image/png',48666,NULL,NULL,1,'2023-07-12 10:28:48',100,'2023-07-12 10:28:48',100),(5,1,'image-1','image-1','/uploads/media/2023/07/image-1.png',NULL,NULL,NULL,NULL,'image/png',36106,NULL,NULL,1,'2023-07-12 10:31:58',100,'2023-07-12 10:31:58',100);
/*!40000 ALTER TABLE `btf_media` ENABLE KEYS */;
UNLOCK TABLES;

LOCK TABLES `btf_media_cats` WRITE;
/*!40000 ALTER TABLE `btf_media_cats` DISABLE KEYS */;
INSERT INTO `btf_media_cats` VALUES (1,0,'Uncategorized','uncategorized','Uncategorized media',NULL,NULL,'2023-07-08 13:19:45',NULL,'2023-07-08 13:19:45',NULL);
/*!40000 ALTER TABLE `btf_media_cats` ENABLE KEYS */;
UNLOCK TABLES;

LOCK TABLES `btf_menu` WRITE;
/*!40000 ALTER TABLE `btf_menu` DISABLE KEYS */;
INSERT INTO `btf_menu` VALUES (1,NULL,'Main Menu','','main-menu',1,'en-US','2023-07-11 10:43:32',100,'2023-07-11 11:08:49',100),(2,1,' ','','main-menu',1,'ru-RU','2023-07-11 10:44:06',100,'2023-07-11 11:09:15',100),(3,1,' ','','main-menu',1,'uk-UA','2023-07-11 10:44:20',100,'2023-07-11 11:09:29',100);
/*!40000 ALTER TABLE `btf_menu` ENABLE KEYS */;
UNLOCK TABLES;

LOCK TABLES `btf_menu_items` WRITE;
/*!40000 ALTER TABLE `btf_menu_items` DISABLE KEYS */;
INSERT INTO `btf_menu_items` VALUES (4,1,NULL,'Home','Home Page',1,1,'https://demo.butterflycms.com/pages/home',0,0,'2023-07-11 11:08:49',100,'2023-07-11 11:08:49',100),(5,1,NULL,'About','About Page',4,1,'https://demo.butterflycms.com/pages/home/about',0,0,'2023-07-11 11:08:49',100,'2023-07-11 11:08:49',100),(8,2,NULL,'',' ',2,1,'https://demo.butterflycms.com/ru/pages/glavnaa',0,0,'2023-07-11 11:09:15',100,'2023-07-11 11:09:15',100),(9,2,NULL,' ',' ',5,1,'https://demo.butterflycms.com/ru/pages/glavnaa/o-nas',0,0,'2023-07-11 11:09:15',100,'2023-07-11 11:09:15',100),(10,3,NULL,'',' i',3,1,'https://demo.butterflycms.com/uk/pages/golovna',0,0,'2023-07-11 11:09:29',100,'2023-07-11 11:09:29',100),(11,3,NULL,' ',' ',6,1,'https://demo.butterflycms.com/uk/pages/golovna/pro-nas',0,0,'2023-07-11 11:09:29',100,'2023-07-11 11:09:29',100);
/*!40000 ALTER TABLE `btf_menu_items` ENABLE KEYS */;
UNLOCK TABLES;

LOCK TABLES `btf_messages` WRITE;
/*!40000 ALTER TABLE `btf_messages` DISABLE KEYS */;
/*!40000 ALTER TABLE `btf_messages` ENABLE KEYS */;
UNLOCK TABLES;

LOCK TABLES `btf_migration` WRITE;
/*!40000 ALTER TABLE `btf_migration` DISABLE KEYS */;
INSERT INTO `btf_migration` VALUES ('m000000_000000_base',1688811584),('m181216_211422_geo_countries',1688811584),('m181216_211423_geo_regions',1688811584),('m181216_211424_geo_cities',1688811584),('m181216_211425_geo_translations',1688811584),('m190103_201324_tasks',1688811584),('m190103_201454_tasks_subunits',1688811584),('m190103_201622_tasks_workflow',1688811584),('m190103_224518_tickets',1688811584),('m190103_224855_tickets_messages',1688811584),('m190103_225247_tickets_attachments',1688811584),('m190111_182318_import',1688811584),('m190111_184622_import',1688811584),('m190114_191244_users',1688811584),('m190114_193024_rbac',1688811584),('m190128_181306_users',1688811584),('m190209_130127_stats_visitors',1688811584),('m190209_224417_stats_robots',1688811584),('m190308_163312_forms_list',1688811584),('m190308_163427_forms_fields',1688811585),('m190308_163622_forms_submits',1688811585),('m190308_163646_forms_content',1688811585),('m190324_125044_reviews',1688811585),('m190328_235559_messages',1688811585),('m190510_162417_options',1688811585),('m190522_145317_activity',1688811585),('m190524_225524_bookmarks',1688811585),('m190524_230517_likes',1688811585),('m190524_232715_votes',1688811585),('m190524_234256_reposts',1688811585),('m190525_131624_api',1688811585),('m190705_131244_redirects',1688811585),('m190713_234918_modules',1688811585),('m190725_005152_pages',1688811585),('m190730_020217_news',1688811585),('m190803_225334_mails',1688811585),('m190909_132054_langs',1688811585),('m190909_132533_translations',1688811585),('m191028_021845_subscribers_list',1688811585),('m191028_023318_subscribers',1688811585),('m191028_164515_newsletters',1688811585),('m191220_223044_content_blocks',1688811585),('m191220_224515_content_fields',1688811585),('m191220_232456_content',1688811585),('m191220_233620_content_items',1688811585),('m200105_205517_pages2sitemap',1688811585),('m200106_161822_news2rss',1688811585),('m200107_163624_sitemap',1688811585),('m200109_132144_rss',1688811585),('m200109_135256_amp',1688811585),('m200109_135436_turbo',1688811585),('m200109_141522_news2turbo',1688811585),('m200109_141622_news2sitemap',1688811585),('m200109_141741_news2amp',1688811585),('m200109_141905_pages2turbo',1688811585),('m200109_142012_pages2amp',1688811585),('m200114_220922_pages_parents',1688811585),('m200202_222306_search',1688811585),('m200202_222532_search_keywords',1688811585),('m200202_222848_search_index',1688811585),('m200202_223255_search_ignored',1688811585),('m200229_131724_blog_posts',1688811585),('m200229_162144_blog_cats',1688811585),('m200229_163618_blog_tags',1688811585),('m200229_164251_blog_taxonomy',1688811585),('m200307_214824_live_search',1688811585),('m200314_161824_media_cats',1688811585),('m200314_161944_media',1688811585),('m200401_132436_langs_frontend',1688811585),('m200401_142655_pages_translations',1688811585),('m200409_022041_news_translations',1688811585),('m200412_151632_blog_translations',1688811586),('m200430_224427_forms_translations',1688811586),('m200508_030337_search_languages',1688811586),('m200512_143209_content_translations',1688811586),('m200513_111432_views',1688811586),('m200514_145910_comments',1688811586),('m200603_015617_robots_rules',1688811586),('m200902_022413_users',1688811586),('m200903_023622_guard_banned',1688811586),('m200927_013337_guard_scanned',1688811586),('m201203_210842_menu',1688811586),('m201203_210856_menu_items',1688811586),('m210107_223517_stats_visitors',1688811586),('m210118_010907_profiles',1688811586),('m210118_023214_profiles_fields',1688811586),('m210128_030132_menu_translations',1688811586),('m210223_023824_blog_cats_fix',1688811586),('m230618_010122_api',1688811586),('m230620_141245_users',1688811586);
/*!40000 ALTER TABLE `btf_migration` ENABLE KEYS */;
UNLOCK TABLES;

LOCK TABLES `btf_modules` WRITE;
/*!40000 ALTER TABLE `btf_modules` DISABLE KEYS */;
INSERT INTO `btf_modules` VALUES (1,'options','wdmg/yii2-options','Storage application options (settings) in the database','wdmg\\options\\Module',NULL,'https://github.com/wdmg/yii2-options','a:2:{s:6:\"source\";s:36:\"https://github.com/wdmg/yii2-options\";s:6:\"issues\";s:43:\"https://github.com/wdmg/yii2-options/issues\";}','a:2:{i:0;a:2:{s:4:\"name\";s:24:\"Alexsander Vyshnyvetskyy\";s:5:\"email\";s:28:\"alex.vyshnyvetskyy@gmail.com\";}i:1;a:2:{s:4:\"name\";s:20:\"W.D.M.Group, Ukraine\";s:5:\"email\";s:21:\"wdmg.com.ua@gmail.com\";}}','a:4:{s:12:\"yiisoft/yii2\";s:7:\"^2.0.35\";s:14:\"wdmg/yii2-base\";s:6:\"^1.3.0\";s:21:\"wdmg/yii2-selectinput\";s:6:\"^1.0.9\";s:17:\"wdmg/yii2-helpers\";s:6:\"^1.4.1\";}','yii2-extension','MIT','1.7.0','a:2:{s:11:\"routePrefix\";s:5:\"admin\";s:15:\"autoloadOptions\";b:1;}',1,1,0,'2023-07-08 13:19:45',100,'2023-07-08 13:19:45',100),(2,'users','wdmg/yii2-users','Users management module','wdmg\\users\\Module',NULL,'https://github.com/wdmg/yii2-users','a:2:{s:6:\"source\";s:34:\"https://github.com/wdmg/yii2-users\";s:6:\"issues\";s:41:\"https://github.com/wdmg/yii2-users/issues\";}','a:2:{i:0;a:2:{s:4:\"name\";s:24:\"Alexsander Vyshnyvetskyy\";s:5:\"email\";s:28:\"alex.vyshnyvetskyy@gmail.com\";}i:1;a:2:{s:4:\"name\";s:20:\"W.D.M.Group, Ukraine\";s:5:\"email\";s:21:\"wdmg.com.ua@gmail.com\";}}','a:4:{s:12:\"yiisoft/yii2\";s:7:\"^2.0.40\";s:14:\"wdmg/yii2-base\";s:6:\"^1.3.1\";s:17:\"wdmg/yii2-helpers\";s:6:\"^1.4.5\";s:20:\"wdmg/yii2-validators\";s:6:\"^1.0.7\";}','yii2-extension','MIT','1.2.7','a:6:{s:11:\"routePrefix\";s:5:\"admin\";s:16:\"rememberDuration\";i:86400;s:18:\"signupConfirmation\";a:4:{s:16:\"needConfirmation\";b:0;s:15:\"checkTokenRoute\";s:19:\"site/signup-confirm\";s:12:\"supportEmail\";s:19:\"noreply@example.com\";s:13:\"emailViewPath\";a:2:{s:4:\"html\";s:52:\"@vendor/wdmg/yii2-users/mail/signupConfirmation-html\";s:4:\"text\";s:52:\"@vendor/wdmg/yii2-users/mail/signupConfirmation-text\";}}s:13:\"passwordReset\";a:4:{s:16:\"resetTokenExpire\";i:3600;s:15:\"checkTokenRoute\";s:19:\"site/reset-password\";s:12:\"supportEmail\";s:19:\"noreply@example.com\";s:13:\"emailViewPath\";a:2:{s:4:\"html\";s:47:\"@vendor/wdmg/yii2-users/mail/passwordReset-html\";s:4:\"text\";s:47:\"@vendor/wdmg/yii2-users/mail/passwordReset-text\";}}s:11:\"multiSignIn\";b:1;s:14:\"sessionTimeout\";i:0;}',1,1,0,'2023-07-08 13:19:45',100,'2023-07-08 13:19:45',100),(3,'rbac','wdmg/yii2-rbac','RBAC management module','wdmg\\rbac\\Module',NULL,'https://github.com/wdmg/yii2-rbac','a:2:{s:6:\"source\";s:33:\"https://github.com/wdmg/yii2-rbac\";s:6:\"issues\";s:40:\"https://github.com/wdmg/yii2-rbac/issues\";}','a:2:{i:0;a:2:{s:4:\"name\";s:24:\"Alexsander Vyshnyvetskyy\";s:5:\"email\";s:28:\"alex.vyshnyvetskyy@gmail.com\";}i:1;a:2:{s:4:\"name\";s:20:\"W.D.M.Group, Ukraine\";s:5:\"email\";s:21:\"wdmg.com.ua@gmail.com\";}}','a:2:{s:12:\"yiisoft/yii2\";s:7:\"^2.0.33\";s:14:\"wdmg/yii2-base\";s:6:\"^1.2.0\";}','yii2-extension','MIT','1.2.0','a:6:{s:11:\"routePrefix\";s:5:\"admin\";s:15:\"assignmentTable\";s:21:\"`btf_rbac_assignments`\";s:14:\"itemChildTable\";s:16:\"`btf_rbac_childs`\";s:9:\"itemTable\";s:15:\"`btf_rbac_roles`\";s:9:\"ruleTable\";s:15:\"`btf_rbac_rules`\";s:11:\"errorAction\";s:15:\"rbac/rbac/error\";}',1,1,0,'2023-07-08 13:19:45',100,'2023-07-08 13:19:45',100),(4,'activity','wdmg/yii2-activity','User activity tracking system','wdmg\\activity\\Module',NULL,'https://github.com/wdmg/yii2-activity','a:2:{s:6:\"source\";s:37:\"https://github.com/wdmg/yii2-activity\";s:6:\"issues\";s:44:\"https://github.com/wdmg/yii2-activity/issues\";}','a:2:{i:0;a:2:{s:4:\"name\";s:24:\"Alexsander Vyshnyvetskyy\";s:5:\"email\";s:28:\"alex.vyshnyvetskyy@gmail.com\";}i:1;a:2:{s:4:\"name\";s:20:\"W.D.M.Group, Ukraine\";s:5:\"email\";s:21:\"wdmg.com.ua@gmail.com\";}}','a:2:{s:12:\"yiisoft/yii2\";s:7:\"^2.0.35\";s:14:\"wdmg/yii2-base\";s:6:\"^1.4.1\";}','yii2-extension','MIT','1.2.2','a:8:{s:11:\"routePrefix\";s:5:\"admin\";s:14:\"autoupdateList\";b:1;s:15:\"surfingActivity\";b:0;s:14:\"backendSurfing\";b:1;s:15:\"frontendSurfing\";b:0;s:14:\"ignoringRoutes\";a:0:{}s:13:\"ignoringUsers\";a:0:{}s:10:\"ignoringIp\";a:0:{}}',1,0,5,'2023-07-10 13:13:45',100,'2023-07-10 13:13:45',100),(5,'amp','wdmg/yii2-amp','Google AMP pages generator','wdmg\\amp\\Module',NULL,'https://github.com/wdmg/yii2-amp','a:2:{s:6:\"source\";s:32:\"https://github.com/wdmg/yii2-amp\";s:6:\"issues\";s:39:\"https://github.com/wdmg/yii2-amp/issues\";}','a:2:{i:0;a:2:{s:4:\"name\";s:24:\"Alexsander Vyshnyvetskyy\";s:5:\"email\";s:28:\"alex.vyshnyvetskyy@gmail.com\";}i:1;a:2:{s:4:\"name\";s:20:\"W.D.M.Group, Ukraine\";s:5:\"email\";s:21:\"wdmg.com.ua@gmail.com\";}}','a:2:{s:12:\"yiisoft/yii2\";s:7:\"^2.0.40\";s:14:\"wdmg/yii2-base\";s:6:\"^1.2.4\";}','yii2-extension','MIT','1.1.0','a:4:{s:11:\"routePrefix\";s:5:\"admin\";s:13:\"supportModels\";a:3:{s:5:\"pages\";s:23:\"wdmg\\pages\\models\\Pages\";s:4:\"news\";s:21:\"wdmg\\news\\models\\News\";s:4:\"blog\";s:22:\"wdmg\\blog\\models\\Posts\";}s:11:\"cacheExpire\";i:3600;s:8:\"ampRoute\";s:4:\"/amp\";}',1,0,5,'2023-07-10 13:13:47',100,'2023-07-10 13:13:47',100),(6,'api','wdmg/yii2-api','API control module','wdmg\\api\\Module',NULL,'https://github.com/wdmg/yii2-api','a:2:{s:6:\"source\";s:32:\"https://github.com/wdmg/yii2-api\";s:6:\"issues\";s:39:\"https://github.com/wdmg/yii2-api/issues\";}','a:2:{i:0;a:2:{s:4:\"name\";s:24:\"Alexsander Vyshnyvetskyy\";s:5:\"email\";s:28:\"alex.vyshnyvetskyy@gmail.com\";}i:1;a:2:{s:4:\"name\";s:20:\"W.D.M.Group, Ukraine\";s:5:\"email\";s:21:\"wdmg.com.ua@gmail.com\";}}','a:7:{s:12:\"yiisoft/yii2\";s:7:\"^2.0.40\";s:14:\"wdmg/yii2-base\";s:6:\"^1.2.4\";s:15:\"wdmg/yii2-users\";s:6:\"^1.1.8\";s:17:\"wdmg/yii2-options\";s:6:\"^1.5.7\";s:21:\"wdmg/yii2-selectinput\";s:6:\"^1.0.9\";s:20:\"wdmg/yii2-datepicker\";s:6:\"^1.1.0\";s:21:\"bower-asset/clipboard\";s:6:\"^2.0.6\";}','yii2-extension','MIT','2.0.1','a:9:{s:11:\"routePrefix\";s:5:\"admin\";s:17:\"accessTokenExpire\";i:3600;s:9:\"blockedIp\";a:0:{}s:9:\"rateLimit\";i:30;s:16:\"rateLimitHeaders\";b:0;s:15:\"sendAccessToken\";b:1;s:11:\"authMethods\";a:3:{s:9:\"basicAuth\";b:1;s:10:\"bearerAuth\";b:1;s:9:\"paramAuth\";b:1;}s:15:\"allowedApiModes\";a:2:{s:6:\"public\";b:0;s:7:\"private\";b:1;}s:16:\"allowedApiModels\";a:2:{s:6:\"public\";a:17:{s:29:\"wdmg\\api\\models\\api\\MailerAPI\";b:0;s:27:\"wdmg\\api\\models\\api\\NewsAPI\";b:1;s:27:\"wdmg\\api\\models\\api\\BlogAPI\";b:1;s:30:\"wdmg\\api\\models\\api\\OptionsAPI\";b:0;s:30:\"wdmg\\api\\models\\api\\ContentAPI\";b:1;s:28:\"wdmg\\api\\models\\api\\PagesAPI\";b:1;s:28:\"wdmg\\api\\models\\api\\MediaAPI\";b:1;s:29:\"wdmg\\api\\models\\api\\SearchAPI\";b:1;s:33:\"wdmg\\api\\models\\api\\LiveSearchAPI\";b:0;s:32:\"wdmg\\api\\models\\api\\RedirectsAPI\";b:0;s:28:\"wdmg\\api\\models\\api\\StatsAPI\";b:0;s:28:\"wdmg\\api\\models\\api\\TasksAPI\";b:0;s:30:\"wdmg\\api\\models\\api\\TicketsAPI\";b:0;s:28:\"wdmg\\api\\models\\api\\UsersAPI\";b:0;s:34:\"wdmg\\api\\models\\api\\SubscribersAPI\";b:0;s:38:\"wdmg\\api\\models\\api\\SubscribersListAPI\";b:0;s:34:\"wdmg\\api\\models\\api\\NewslettersAPI\";b:0;}s:7:\"private\";a:17:{s:29:\"wdmg\\api\\models\\api\\MailerAPI\";b:1;s:27:\"wdmg\\api\\models\\api\\NewsAPI\";b:1;s:27:\"wdmg\\api\\models\\api\\BlogAPI\";b:1;s:30:\"wdmg\\api\\models\\api\\OptionsAPI\";b:1;s:30:\"wdmg\\api\\models\\api\\ContentAPI\";b:1;s:28:\"wdmg\\api\\models\\api\\PagesAPI\";b:1;s:28:\"wdmg\\api\\models\\api\\MediaAPI\";b:1;s:29:\"wdmg\\api\\models\\api\\SearchAPI\";b:1;s:33:\"wdmg\\api\\models\\api\\LiveSearchAPI\";b:1;s:32:\"wdmg\\api\\models\\api\\RedirectsAPI\";b:1;s:28:\"wdmg\\api\\models\\api\\StatsAPI\";b:1;s:28:\"wdmg\\api\\models\\api\\TasksAPI\";b:1;s:30:\"wdmg\\api\\models\\api\\TicketsAPI\";b:1;s:28:\"wdmg\\api\\models\\api\\UsersAPI\";b:1;s:34:\"wdmg\\api\\models\\api\\SubscribersAPI\";b:1;s:38:\"wdmg\\api\\models\\api\\SubscribersListAPI\";b:1;s:34:\"wdmg\\api\\models\\api\\NewslettersAPI\";b:1;}}}',0,0,10,'2023-07-10 13:13:49',100,'2023-07-10 13:13:49',100),(7,'blog','wdmg/yii2-blog','Publications manager','wdmg\\blog\\Module',NULL,'https://github.com/wdmg/yii2-blog','a:2:{s:6:\"source\";s:33:\"https://github.com/wdmg/yii2-blog\";s:6:\"issues\";s:40:\"https://github.com/wdmg/yii2-blog/issues\";}','a:2:{i:0;a:2:{s:4:\"name\";s:24:\"Alexsander Vyshnyvetskyy\";s:5:\"email\";s:28:\"alex.vyshnyvetskyy@gmail.com\";}i:1;a:2:{s:4:\"name\";s:20:\"W.D.M.Group, Ukraine\";s:5:\"email\";s:21:\"wdmg.com.ua@gmail.com\";}}','a:8:{s:12:\"yiisoft/yii2\";s:7:\"^2.0.40\";s:14:\"wdmg/yii2-base\";s:6:\"^1.3.0\";s:21:\"wdmg/yii2-selectinput\";s:6:\"^1.0.9\";s:19:\"wdmg/yii2-tagsinput\";s:6:\"^1.0.4\";s:17:\"wdmg/yii2-helpers\";s:6:\"^1.4.2\";s:16:\"wdmg/yii2-editor\";s:7:\"^1.0.10\";s:20:\"wdmg/yii2-validators\";s:6:\"^1.0.6\";s:17:\"wdmg/yii2-widgets\";s:6:\"^1.0.4\";}','yii2-extension','MIT','1.3.0','a:5:{s:11:\"routePrefix\";s:5:\"admin\";s:9:\"baseRoute\";s:5:\"/blog\";s:10:\"baseLayout\";s:23:\"@app/views/layouts/main\";s:9:\"imagePath\";s:13:\"/uploads/blog\";s:14:\"supportLocales\";a:3:{i:0;s:5:\"ru-RU\";i:1;s:5:\"uk-UA\";i:2;s:5:\"en-US\";}}',1,0,5,'2023-07-10 13:13:51',100,'2023-07-10 13:13:51',100),(8,'bookmarks','wdmg/yii2-bookmarks','Bookmarks storage module','wdmg\\bookmarks\\Module',NULL,'https://github.com/wdmg/yii2-bookmarks','a:2:{s:6:\"source\";s:38:\"https://github.com/wdmg/yii2-bookmarks\";s:6:\"issues\";s:45:\"https://github.com/wdmg/yii2-bookmarks/issues\";}','a:2:{i:0;a:2:{s:4:\"name\";s:24:\"Alexsander Vyshnyvetskyy\";s:5:\"email\";s:28:\"alex.vyshnyvetskyy@gmail.com\";}i:1;a:2:{s:4:\"name\";s:20:\"W.D.M.Group, Ukraine\";s:5:\"email\";s:21:\"wdmg.com.ua@gmail.com\";}}','a:2:{s:12:\"yiisoft/yii2\";s:7:\"^2.0.33\";s:14:\"wdmg/yii2-base\";s:6:\"^1.2.0\";}','yii2-extension','MIT','1.0.0','a:1:{s:11:\"routePrefix\";s:5:\"admin\";}',1,0,10,'2023-07-10 13:13:52',100,'2023-07-10 13:13:52',100),(9,'comments','wdmg/yii2-comments','Tree comments system','wdmg\\comments\\Module',NULL,'https://github.com/wdmg/yii2-comments','a:2:{s:6:\"source\";s:37:\"https://github.com/wdmg/yii2-comments\";s:6:\"issues\";s:44:\"https://github.com/wdmg/yii2-comments/issues\";}','a:2:{i:0;a:2:{s:4:\"name\";s:24:\"Alexsander Vyshnyvetskyy\";s:5:\"email\";s:28:\"alex.vyshnyvetskyy@gmail.com\";}i:1;a:2:{s:4:\"name\";s:20:\"W.D.M.Group, Ukraine\";s:5:\"email\";s:21:\"wdmg.com.ua@gmail.com\";}}','a:4:{s:12:\"yiisoft/yii2\";s:7:\"^2.0.40\";s:14:\"wdmg/yii2-base\";s:6:\"^1.2.4\";s:21:\"wdmg/yii2-selectinput\";s:6:\"^1.0.9\";s:17:\"wdmg/yii2-helpers\";s:6:\"^1.3.3\";}','yii2-extension','MIT','2.0.0','a:9:{s:11:\"routePrefix\";s:5:\"admin\";s:17:\"defaultController\";s:22:\"admin/comments/default\";s:9:\"baseRoute\";s:9:\"/comments\";s:15:\"defaultListView\";s:46:\"@vendor/wdmg/yii2-comments/widgets/views/_list\";s:15:\"defaultFormView\";s:46:\"@vendor/wdmg/yii2-comments/widgets/views/_form\";s:18:\"editCommentTimeout\";i:300;s:20:\"deleteCommentTimeout\";i:3600;s:21:\"newCommentsModeration\";b:1;s:21:\"approveFromRegistered\";b:1;}',1,0,8,'2023-07-10 13:13:53',100,'2023-07-10 13:13:53',100),(10,'content','wdmg/yii2-content','Content manager','wdmg\\content\\Module',NULL,'https://github.com/wdmg/yii2-content','a:2:{s:6:\"source\";s:36:\"https://github.com/wdmg/yii2-content\";s:6:\"issues\";s:43:\"https://github.com/wdmg/yii2-content/issues\";}','a:2:{i:0;a:2:{s:4:\"name\";s:24:\"Alexsander Vyshnyvetskyy\";s:5:\"email\";s:28:\"alex.vyshnyvetskyy@gmail.com\";}i:1;a:2:{s:4:\"name\";s:20:\"W.D.M.Group, Ukraine\";s:5:\"email\";s:21:\"wdmg.com.ua@gmail.com\";}}','a:4:{s:12:\"yiisoft/yii2\";s:7:\"^2.0.33\";s:14:\"wdmg/yii2-base\";s:6:\"^1.3.0\";s:21:\"wdmg/yii2-selectinput\";s:6:\"^1.0.9\";s:17:\"wdmg/yii2-widgets\";s:6:\"^1.0.4\";}','yii2-extension','MIT','1.2.0','a:1:{s:11:\"routePrefix\";s:5:\"admin\";}',1,0,4,'2023-07-10 13:13:55',100,'2023-07-10 13:13:55',100),(11,'forms','wdmg/yii2-forms','Creation and management of user forms','wdmg\\forms\\Module',NULL,'https://github.com/wdmg/yii2-forms','a:2:{s:6:\"source\";s:34:\"https://github.com/wdmg/yii2-forms\";s:6:\"issues\";s:41:\"https://github.com/wdmg/yii2-forms/issues\";}','a:2:{i:0;a:2:{s:4:\"name\";s:24:\"Alexsander Vyshnyvetskyy\";s:5:\"email\";s:28:\"alex.vyshnyvetskyy@gmail.com\";}i:1;a:2:{s:4:\"name\";s:20:\"W.D.M.Group, Ukraine\";s:5:\"email\";s:21:\"wdmg.com.ua@gmail.com\";}}','a:4:{s:12:\"yiisoft/yii2\";s:7:\"^2.0.40\";s:14:\"wdmg/yii2-base\";s:6:\"^1.3.0\";s:17:\"wdmg/yii2-helpers\";s:6:\"^1.4.2\";s:21:\"wdmg/yii2-selectinput\";s:6:\"^1.0.9\";}','yii2-extension','MIT','1.2.0','a:2:{s:11:\"routePrefix\";s:5:\"admin\";s:14:\"supportLocales\";a:3:{i:0;s:5:\"ru-RU\";i:1;s:5:\"uk-UA\";i:2;s:5:\"en-US\";}}',1,0,10,'2023-07-10 13:13:58',100,'2023-07-10 13:13:58',100),(12,'guard','wdmg/yii2-guard','Security System','wdmg\\guard\\Module',NULL,'https://github.com/wdmg/yii2-guard','a:2:{s:6:\"source\";s:34:\"https://github.com/wdmg/yii2-guard\";s:6:\"issues\";s:41:\"https://github.com/wdmg/yii2-guard/issues\";}','a:2:{i:0;a:2:{s:4:\"name\";s:24:\"Alexsander Vyshnyvetskyy\";s:5:\"email\";s:28:\"alex.vyshnyvetskyy@gmail.com\";}i:1;a:2:{s:4:\"name\";s:20:\"W.D.M.Group, Ukraine\";s:5:\"email\";s:21:\"wdmg.com.ua@gmail.com\";}}','a:4:{s:12:\"yiisoft/yii2\";s:7:\"^2.0.40\";s:14:\"wdmg/yii2-base\";s:6:\"^1.3.0\";s:17:\"wdmg/yii2-helpers\";s:6:\"^1.4.0\";s:20:\"wdmg/yii2-validators\";s:6:\"^1.0.6\";}','yii2-extension','MIT','1.3.0','a:21:{s:11:\"routePrefix\";s:5:\"admin\";s:10:\"useFilters\";b:1;s:7:\"filters\";a:4:{s:3:\"xss\";b:1;s:3:\"lfi\";b:1;s:3:\"php\";b:1;s:3:\"sql\";b:1;}s:8:\"patterns\";a:4:{s:3:\"xss\";s:166:\"/(<.*?(script|body|object|iframe|applet|meta|style|form|frameset|frame|svg).*?>)|(base64|data\\:|fromCharCode|expression|onmouse|onload|alert|getcookie|document\\.)/uim\";s:3:\"lfi\";s:179:\"/((\\.|%2e){2,}(\\/|%5c|\\\\)|php:\\/\\/|file:\\/\\/|expect:\\/\\/|zip:\\/\\/|yii\\.php|init\\.php|web\\.php|params\\.php|db\\.php|console\\.php|test\\.php|test_db\\.php|phpinfo|passwd|htaccess)/uism\";s:3:\"php\";s:134:\"/(php:\\/\\/|(eval|preg_replace|require|include|call_user|create_func|array_filter|array_reduce|array_walk|array_map|reflection)\\()/uism\";s:3:\"sql\";s:69:\"/(UNION|SELECT|OUTFILE|ALTER|INSERT|DROP|TRUNCATE|({%tables}))\\s/uism\";}s:12:\"useRateLimit\";b:1;s:9:\"rateLimit\";i:60;s:19:\"rateLimitIgnoringIP\";a:2:{i:0;s:3:\"::1\";i:1;s:9:\"127.0.0.1\";}s:23:\"rateLimitIgnoringRoutes\";a:1:{i:0;s:6:\"/admin\";}s:24:\"rateLimitExceptionRoutes\";a:2:{i:0;s:12:\"/admin/login\";i:1;s:14:\"/admin/restore\";}s:25:\"rateLimitIgnoringRequests\";a:3:{s:4:\"post\";b:0;s:3:\"get\";b:0;s:4:\"ajax\";b:1;}s:21:\"rateLimitErrorMessage\";s:48:\"Your request limit has been exceeded! Try later.\";s:17:\"useOverdriveLimit\";b:1;s:14:\"overdriveLimit\";a:2:{s:4:\"post\";i:200;s:3:\"get\";i:100;}s:11:\"maxAttempts\";i:5;s:16:\"attemptsDuration\";i:3600;s:11:\"releaseTime\";i:3600;s:10:\"useIpRange\";b:1;s:15:\"forbiddenLayout\";s:33:\"@wdmg/guard/views/layouts/default\";s:17:\"useFileSystemScan\";b:1;s:14:\"fileSystemScan\";a:5:{s:12:\"scanInterval\";N;s:9:\"autoClear\";b:1;s:9:\"onlyTypes\";a:2:{i:0;s:5:\"*.php\";i:1;s:4:\"*.js\";}s:11:\"exceptTypes\";a:0:{}s:12:\"excludesPath\";a:7:{i:0;s:8:\"@runtime\";i:1;s:6:\"@tests\";i:2;s:14:\"@runtime/cache\";i:3;s:15:\"@webroot/assets\";i:4;s:16:\"@webroot/uploads\";i:5;s:13:\"/node_modules\";i:6;s:5:\"/.git\";}}s:10:\"scanReport\";a:2:{s:13:\"emailViewPath\";a:2:{s:4:\"html\";s:28:\"@wdmg/guard/mail/report-html\";s:4:\"text\";s:28:\"@wdmg/guard/mail/report-text\";}s:11:\"reportEmail\";s:17:\"admin@example.com\";}}',1,0,1,'2023-07-10 13:14:00',100,'2023-07-10 13:14:00',100),(13,'geo','wdmg/yii2-geo','Geo module with countries and cities','wdmg\\geo\\Module',NULL,'https://github.com/wdmg/yii2-geo','a:2:{s:6:\"source\";s:32:\"https://github.com/wdmg/yii2-geo\";s:6:\"issues\";s:39:\"https://github.com/wdmg/yii2-geo/issues\";}','a:2:{i:0;a:2:{s:4:\"name\";s:24:\"Alexsander Vyshnyvetskyy\";s:5:\"email\";s:28:\"alex.vyshnyvetskyy@gmail.com\";}i:1;a:2:{s:4:\"name\";s:20:\"W.D.M.Group, Ukraine\";s:5:\"email\";s:21:\"wdmg.com.ua@gmail.com\";}}','a:2:{s:12:\"yiisoft/yii2\";s:7:\"^2.0.33\";s:14:\"wdmg/yii2-base\";s:6:\"^1.2.0\";}','yii2-extension','MIT','1.2.0','a:1:{s:11:\"routePrefix\";s:5:\"admin\";}',1,0,8,'2023-07-10 13:14:02',100,'2023-07-10 13:14:02',100),(14,'likes','wdmg/yii2-likes','System of accounting user likes','wdmg\\likes\\Module',NULL,'https://github.com/wdmg/yii2-likes','a:2:{s:6:\"source\";s:34:\"https://github.com/wdmg/yii2-likes\";s:6:\"issues\";s:41:\"https://github.com/wdmg/yii2-likes/issues\";}','a:2:{i:0;a:2:{s:4:\"name\";s:24:\"Alexsander Vyshnyvetskyy\";s:5:\"email\";s:28:\"alex.vyshnyvetskyy@gmail.com\";}i:1;a:2:{s:4:\"name\";s:20:\"W.D.M.Group, Ukraine\";s:5:\"email\";s:21:\"wdmg.com.ua@gmail.com\";}}','a:2:{s:12:\"yiisoft/yii2\";s:7:\"^2.0.33\";s:14:\"wdmg/yii2-base\";s:6:\"^1.2.0\";}','yii2-extension','MIT','0.0.12','a:1:{s:11:\"routePrefix\";s:5:\"admin\";}',1,0,10,'2023-07-10 13:14:04',100,'2023-07-10 13:14:04',100),(15,'mailer','wdmg/yii2-mailer','Mail manager','wdmg\\mailer\\Module',NULL,'https://github.com/wdmg/yii2-mailer','a:2:{s:6:\"source\";s:35:\"https://github.com/wdmg/yii2-mailer\";s:6:\"issues\";s:42:\"https://github.com/wdmg/yii2-mailer/issues\";}','a:2:{i:0;a:2:{s:4:\"name\";s:24:\"Alexsander Vyshnyvetskyy\";s:5:\"email\";s:28:\"alex.vyshnyvetskyy@gmail.com\";}i:1;a:2:{s:4:\"name\";s:20:\"W.D.M.Group, Ukraine\";s:5:\"email\";s:21:\"wdmg.com.ua@gmail.com\";}}','a:4:{s:12:\"yiisoft/yii2\";s:7:\"^2.0.35\";s:14:\"wdmg/yii2-base\";s:6:\"^1.2.4\";s:21:\"wdmg/yii2-selectinput\";s:6:\"^1.0.9\";s:25:\"zbateson/mail-mime-parser\";s:6:\"^1.1.5\";}','yii2-extension','MIT','1.4.0','a:18:{s:11:\"routePrefix\";s:5:\"admin\";s:9:\"saveMails\";b:1;s:9:\"mailsPath\";s:13:\"@runtime/mail\";s:10:\"trackMails\";b:1;s:13:\"trackingRoute\";s:5:\"/mail\";s:12:\"saveWebMails\";b:0;s:8:\"webRoute\";s:6:\"/mails\";s:12:\"webMailsPath\";s:14:\"@webroot/mails\";s:15:\"sendingInterval\";i:1;s:12:\"useTransport\";b:0;s:9:\"transport\";a:5:{s:5:\"class\";s:19:\"Swift_SmtpTransport\";s:4:\"host\";s:9:\"localhost\";s:8:\"username\";s:0:\"\";s:8:\"password\";s:0:\"\";s:4:\"port\";s:2:\"25\";}s:16:\"useFileTransport\";b:1;s:13:\"useEncryption\";b:0;s:10:\"encryption\";s:3:\"SSL\";s:16:\"useStreamOptions\";b:0;s:13:\"streamOptions\";a:1:{s:3:\"ssl\";a:3:{s:17:\"allow_self_signed\";b:0;s:11:\"verify_peer\";b:0;s:16:\"verify_peer_name\";b:0;}}s:8:\"viewPath\";s:9:\"@app/mail\";s:9:\"enableLog\";b:1;}',1,0,2,'2023-07-10 13:14:06',100,'2023-07-10 13:14:06',100),(16,'media','wdmg/yii2-media','Media library','wdmg\\media\\Module',NULL,'https://github.com/wdmg/yii2-media','a:2:{s:6:\"source\";s:34:\"https://github.com/wdmg/yii2-media\";s:6:\"issues\";s:41:\"https://github.com/wdmg/yii2-media/issues\";}','a:2:{i:0;a:2:{s:4:\"name\";s:24:\"Alexsander Vyshnyvetskyy\";s:5:\"email\";s:28:\"alex.vyshnyvetskyy@gmail.com\";}i:1;a:2:{s:4:\"name\";s:20:\"W.D.M.Group, Ukraine\";s:5:\"email\";s:21:\"wdmg.com.ua@gmail.com\";}}','a:5:{s:12:\"yiisoft/yii2\";s:7:\"^2.0.40\";s:20:\"yiisoft/yii2-imagine\";s:4:\"^2.2\";s:14:\"wdmg/yii2-base\";s:6:\"^1.3.0\";s:20:\"wdmg/yii2-validators\";s:6:\"^1.0.6\";s:24:\"bower-asset/font-awesome\";s:6:\"^6.4.0\";}','yii2-extension','MIT','2.0.1','a:8:{s:11:\"routePrefix\";s:5:\"admin\";s:10:\"mediaRoute\";s:6:\"/media\";s:20:\"mediaCategoriesRoute\";s:17:\"/media/categories\";s:9:\"mediaPath\";s:14:\"/uploads/media\";s:15:\"mediaThumbsPath\";s:22:\"/uploads/media/_thumbs\";s:16:\"maxFilesToUpload\";i:10;s:13:\"maxUploadSize\";i:5242880;s:11:\"allowedMime\";a:10:{s:9:\"image/png\";b:1;s:10:\"image/jpeg\";b:1;s:9:\"image/gif\";b:1;s:13:\"image/svg+xml\";b:1;s:15:\"application/pdf\";b:1;s:18:\"application/msword\";b:1;s:24:\"application/vnd.ms-excel\";b:1;s:15:\"application/rtf\";b:1;s:8:\"text/csv\";b:1;s:10:\"text/plain\";b:1;}}',1,0,5,'2023-07-10 13:14:08',100,'2023-07-10 13:14:08',100),(17,'menu','wdmg/yii2-menu','Menu module','wdmg\\menu\\Module',NULL,'https://github.com/wdmg/yii2-menu','a:2:{s:6:\"source\";s:33:\"https://github.com/wdmg/yii2-menu\";s:6:\"issues\";s:40:\"https://github.com/wdmg/yii2-menu/issues\";}','a:2:{i:0;a:2:{s:4:\"name\";s:24:\"Alexsander Vyshnyvetskyy\";s:5:\"email\";s:28:\"alex.vyshnyvetskyy@gmail.com\";}i:1;a:2:{s:4:\"name\";s:20:\"W.D.M.Group, Ukraine\";s:5:\"email\";s:21:\"wdmg.com.ua@gmail.com\";}}','a:5:{s:12:\"yiisoft/yii2\";s:7:\"^2.0.40\";s:14:\"wdmg/yii2-base\";s:6:\"^1.3.1\";s:17:\"wdmg/yii2-helpers\";s:6:\"^1.4.5\";s:20:\"wdmg/yii2-validators\";s:6:\"^1.0.7\";s:21:\"wdmg/yii2-selectinput\";s:6:\"^1.0.9\";}','yii2-extension','MIT','1.2.1','a:3:{s:11:\"routePrefix\";s:5:\"admin\";s:13:\"supportModels\";a:3:{s:5:\"pages\";s:23:\"wdmg\\pages\\models\\Pages\";s:4:\"news\";s:21:\"wdmg\\news\\models\\News\";s:4:\"blog\";s:22:\"wdmg\\blog\\models\\Posts\";}s:14:\"supportLocales\";a:3:{i:0;s:5:\"ru-RU\";i:1;s:5:\"uk-UA\";i:2;s:5:\"en-US\";}}',1,0,8,'2023-07-10 13:14:10',100,'2023-07-10 13:14:10',100),(18,'messages','wdmg/yii2-messages','Private messages system','wdmg\\messages\\Module',NULL,'https://github.com/wdmg/yii2-messages','a:2:{s:6:\"source\";s:37:\"https://github.com/wdmg/yii2-messages\";s:6:\"issues\";s:44:\"https://github.com/wdmg/yii2-messages/issues\";}','a:2:{i:0;a:2:{s:4:\"name\";s:24:\"Alexsander Vyshnyvetskyy\";s:5:\"email\";s:28:\"alex.vyshnyvetskyy@gmail.com\";}i:1;a:2:{s:4:\"name\";s:20:\"W.D.M.Group, Ukraine\";s:5:\"email\";s:21:\"wdmg.com.ua@gmail.com\";}}','a:2:{s:12:\"yiisoft/yii2\";s:7:\"^2.0.33\";s:14:\"wdmg/yii2-base\";s:6:\"^1.2.0\";}','yii2-extension','MIT','0.0.10','a:1:{s:11:\"routePrefix\";s:5:\"admin\";}',1,0,10,'2023-07-10 13:14:12',100,'2023-07-10 13:14:12',100),(19,'news','wdmg/yii2-news','News manager','wdmg\\news\\Module',NULL,'https://github.com/wdmg/yii2-news','a:2:{s:6:\"source\";s:33:\"https://github.com/wdmg/yii2-news\";s:6:\"issues\";s:40:\"https://github.com/wdmg/yii2-news/issues\";}','a:2:{i:0;a:2:{s:4:\"name\";s:24:\"Alexsander Vyshnyvetskyy\";s:5:\"email\";s:28:\"alex.vyshnyvetskyy@gmail.com\";}i:1;a:2:{s:4:\"name\";s:20:\"W.D.M.Group, Ukraine\";s:5:\"email\";s:21:\"wdmg.com.ua@gmail.com\";}}','a:6:{s:12:\"yiisoft/yii2\";s:7:\"^2.0.40\";s:14:\"wdmg/yii2-base\";s:6:\"^1.3.0\";s:21:\"wdmg/yii2-selectinput\";s:6:\"^1.0.9\";s:17:\"wdmg/yii2-helpers\";s:6:\"^1.4.2\";s:16:\"wdmg/yii2-editor\";s:7:\"^1.0.10\";s:17:\"wdmg/yii2-widgets\";s:6:\"^1.0.4\";}','yii2-extension','MIT','2.0.0','a:5:{s:11:\"routePrefix\";s:5:\"admin\";s:9:\"baseRoute\";s:5:\"/news\";s:10:\"baseLayout\";s:23:\"@app/views/layouts/main\";s:9:\"imagePath\";s:13:\"/uploads/news\";s:14:\"supportLocales\";a:3:{i:0;s:5:\"ru-RU\";i:1;s:5:\"uk-UA\";i:2;s:5:\"en-US\";}}',1,0,4,'2023-07-10 13:14:14',100,'2023-07-10 13:14:14',100),(20,'newsletters','wdmg/yii2-newsletters','Newsletters manager','wdmg\\newsletters\\Module',NULL,'https://github.com/wdmg/yii2-newsletters','a:2:{s:6:\"source\";s:40:\"https://github.com/wdmg/yii2-newsletters\";s:6:\"issues\";s:47:\"https://github.com/wdmg/yii2-newsletters/issues\";}','a:2:{i:0;a:2:{s:4:\"name\";s:24:\"Alexsander Vyshnyvetskyy\";s:5:\"email\";s:28:\"alex.vyshnyvetskyy@gmail.com\";}i:1;a:2:{s:4:\"name\";s:20:\"W.D.M.Group, Ukraine\";s:5:\"email\";s:21:\"wdmg.com.ua@gmail.com\";}}','a:7:{s:12:\"yiisoft/yii2\";s:7:\"^2.0.40\";s:14:\"wdmg/yii2-base\";s:6:\"^1.3.2\";s:21:\"wdmg/yii2-selectinput\";s:6:\"^1.0.9\";s:19:\"wdmg/yii2-tagsinput\";s:6:\"^1.0.4\";s:17:\"wdmg/yii2-helpers\";s:6:\"^1.4.6\";s:20:\"wdmg/yii2-validators\";s:6:\"^1.0.7\";s:16:\"wdmg/yii2-editor\";s:6:\"^1.1.1\";}','yii2-extension','MIT','2.0.0','a:1:{s:11:\"routePrefix\";s:5:\"admin\";}',1,0,10,'2023-07-10 13:14:17',100,'2023-07-10 13:14:17',100),(21,'pages','wdmg/yii2-pages','Manage static application pages','wdmg\\pages\\Module',NULL,'https://github.com/wdmg/yii2-pages','a:2:{s:6:\"source\";s:34:\"https://github.com/wdmg/yii2-pages\";s:6:\"issues\";s:41:\"https://github.com/wdmg/yii2-pages/issues\";}','a:2:{i:0;a:2:{s:4:\"name\";s:24:\"Alexsander Vyshnyvetskyy\";s:5:\"email\";s:28:\"alex.vyshnyvetskyy@gmail.com\";}i:1;a:2:{s:4:\"name\";s:20:\"W.D.M.Group, Ukraine\";s:5:\"email\";s:21:\"wdmg.com.ua@gmail.com\";}}','a:5:{s:12:\"yiisoft/yii2\";s:7:\"^2.0.40\";s:14:\"wdmg/yii2-base\";s:6:\"^1.3.0\";s:21:\"wdmg/yii2-selectinput\";s:6:\"^1.0.9\";s:16:\"wdmg/yii2-editor\";s:7:\"^1.0.10\";s:17:\"wdmg/yii2-widgets\";s:6:\"^1.0.4\";}','yii2-extension','MIT','1.3.0','a:4:{s:11:\"routePrefix\";s:5:\"admin\";s:9:\"baseRoute\";s:6:\"/pages\";s:10:\"baseLayout\";s:23:\"@app/views/layouts/main\";s:14:\"supportLocales\";a:3:{i:0;s:5:\"ru-RU\";i:1;s:5:\"uk-UA\";i:2;s:5:\"en-US\";}}',1,0,2,'2023-07-10 13:14:19',100,'2023-07-10 13:14:19',100),(22,'profiles','wdmg/yii2-profiles','System of accounting user profiles','wdmg\\profiles\\Module',NULL,'https://github.com/wdmg/yii2-profiles','a:2:{s:6:\"source\";s:37:\"https://github.com/wdmg/yii2-profiles\";s:6:\"issues\";s:44:\"https://github.com/wdmg/yii2-profiles/issues\";}','a:2:{i:0;a:2:{s:4:\"name\";s:24:\"Alexsander Vyshnyvetskyy\";s:5:\"email\";s:28:\"alex.vyshnyvetskyy@gmail.com\";}i:1;a:2:{s:4:\"name\";s:20:\"W.D.M.Group, Ukraine\";s:5:\"email\";s:21:\"wdmg.com.ua@gmail.com\";}}','a:6:{s:12:\"yiisoft/yii2\";s:7:\"^2.0.40\";s:14:\"wdmg/yii2-base\";s:6:\"^1.3.1\";s:15:\"wdmg/yii2-users\";s:6:\"^1.2.3\";s:17:\"wdmg/yii2-helpers\";s:6:\"^1.4.5\";s:20:\"wdmg/yii2-validators\";s:6:\"^1.0.7\";s:21:\"wdmg/yii2-selectinput\";s:6:\"^1.0.9\";}','yii2-extension','MIT','1.1.0','a:3:{s:11:\"routePrefix\";s:5:\"admin\";s:14:\"supportLocales\";a:3:{i:0;s:5:\"ru-RU\";i:1;s:5:\"uk-UA\";i:2;s:5:\"en-US\";}s:14:\"reservedFields\";a:6:{i:0;s:5:\"admin\";i:1;s:13:\"administrator\";i:2;s:4:\"root\";i:3;s:9:\"superuser\";i:4;s:10:\"supervisor\";i:5;s:8:\"timezone\";}}',1,0,8,'2023-07-10 13:14:21',100,'2023-07-10 13:14:21',100),(23,'redirects','wdmg/yii2-redirects','Manage of http-redirects for application','wdmg\\redirects\\Module',NULL,'https://github.com/wdmg/yii2-redirects','a:2:{s:6:\"source\";s:38:\"https://github.com/wdmg/yii2-redirects\";s:6:\"issues\";s:45:\"https://github.com/wdmg/yii2-redirects/issues\";}','a:2:{i:0;a:2:{s:4:\"name\";s:24:\"Alexsander Vyshnyvetskyy\";s:5:\"email\";s:28:\"alex.vyshnyvetskyy@gmail.com\";}i:1;a:2:{s:4:\"name\";s:20:\"W.D.M.Group, Ukraine\";s:5:\"email\";s:21:\"wdmg.com.ua@gmail.com\";}}','a:3:{s:12:\"yiisoft/yii2\";s:7:\"^2.0.40\";s:14:\"wdmg/yii2-base\";s:6:\"^1.2.4\";s:21:\"wdmg/yii2-selectinput\";s:6:\"^1.0.9\";}','yii2-extension','MIT','1.1.0','a:3:{s:11:\"routePrefix\";s:5:\"admin\";s:9:\"autocheck\";b:1;s:13:\"allowExternal\";b:0;}',1,0,1,'2023-07-10 13:14:24',100,'2023-07-10 13:14:24',100),(24,'reposts','wdmg/yii2-reposts','Repost counting module','wdmg\\reposts\\Module',NULL,'https://github.com/wdmg/yii2-reposts','a:2:{s:6:\"source\";s:36:\"https://github.com/wdmg/yii2-reposts\";s:6:\"issues\";s:43:\"https://github.com/wdmg/yii2-reposts/issues\";}','a:2:{i:0;a:2:{s:4:\"name\";s:24:\"Alexsander Vyshnyvetskyy\";s:5:\"email\";s:28:\"alex.vyshnyvetskyy@gmail.com\";}i:1;a:2:{s:4:\"name\";s:20:\"W.D.M.Group, Ukraine\";s:5:\"email\";s:21:\"wdmg.com.ua@gmail.com\";}}','a:2:{s:12:\"yiisoft/yii2\";s:7:\"^2.0.33\";s:14:\"wdmg/yii2-base\";s:6:\"^1.2.0\";}','yii2-extension','MIT','0.0.10','a:1:{s:11:\"routePrefix\";s:5:\"admin\";}',1,0,10,'2023-07-10 13:14:28',100,'2023-07-10 13:14:28',100),(25,'reviews','wdmg/yii2-reviews','Users reviews system','wdmg\\reviews\\Module',NULL,'https://github.com/wdmg/yii2-reviews','a:2:{s:6:\"source\";s:36:\"https://github.com/wdmg/yii2-reviews\";s:6:\"issues\";s:43:\"https://github.com/wdmg/yii2-reviews/issues\";}','a:2:{i:0;a:2:{s:4:\"name\";s:24:\"Alexsander Vyshnyvetskyy\";s:5:\"email\";s:28:\"alex.vyshnyvetskyy@gmail.com\";}i:1;a:2:{s:4:\"name\";s:20:\"W.D.M.Group, Ukraine\";s:5:\"email\";s:21:\"wdmg.com.ua@gmail.com\";}}','a:2:{s:12:\"yiisoft/yii2\";s:7:\"^2.0.33\";s:14:\"wdmg/yii2-base\";s:6:\"^1.2.0\";}','yii2-extension','MIT','0.0.11','a:1:{s:11:\"routePrefix\";s:5:\"admin\";}',1,0,8,'2023-07-10 13:14:30',100,'2023-07-10 13:14:30',100),(26,'robots','wdmg/yii2-robots','Module for automatically generating and edit the robots.txt file','wdmg\\robots\\Module',NULL,'https://github.com/wdmg/yii2-robots','a:2:{s:6:\"source\";s:35:\"https://github.com/wdmg/yii2-robots\";s:6:\"issues\";s:42:\"https://github.com/wdmg/yii2-robots/issues\";}','a:2:{i:0;a:2:{s:4:\"name\";s:24:\"Alexsander Vyshnyvetskyy\";s:5:\"email\";s:28:\"alex.vyshnyvetskyy@gmail.com\";}i:1;a:2:{s:4:\"name\";s:20:\"W.D.M.Group, Ukraine\";s:5:\"email\";s:21:\"wdmg.com.ua@gmail.com\";}}','a:3:{s:12:\"yiisoft/yii2\";s:7:\"^2.0.40\";s:14:\"wdmg/yii2-base\";s:6:\"^1.2.4\";s:21:\"wdmg/yii2-selectinput\";s:6:\"^1.0.9\";}','yii2-extension','MIT','1.1.0','a:2:{s:11:\"routePrefix\";s:5:\"admin\";s:13:\"robotsWebRoot\";s:19:\"@webroot/robots.txt\";}',1,0,10,'2023-07-10 13:14:32',100,'2023-07-10 13:14:32',100),(27,'rss','wdmg/yii2-rss','RSS-feed generator','wdmg\\rss\\Module',NULL,'https://github.com/wdmg/yii2-rss','a:2:{s:6:\"source\";s:32:\"https://github.com/wdmg/yii2-rss\";s:6:\"issues\";s:39:\"https://github.com/wdmg/yii2-rss/issues\";}','a:2:{i:0;a:2:{s:4:\"name\";s:24:\"Alexsander Vyshnyvetskyy\";s:5:\"email\";s:28:\"alex.vyshnyvetskyy@gmail.com\";}i:1;a:2:{s:4:\"name\";s:20:\"W.D.M.Group, Ukraine\";s:5:\"email\";s:21:\"wdmg.com.ua@gmail.com\";}}','a:2:{s:12:\"yiisoft/yii2\";s:7:\"^2.0.35\";s:14:\"wdmg/yii2-base\";s:6:\"^1.2.4\";}','yii2-extension','MIT','1.1.0','a:5:{s:11:\"routePrefix\";s:5:\"admin\";s:13:\"supportModels\";a:2:{s:4:\"news\";s:21:\"wdmg\\news\\models\\News\";s:4:\"blog\";s:22:\"wdmg\\blog\\models\\Posts\";}s:11:\"cacheExpire\";i:3600;s:14:\"channelOptions\";a:0:{}s:9:\"feedRoute\";s:4:\"/rss\";}',1,0,5,'2023-07-10 13:14:34',100,'2023-07-10 13:14:34',100),(28,'search','wdmg/yii2-search','Site search','wdmg\\search\\Module',NULL,'https://github.com/wdmg/yii2-search','a:2:{s:6:\"source\";s:35:\"https://github.com/wdmg/yii2-search\";s:6:\"issues\";s:42:\"https://github.com/wdmg/yii2-search/issues\";}','a:2:{i:0;a:2:{s:4:\"name\";s:24:\"Alexsander Vyshnyvetskyy\";s:5:\"email\";s:28:\"alex.vyshnyvetskyy@gmail.com\";}i:1;a:2:{s:4:\"name\";s:20:\"W.D.M.Group, Ukraine\";s:5:\"email\";s:21:\"wdmg.com.ua@gmail.com\";}}','a:7:{s:12:\"yiisoft/yii2\";s:7:\"^2.0.40\";s:14:\"wdmg/yii2-base\";s:6:\"^1.2.4\";s:17:\"wdmg/yii2-helpers\";s:6:\"^1.3.2\";s:21:\"wdmg/yii2-selectinput\";s:6:\"^1.0.9\";s:20:\"wdmg/yii2-validators\";s:6:\"^1.0.6\";s:16:\"wdmg/lingua-stem\";s:6:\"^1.1.0\";s:14:\"wdmg/phpmorphy\";s:6:\"^1.3.2\";}','yii2-extension','MIT','2.0.0','a:7:{s:11:\"routePrefix\";s:5:\"admin\";s:13:\"supportModels\";a:3:{s:4:\"news\";a:3:{s:5:\"class\";s:21:\"wdmg\\news\\models\\News\";s:8:\"indexing\";a:3:{s:9:\"on_insert\";b:1;s:9:\"on_update\";b:1;s:9:\"on_delete\";b:1;}s:7:\"options\";a:4:{s:5:\"title\";s:5:\"title\";s:3:\"url\";s:3:\"url\";s:6:\"fields\";a:4:{i:0;s:5:\"title\";i:1;s:8:\"keywords\";i:2;s:11:\"description\";i:3;s:7:\"content\";}s:10:\"conditions\";a:1:{s:6:\"status\";i:1;}}}s:4:\"blog\";a:3:{s:5:\"class\";s:22:\"wdmg\\blog\\models\\Posts\";s:8:\"indexing\";a:3:{s:9:\"on_insert\";b:1;s:9:\"on_update\";b:1;s:9:\"on_delete\";b:1;}s:7:\"options\";a:4:{s:5:\"title\";s:5:\"title\";s:3:\"url\";s:3:\"url\";s:6:\"fields\";a:4:{i:0;s:5:\"title\";i:1;s:8:\"keywords\";i:2;s:11:\"description\";i:3;s:7:\"content\";}s:10:\"conditions\";a:1:{s:6:\"status\";i:1;}}}s:5:\"pages\";a:3:{s:5:\"class\";s:23:\"wdmg\\pages\\models\\Pages\";s:8:\"indexing\";a:3:{s:9:\"on_insert\";b:1;s:9:\"on_update\";b:1;s:9:\"on_delete\";b:1;}s:7:\"options\";a:4:{s:5:\"title\";s:5:\"title\";s:3:\"url\";s:3:\"url\";s:6:\"fields\";a:4:{i:0;s:5:\"title\";i:1;s:8:\"keywords\";i:2;s:11:\"description\";i:3;s:7:\"content\";}s:10:\"conditions\";a:1:{s:6:\"status\";i:1;}}}}s:11:\"cacheExpire\";i:86400;s:15:\"indexingOptions\";a:5:{s:10:\"processing\";s:9:\"phpmorphy\";s:10:\"analyze_by\";s:9:\"relevance\";s:18:\"max_execution_time\";i:0;s:12:\"memory_limit\";N;s:9:\"max_words\";i:50;}s:15:\"analyzerOptions\";a:3:{s:10:\"min_length\";i:3;s:10:\"stop_words\";a:0:{}s:7:\"weights\";a:0:{}}s:14:\"snippetOptions\";a:5:{s:16:\"max_words_before\";i:6;s:15:\"max_words_after\";i:4;s:10:\"bolder_tag\";s:6:\"strong\";s:10:\"max_length\";i:255;s:9:\"delimiter\";s:3:\"\";}s:14:\"searchAccuracy\";i:90;}',1,0,5,'2023-07-10 13:14:36',100,'2023-07-10 13:14:36',100),(29,'services','wdmg/yii2-services','System Service Manager','wdmg\\services\\Module',NULL,'https://github.com/wdmg/yii2-services','a:2:{s:6:\"source\";s:37:\"https://github.com/wdmg/yii2-services\";s:6:\"issues\";s:44:\"https://github.com/wdmg/yii2-services/issues\";}','a:2:{i:0;a:2:{s:4:\"name\";s:24:\"Alexsander Vyshnyvetskyy\";s:5:\"email\";s:28:\"alex.vyshnyvetskyy@gmail.com\";}i:1;a:2:{s:4:\"name\";s:20:\"W.D.M.Group, Ukraine\";s:5:\"email\";s:21:\"wdmg.com.ua@gmail.com\";}}','a:3:{s:12:\"yiisoft/yii2\";s:7:\"^2.0.40\";s:14:\"wdmg/yii2-base\";s:6:\"^1.2.4\";s:17:\"wdmg/yii2-helpers\";s:6:\"^1.3.2\";}','yii2-extension','MIT','2.0.0','a:1:{s:11:\"routePrefix\";s:5:\"admin\";}',1,0,9,'2023-07-10 13:14:39',100,'2023-07-10 13:14:39',100),(30,'sitemap','wdmg/yii2-sitemap','Sitemap manager','wdmg\\sitemap\\Module',NULL,'https://github.com/wdmg/yii2-sitemap','a:2:{s:6:\"source\";s:36:\"https://github.com/wdmg/yii2-sitemap\";s:6:\"issues\";s:43:\"https://github.com/wdmg/yii2-sitemap/issues\";}','a:2:{i:0;a:2:{s:4:\"name\";s:24:\"Alexsander Vyshnyvetskyy\";s:5:\"email\";s:28:\"alex.vyshnyvetskyy@gmail.com\";}i:1;a:2:{s:4:\"name\";s:20:\"W.D.M.Group, Ukraine\";s:5:\"email\";s:21:\"wdmg.com.ua@gmail.com\";}}','a:3:{s:12:\"yiisoft/yii2\";s:7:\"^2.0.40\";s:14:\"wdmg/yii2-base\";s:6:\"^1.2.4\";s:21:\"wdmg/yii2-selectinput\";s:6:\"^1.0.9\";}','yii2-extension','MIT','1.2.0','a:6:{s:11:\"routePrefix\";s:5:\"admin\";s:13:\"supportModels\";a:3:{s:5:\"pages\";s:23:\"wdmg\\pages\\models\\Pages\";s:4:\"news\";s:21:\"wdmg\\news\\models\\News\";s:4:\"blog\";s:22:\"wdmg\\blog\\models\\Posts\";}s:11:\"cacheExpire\";i:43200;s:16:\"defaultFrequency\";s:6:\"weekly\";s:15:\"defaultPriority\";d:0.5;s:12:\"sitemapRoute\";s:1:\"/\";}',1,0,4,'2023-07-10 13:14:40',100,'2023-07-10 13:14:40',100),(31,'subscribers','wdmg/yii2-subscribers','Subscribers manager','wdmg\\subscribers\\Module',NULL,'https://github.com/wdmg/yii2-subscribers','a:2:{s:6:\"source\";s:40:\"https://github.com/wdmg/yii2-subscribers\";s:6:\"issues\";s:47:\"https://github.com/wdmg/yii2-subscribers/issues\";}','a:2:{i:0;a:2:{s:4:\"name\";s:24:\"Alexsander Vyshnyvetskyy\";s:5:\"email\";s:28:\"alex.vyshnyvetskyy@gmail.com\";}i:1;a:2:{s:4:\"name\";s:20:\"W.D.M.Group, Ukraine\";s:5:\"email\";s:21:\"wdmg.com.ua@gmail.com\";}}','a:4:{s:12:\"yiisoft/yii2\";s:7:\"^2.0.40\";s:14:\"wdmg/yii2-base\";s:6:\"^1.3.2\";s:21:\"wdmg/yii2-selectinput\";s:6:\"^1.0.9\";s:17:\"wdmg/yii2-helpers\";s:6:\"^1.4.4\";}','yii2-extension','MIT','2.0.0','a:2:{s:11:\"routePrefix\";s:5:\"admin\";s:8:\"webRoute\";s:10:\"/subscribe\";}',1,0,9,'2023-07-10 13:14:43',100,'2023-07-10 13:14:43',100),(32,'tasks','wdmg/yii2-tasks','Task manager','wdmg\\tasks\\Module',NULL,'https://github.com/wdmg/yii2-tasks','a:2:{s:6:\"source\";s:34:\"https://github.com/wdmg/yii2-tasks\";s:6:\"issues\";s:41:\"https://github.com/wdmg/yii2-tasks/issues\";}','a:2:{i:0;a:2:{s:4:\"name\";s:24:\"Alexsander Vyshnyvetskyy\";s:5:\"email\";s:28:\"alex.vyshnyvetskyy@gmail.com\";}i:1;a:2:{s:4:\"name\";s:20:\"W.D.M.Group, Ukraine\";s:5:\"email\";s:21:\"wdmg.com.ua@gmail.com\";}}','a:6:{s:12:\"yiisoft/yii2\";s:7:\"^2.0.35\";s:14:\"wdmg/yii2-base\";s:6:\"^1.2.4\";s:21:\"wdmg/yii2-selectinput\";s:6:\"^1.0.9\";s:17:\"wdmg/yii2-helpers\";s:6:\"^1.3.2\";s:16:\"wdmg/yii2-editor\";s:7:\"^1.0.10\";s:20:\"wdmg/yii2-datepicker\";s:6:\"^1.1.0\";}','yii2-extension','MIT','1.2.0','a:1:{s:11:\"routePrefix\";s:5:\"admin\";}',1,0,8,'2023-07-10 13:14:45',100,'2023-07-10 13:14:45',100),(33,'stats','wdmg/yii2-stats','Statistic module','wdmg\\stats\\Module',NULL,'https://github.com/wdmg/yii2-stats','a:2:{s:6:\"source\";s:34:\"https://github.com/wdmg/yii2-stats\";s:6:\"issues\";s:41:\"https://github.com/wdmg/yii2-stats/issues\";}','a:2:{i:0;a:2:{s:4:\"name\";s:24:\"Alexsander Vyshnyvetskyy\";s:5:\"email\";s:28:\"alex.vyshnyvetskyy@gmail.com\";}i:1;a:2:{s:4:\"name\";s:20:\"W.D.M.Group, Ukraine\";s:5:\"email\";s:21:\"wdmg.com.ua@gmail.com\";}}','a:9:{s:3:\"php\";s:5:\">=5.4\";s:12:\"yiisoft/yii2\";s:7:\"^2.0.40\";s:14:\"wdmg/yii2-base\";s:6:\"^1.3.0\";s:13:\"geoip2/geoip2\";s:4:\"~2.0\";s:17:\"wdmg/yii2-chartjs\";s:6:\"^1.0.7\";s:21:\"wdmg/yii2-selectinput\";s:6:\"^1.0.9\";s:20:\"wdmg/yii2-datepicker\";s:6:\"^1.1.0\";s:17:\"wdmg/yii2-helpers\";s:6:\"^1.4.3\";s:20:\"wdmg/yii2-validators\";s:6:\"^1.0.6\";}','yii2-extension','MIT','1.3.0','a:14:{s:11:\"routePrefix\";s:5:\"admin\";s:12:\"collectStats\";b:1;s:16:\"collectProfiling\";b:1;s:14:\"detectLocation\";b:0;s:13:\"storagePeriod\";i:0;s:9:\"ignoreDev\";b:0;s:10:\"ignoreAjax\";b:1;s:8:\"useChart\";b:1;s:11:\"ignoreRoute\";a:4:{i:0;s:6:\"/admin\";i:1;s:7:\"/admin/\";i:2;s:8:\"/assets/\";i:3;s:9:\"/captcha/\";}s:12:\"ignoreListIp\";a:0:{}s:12:\"ignoreListUA\";a:0:{}s:10:\"cookieName\";s:10:\"yii2_stats\";s:12:\"cookieExpire\";i:3110400;s:17:\"maxmindLicenseKey\";s:0:\"\";}',1,0,10,'2023-07-10 13:14:47',100,'2023-07-10 13:14:47',100),(34,'terminal','wdmg/yii2-terminal','Terminal','wdmg\\terminal\\Module',NULL,'https://github.com/wdmg/yii2-terminal','a:2:{s:6:\"source\";s:37:\"https://github.com/wdmg/yii2-terminal\";s:6:\"issues\";s:44:\"https://github.com/wdmg/yii2-terminal/issues\";}','a:2:{i:0;a:2:{s:4:\"name\";s:24:\"Alexsander Vyshnyvetskyy\";s:5:\"email\";s:28:\"alex.vyshnyvetskyy@gmail.com\";}i:1;a:2:{s:4:\"name\";s:20:\"W.D.M.Group, Ukraine\";s:5:\"email\";s:21:\"wdmg.com.ua@gmail.com\";}}','a:5:{s:3:\"php\";s:7:\">=5.6.0\";s:12:\"yiisoft/yii2\";s:7:\"^2.0.40\";s:14:\"wdmg/yii2-base\";s:6:\"^1.3.0\";s:21:\"bower-asset/jquery-ui\";s:5:\"^1.12\";s:27:\"bower-asset/jquery.terminal\";s:6:\"^2.6.3\";}','yii2-extension','MIT','1.3.1','a:3:{s:11:\"routePrefix\";s:5:\"admin\";s:8:\"allowCLI\";b:0;s:10:\"supportCLI\";a:23:{i:0;s:3:\"php\";i:1;s:5:\"mysql\";i:2;s:4:\"curl\";i:3;s:3:\"tar\";i:4;s:4:\"gzip\";i:5;s:4:\"lzma\";i:6;s:2:\"ls\";i:7;s:5:\"mkdir\";i:8;s:3:\"cat\";i:9;s:2:\"cd\";i:10;s:3:\"pwd\";i:11;s:5:\"touch\";i:12;s:4:\"less\";i:13;s:4:\"head\";i:14;s:4:\"tail\";i:15;s:2:\"rm\";i:16;s:5:\"rmdir\";i:17;s:7:\"history\";i:18;s:2:\"cp\";i:19;s:2:\"mv\";i:20;s:4:\"find\";i:21;s:5:\"quota\";i:22;s:3:\"scp\";}}',1,0,8,'2023-07-10 13:14:50',100,'2023-07-10 13:14:50',100),(35,'tickets','wdmg/yii2-tickets','Support tickets system','wdmg\\tickets\\Module',NULL,'https://github.com/wdmg/yii2-tickets','a:2:{s:6:\"source\";s:36:\"https://github.com/wdmg/yii2-tickets\";s:6:\"issues\";s:43:\"https://github.com/wdmg/yii2-tickets/issues\";}','a:2:{i:0;a:2:{s:4:\"name\";s:24:\"Alexsander Vyshnyvetskyy\";s:5:\"email\";s:28:\"alex.vyshnyvetskyy@gmail.com\";}i:1;a:2:{s:4:\"name\";s:20:\"W.D.M.Group, Ukraine\";s:5:\"email\";s:21:\"wdmg.com.ua@gmail.com\";}}','a:4:{s:12:\"yiisoft/yii2\";s:7:\"^2.0.35\";s:14:\"wdmg/yii2-base\";s:6:\"^1.2.4\";s:16:\"wdmg/yii2-editor\";s:7:\"^1.0.10\";s:17:\"wdmg/yii2-helpers\";s:6:\"^1.3.2\";}','yii2-extension','MIT','1.2.0','a:1:{s:11:\"routePrefix\";s:5:\"admin\";}',1,0,10,'2023-07-10 13:14:53',100,'2023-07-10 13:14:53',100),(36,'translations','wdmg/yii2-translations','Translate manager','wdmg\\translations\\Module',NULL,'https://github.com/wdmg/yii2-translations','a:2:{s:6:\"source\";s:41:\"https://github.com/wdmg/yii2-translations\";s:6:\"issues\";s:48:\"https://github.com/wdmg/yii2-translations/issues\";}','a:2:{i:0;a:2:{s:4:\"name\";s:24:\"Alexsander Vyshnyvetskyy\";s:5:\"email\";s:28:\"alex.vyshnyvetskyy@gmail.com\";}i:1;a:2:{s:4:\"name\";s:20:\"W.D.M.Group, Ukraine\";s:5:\"email\";s:21:\"wdmg.com.ua@gmail.com\";}}','a:5:{s:8:\"ext-intl\";s:7:\">=1.0.0\";s:12:\"yiisoft/yii2\";s:7:\"^2.0.40\";s:14:\"wdmg/yii2-base\";s:6:\"^1.2.4\";s:21:\"wdmg/yii2-selectinput\";s:6:\"^1.0.9\";s:17:\"bower-asset/flags\";s:10:\"dev-master\";}','yii2-extension','MIT','1.3.1','a:12:{s:11:\"routePrefix\";s:5:\"admin\";s:16:\"forceTranslation\";b:0;s:14:\"supportLocales\";a:12:{i:0;s:2:\"en\";i:1;s:5:\"en-US\";i:2;s:2:\"uk\";i:3;s:5:\"uk-UA\";i:4;s:2:\"ru\";i:5;s:5:\"ru-RU\";i:6;s:2:\"de\";i:7;s:5:\"de-DE\";i:8;s:2:\"fr\";i:9;s:5:\"fr-FR\";i:10;s:2:\"hi\";i:11;s:5:\"hi-IN\";}s:14:\"sourceLanguage\";s:5:\"en-US\";s:13:\"enableCaching\";b:1;s:15:\"cachingDuration\";i:3600;s:14:\"languageScheme\";s:6:\"before\";s:16:\"urlManagerConfig\";a:4:{s:15:\"enablePrettyUrl\";b:1;s:14:\"showScriptName\";b:0;s:19:\"enableStrictParsing\";b:0;s:5:\"rules\";a:2:{s:1:\"/\";s:10:\"site/index\";s:13:\"/<action:\\w+>\";s:13:\"site/<action>\";}}s:17:\"languageOpenGraph\";b:1;s:16:\"languageHrefLang\";b:1;s:19:\"useExtendedPatterns\";b:0;s:15:\"hideDefaultLang\";b:1;}',1,0,1,'2023-07-10 13:14:55',100,'2023-07-10 13:14:55',100),(37,'turbo','wdmg/yii2-turbo','Yandex Turbo-pages generator','wdmg\\turbo\\Module',NULL,'https://github.com/wdmg/yii2-turbo','a:2:{s:6:\"source\";s:34:\"https://github.com/wdmg/yii2-turbo\";s:6:\"issues\";s:41:\"https://github.com/wdmg/yii2-turbo/issues\";}','a:2:{i:0;a:2:{s:4:\"name\";s:24:\"Alexsander Vyshnyvetskyy\";s:5:\"email\";s:28:\"alex.vyshnyvetskyy@gmail.com\";}i:1;a:2:{s:4:\"name\";s:20:\"W.D.M.Group, Ukraine\";s:5:\"email\";s:21:\"wdmg.com.ua@gmail.com\";}}','a:2:{s:12:\"yiisoft/yii2\";s:7:\"^2.0.35\";s:14:\"wdmg/yii2-base\";s:6:\"^1.2.4\";}','yii2-extension','MIT','1.1.0','a:5:{s:11:\"routePrefix\";s:5:\"admin\";s:13:\"supportModels\";a:3:{s:5:\"pages\";s:23:\"wdmg\\pages\\models\\Pages\";s:4:\"news\";s:21:\"wdmg\\news\\models\\News\";s:4:\"blog\";s:22:\"wdmg\\blog\\models\\Posts\";}s:11:\"cacheExpire\";i:3600;s:14:\"channelOptions\";a:0:{}s:10:\"turboRoute\";s:6:\"/turbo\";}',1,0,5,'2023-07-10 13:15:11',100,'2023-07-10 13:15:11',100),(38,'views','wdmg/yii2-views','System of accounting user views','wdmg\\views\\Module',NULL,'https://github.com/wdmg/yii2-views','a:2:{s:6:\"source\";s:34:\"https://github.com/wdmg/yii2-views\";s:6:\"issues\";s:41:\"https://github.com/wdmg/yii2-views/issues\";}','a:2:{i:0;a:2:{s:4:\"name\";s:24:\"Alexsander Vyshnyvetskyy\";s:5:\"email\";s:28:\"alex.vyshnyvetskyy@gmail.com\";}i:1;a:2:{s:4:\"name\";s:20:\"W.D.M.Group, Ukraine\";s:5:\"email\";s:21:\"wdmg.com.ua@gmail.com\";}}','a:4:{s:12:\"yiisoft/yii2\";s:7:\"^2.0.35\";s:14:\"wdmg/yii2-base\";s:6:\"^1.2.4\";s:21:\"wdmg/yii2-selectinput\";s:6:\"^1.0.9\";s:17:\"wdmg/yii2-helpers\";s:6:\"^1.3.2\";}','yii2-extension','MIT','1.1.0','a:2:{s:11:\"routePrefix\";s:5:\"admin\";s:11:\"cacheExpire\";i:604800;}',1,0,10,'2023-07-10 13:15:14',100,'2023-07-10 13:15:14',100),(39,'votes','wdmg/yii2-votes','User voting module','wdmg\\votes\\Module',NULL,'https://github.com/wdmg/yii2-votes','a:2:{s:6:\"source\";s:34:\"https://github.com/wdmg/yii2-votes\";s:6:\"issues\";s:41:\"https://github.com/wdmg/yii2-votes/issues\";}','a:2:{i:0;a:2:{s:4:\"name\";s:24:\"Alexsander Vyshnyvetskyy\";s:5:\"email\";s:28:\"alex.vyshnyvetskyy@gmail.com\";}i:1;a:2:{s:4:\"name\";s:20:\"W.D.M.Group, Ukraine\";s:5:\"email\";s:21:\"wdmg.com.ua@gmail.com\";}}','a:2:{s:12:\"yiisoft/yii2\";s:7:\"^2.0.33\";s:14:\"wdmg/yii2-base\";s:6:\"^1.2.0\";}','yii2-extension','MIT','0.0.10','a:1:{s:11:\"routePrefix\";s:5:\"admin\";}',1,0,10,'2023-07-10 13:15:16',100,'2023-07-10 13:15:16',100);
/*!40000 ALTER TABLE `btf_modules` ENABLE KEYS */;
UNLOCK TABLES;

LOCK TABLES `btf_news` WRITE;
/*!40000 ALTER TABLE `btf_news` DISABLE KEYS */;
INSERT INTO `btf_news` VALUES (1,NULL,'Run Demo site','run-demo-site',NULL,'We are run demo site!','Content of news about demo site.','Run Demo site','About demo site.','demo site, run demo site',1,'en-US',1,1,'2023-07-11 11:17:24',100,'2023-07-11 11:17:24',100,1,1),(2,1,' -','zapusk-demo-sajta',NULL,'  -!','    -.',' -','  -',', -',1,'ru-RU',1,1,'2023-07-11 11:50:46',100,'2023-07-11 11:50:46',100,1,1),(3,1,' -','zapusk-demo-sajtu',NULL,'  -!','    -.',' -','  -',', -',1,'uk-UA',1,1,'2023-07-11 11:53:18',100,'2023-07-11 11:53:18',100,1,1);
/*!40000 ALTER TABLE `btf_news` ENABLE KEYS */;
UNLOCK TABLES;

LOCK TABLES `btf_newsletters` WRITE;
/*!40000 ALTER TABLE `btf_newsletters` DISABLE KEYS */;
/*!40000 ALTER TABLE `btf_newsletters` ENABLE KEYS */;
UNLOCK TABLES;

LOCK TABLES `btf_options` WRITE;
/*!40000 ALTER TABLE `btf_options` DISABLE KEYS */;
INSERT INTO `btf_options` VALUES (1,NULL,'Admin email','adminEmail','admin@example.com','admin@example.com','email',1,1,'2023-07-08 13:19:46','2023-07-08 13:19:46'),(2,NULL,'Sender email','senderEmail','noreply@example.com','noreply@example.com','email',1,1,'2023-07-08 13:19:46','2023-07-08 13:19:46'),(3,NULL,'Sender name','senderName','Example.com mailer','Example.com mailer','string',1,1,'2023-07-08 13:19:46','2023-07-08 13:19:46'),(4,'options','Options autoload options','autoloadOptions','1','1','boolean',1,0,'2023-07-08 13:19:46','2023-07-08 13:19:46'),(5,'users','Users remember duration','rememberDuration','86400','86400','integer',1,0,'2023-07-08 13:19:46','2023-07-08 13:19:46'),(6,'users','Users signup confirmation','signupConfirmation','a:4:{s:16:\"needConfirmation\";b:0;s:15:\"checkTokenRoute\";s:19:\"site/signup-confirm\";s:12:\"supportEmail\";s:19:\"noreply@example.com\";s:13:\"emailViewPath\";a:2:{s:4:\"html\";s:52:\"@vendor/wdmg/yii2-users/mail/signupConfirmation-html\";s:4:\"text\";s:52:\"@vendor/wdmg/yii2-users/mail/signupConfirmation-text\";}}','a:4:{s:16:\"needConfirmation\";b:0;s:15:\"checkTokenRoute\";s:19:\"site/signup-confirm\";s:12:\"supportEmail\";s:19:\"noreply@example.com\";s:13:\"emailViewPath\";a:2:{s:4:\"html\";s:52:\"@vendor/wdmg/yii2-users/mail/signupConfirmation-html\";s:4:\"text\";s:52:\"@vendor/wdmg/yii2-users/mail/signupConfirmation-text\";}}','array',1,0,'2023-07-08 13:19:46','2023-07-08 13:19:46'),(7,'users','Users password reset','passwordReset','a:4:{s:16:\"resetTokenExpire\";i:3600;s:15:\"checkTokenRoute\";s:19:\"site/reset-password\";s:12:\"supportEmail\";s:19:\"noreply@example.com\";s:13:\"emailViewPath\";a:2:{s:4:\"html\";s:47:\"@vendor/wdmg/yii2-users/mail/passwordReset-html\";s:4:\"text\";s:47:\"@vendor/wdmg/yii2-users/mail/passwordReset-text\";}}','a:4:{s:16:\"resetTokenExpire\";i:3600;s:15:\"checkTokenRoute\";s:19:\"site/reset-password\";s:12:\"supportEmail\";s:19:\"noreply@example.com\";s:13:\"emailViewPath\";a:2:{s:4:\"html\";s:47:\"@vendor/wdmg/yii2-users/mail/passwordReset-html\";s:4:\"text\";s:47:\"@vendor/wdmg/yii2-users/mail/passwordReset-text\";}}','array',1,0,'2023-07-08 13:19:46','2023-07-08 13:19:46'),(8,'users','Users multi sign in','multiSignIn','1','1','boolean',1,0,'2023-07-08 13:19:46','2023-07-08 13:19:46'),(9,'users','Users session timeout','sessionTimeout','0','0','integer',1,0,'2023-07-08 13:19:46','2023-07-08 13:19:46'),(10,'rbac','Rbac assignment table','assignmentTable','`btf_rbac_assignments`','`btf_rbac_assignments`','string',1,0,'2023-07-08 13:19:46','2023-07-08 13:19:46'),(11,'rbac','Rbac item child table','itemChildTable','`btf_rbac_childs`','`btf_rbac_childs`','string',1,0,'2023-07-08 13:19:46','2023-07-08 13:19:46'),(12,'rbac','Rbac item table','itemTable','`btf_rbac_roles`','`btf_rbac_roles`','string',1,0,'2023-07-08 13:19:46','2023-07-08 13:19:46'),(13,'rbac','Rbac rule table','ruleTable','`btf_rbac_rules`','`btf_rbac_rules`','string',1,0,'2023-07-08 13:19:46','2023-07-08 13:19:46'),(14,'rbac','Rbac error action','errorAction','rbac/rbac/error','rbac/rbac/error','string',1,0,'2023-07-08 13:19:46','2023-07-08 13:19:46'),(15,'activity','Activity autoupdate list','autoupdateList','1','1','boolean',1,0,'2023-07-10 13:13:45','2023-07-10 13:13:45'),(16,'activity','Activity surfing activity','surfingActivity','0','0','boolean',1,0,'2023-07-10 13:13:45','2023-07-10 13:13:45'),(17,'activity','Activity backend surfing','backendSurfing','1','1','boolean',1,0,'2023-07-10 13:13:45','2023-07-10 13:13:45'),(18,'activity','Activity frontend surfing','frontendSurfing','0','0','boolean',1,0,'2023-07-10 13:13:45','2023-07-10 13:13:45'),(19,'activity','Activity ignoring routes','ignoringRoutes','a:0:{}','a:0:{}','array',1,0,'2023-07-10 13:13:45','2023-07-10 13:13:45'),(20,'activity','Activity ignoring users','ignoringUsers','a:0:{}','a:0:{}','array',1,0,'2023-07-10 13:13:45','2023-07-10 13:13:45'),(21,'activity','Activity ignoring ip','ignoringIp','a:0:{}','a:0:{}','array',1,0,'2023-07-10 13:13:45','2023-07-10 13:13:45'),(22,'activity','Activity timezone','timezone','Europe/Kiev','Europe/Kiev','string',1,0,'2023-07-10 13:13:45','2023-07-10 13:13:45'),(23,'activity','Activity private properties','privateProperties','a:7:{i:0;s:4:\"name\";i:1;s:11:\"description\";i:2;s:19:\"controllerNamespace\";i:3;s:12:\"defaultRoute\";i:4;s:11:\"routePrefix\";i:5;s:6:\"vendor\";i:6;s:13:\"controllerMap\";}','a:7:{i:0;s:4:\"name\";i:1;s:11:\"description\";i:2;s:19:\"controllerNamespace\";i:3;s:12:\"defaultRoute\";i:4;s:11:\"routePrefix\";i:5;s:6:\"vendor\";i:6;s:13:\"controllerMap\";}','array',1,0,'2023-07-10 13:13:45','2023-07-10 13:13:45'),(24,'activity','Activity params','params','a:0:{}','a:0:{}','array',1,0,'2023-07-10 13:13:45','2023-07-10 13:13:45'),(25,'amp','Amp support models','supportModels','a:3:{s:5:\"pages\";s:23:\"wdmg\\pages\\models\\Pages\";s:4:\"news\";s:21:\"wdmg\\news\\models\\News\";s:4:\"blog\";s:22:\"wdmg\\blog\\models\\Posts\";}','a:3:{s:5:\"pages\";s:23:\"wdmg\\pages\\models\\Pages\";s:4:\"news\";s:21:\"wdmg\\news\\models\\News\";s:4:\"blog\";s:22:\"wdmg\\blog\\models\\Posts\";}','array',1,0,'2023-07-10 13:13:47','2023-07-10 13:13:47'),(26,'amp','Amp cache expire','cacheExpire','3600','3600','integer',1,0,'2023-07-10 13:13:47','2023-07-10 13:13:47'),(27,'amp','Amp amp route','ampRoute','/amp','/amp','string',1,0,'2023-07-10 13:13:47','2023-07-10 13:13:47'),(28,'amp','Amp timezone','timezone','Europe/Kiev','Europe/Kiev','string',1,0,'2023-07-10 13:13:47','2023-07-10 13:13:47'),(29,'amp','Amp private properties','privateProperties','a:7:{i:0;s:4:\"name\";i:1;s:11:\"description\";i:2;s:19:\"controllerNamespace\";i:3;s:12:\"defaultRoute\";i:4;s:11:\"routePrefix\";i:5;s:6:\"vendor\";i:6;s:13:\"controllerMap\";}','a:7:{i:0;s:4:\"name\";i:1;s:11:\"description\";i:2;s:19:\"controllerNamespace\";i:3;s:12:\"defaultRoute\";i:4;s:11:\"routePrefix\";i:5;s:6:\"vendor\";i:6;s:13:\"controllerMap\";}','array',1,0,'2023-07-10 13:13:47','2023-07-10 13:13:47'),(30,'amp','Amp params','params','a:0:{}','a:0:{}','array',1,0,'2023-07-10 13:13:47','2023-07-10 13:13:47'),(31,'api','Api access token expire','accessTokenExpire','3600','3600','integer',1,0,'2023-07-10 13:13:49','2023-07-10 13:13:49'),(32,'api','Api rate limit','rateLimit','30','30','integer',1,0,'2023-07-10 13:13:49','2023-07-10 13:13:49'),(33,'api','Api rate limit headers','rateLimitHeaders','0','0','boolean',1,0,'2023-07-10 13:13:49','2023-07-10 13:13:49'),(34,'api','Api auth methods','authMethods','a:3:{s:9:\"basicAuth\";b:1;s:10:\"bearerAuth\";b:1;s:9:\"paramAuth\";b:1;}','a:3:{s:9:\"basicAuth\";b:1;s:10:\"bearerAuth\";b:1;s:9:\"paramAuth\";b:1;}','array',1,0,'2023-07-10 13:13:49','2023-07-10 13:13:49'),(35,'api','Api allowed api modes','allowedApiModes','a:2:{s:6:\"public\";b:1;s:7:\"private\";b:1;}','a:2:{s:6:\"public\";b:1;s:7:\"private\";b:1;}','array',1,0,'2023-07-10 13:13:49','2023-07-10 13:13:49'),(36,'api','Api allowed api models','allowedApiModels','a:2:{s:6:\"public\";a:19:{s:29:\"wdmg\\api\\models\\api\\MailerAPI\";b:0;s:27:\"wdmg\\api\\models\\api\\NewsAPI\";b:1;s:27:\"wdmg\\api\\models\\api\\BlogAPI\";b:1;s:30:\"wdmg\\api\\models\\api\\OptionsAPI\";b:0;s:30:\"wdmg\\api\\models\\api\\ContentAPI\";b:1;s:28:\"wdmg\\api\\models\\api\\PagesAPI\";b:1;s:28:\"wdmg\\api\\models\\api\\MediaAPI\";b:1;s:29:\"wdmg\\api\\models\\api\\SearchAPI\";b:1;s:27:\"wdmg\\api\\models\\api\\MenuAPI\";b:1;s:31:\"wdmg\\api\\models\\api\\CommentsAPI\";b:1;s:33:\"wdmg\\api\\models\\api\\LiveSearchAPI\";b:0;s:32:\"wdmg\\api\\models\\api\\RedirectsAPI\";b:0;s:28:\"wdmg\\api\\models\\api\\StatsAPI\";b:0;s:28:\"wdmg\\api\\models\\api\\TasksAPI\";b:0;s:30:\"wdmg\\api\\models\\api\\TicketsAPI\";b:0;s:28:\"wdmg\\api\\models\\api\\UsersAPI\";b:0;s:34:\"wdmg\\api\\models\\api\\SubscribersAPI\";b:0;s:38:\"wdmg\\api\\models\\api\\SubscribersListAPI\";b:0;s:34:\"wdmg\\api\\models\\api\\NewslettersAPI\";b:0;}s:7:\"private\";a:19:{s:29:\"wdmg\\api\\models\\api\\MailerAPI\";b:1;s:27:\"wdmg\\api\\models\\api\\NewsAPI\";b:1;s:27:\"wdmg\\api\\models\\api\\BlogAPI\";b:1;s:30:\"wdmg\\api\\models\\api\\OptionsAPI\";b:1;s:30:\"wdmg\\api\\models\\api\\ContentAPI\";b:1;s:28:\"wdmg\\api\\models\\api\\PagesAPI\";b:1;s:28:\"wdmg\\api\\models\\api\\MediaAPI\";b:1;s:29:\"wdmg\\api\\models\\api\\SearchAPI\";b:1;s:27:\"wdmg\\api\\models\\api\\MenuAPI\";b:1;s:31:\"wdmg\\api\\models\\api\\CommentsAPI\";b:1;s:33:\"wdmg\\api\\models\\api\\LiveSearchAPI\";b:1;s:32:\"wdmg\\api\\models\\api\\RedirectsAPI\";b:1;s:28:\"wdmg\\api\\models\\api\\StatsAPI\";b:1;s:28:\"wdmg\\api\\models\\api\\TasksAPI\";b:1;s:30:\"wdmg\\api\\models\\api\\TicketsAPI\";b:1;s:28:\"wdmg\\api\\models\\api\\UsersAPI\";b:1;s:34:\"wdmg\\api\\models\\api\\SubscribersAPI\";b:1;s:38:\"wdmg\\api\\models\\api\\SubscribersListAPI\";b:1;s:34:\"wdmg\\api\\models\\api\\NewslettersAPI\";b:1;}}','a:2:{s:6:\"public\";a:19:{s:29:\"wdmg\\api\\models\\api\\MailerAPI\";b:0;s:27:\"wdmg\\api\\models\\api\\NewsAPI\";b:1;s:27:\"wdmg\\api\\models\\api\\BlogAPI\";b:1;s:30:\"wdmg\\api\\models\\api\\OptionsAPI\";b:0;s:30:\"wdmg\\api\\models\\api\\ContentAPI\";b:1;s:28:\"wdmg\\api\\models\\api\\PagesAPI\";b:1;s:28:\"wdmg\\api\\models\\api\\MediaAPI\";b:1;s:29:\"wdmg\\api\\models\\api\\SearchAPI\";b:1;s:27:\"wdmg\\api\\models\\api\\MenuAPI\";b:1;s:31:\"wdmg\\api\\models\\api\\CommentsAPI\";b:1;s:33:\"wdmg\\api\\models\\api\\LiveSearchAPI\";b:0;s:32:\"wdmg\\api\\models\\api\\RedirectsAPI\";b:0;s:28:\"wdmg\\api\\models\\api\\StatsAPI\";b:0;s:28:\"wdmg\\api\\models\\api\\TasksAPI\";b:0;s:30:\"wdmg\\api\\models\\api\\TicketsAPI\";b:0;s:28:\"wdmg\\api\\models\\api\\UsersAPI\";b:0;s:34:\"wdmg\\api\\models\\api\\SubscribersAPI\";b:0;s:38:\"wdmg\\api\\models\\api\\SubscribersListAPI\";b:0;s:34:\"wdmg\\api\\models\\api\\NewslettersAPI\";b:0;}s:7:\"private\";a:19:{s:29:\"wdmg\\api\\models\\api\\MailerAPI\";b:1;s:27:\"wdmg\\api\\models\\api\\NewsAPI\";b:1;s:27:\"wdmg\\api\\models\\api\\BlogAPI\";b:1;s:30:\"wdmg\\api\\models\\api\\OptionsAPI\";b:1;s:30:\"wdmg\\api\\models\\api\\ContentAPI\";b:1;s:28:\"wdmg\\api\\models\\api\\PagesAPI\";b:1;s:28:\"wdmg\\api\\models\\api\\MediaAPI\";b:1;s:29:\"wdmg\\api\\models\\api\\SearchAPI\";b:1;s:27:\"wdmg\\api\\models\\api\\MenuAPI\";b:1;s:31:\"wdmg\\api\\models\\api\\CommentsAPI\";b:1;s:33:\"wdmg\\api\\models\\api\\LiveSearchAPI\";b:1;s:32:\"wdmg\\api\\models\\api\\RedirectsAPI\";b:1;s:28:\"wdmg\\api\\models\\api\\StatsAPI\";b:1;s:28:\"wdmg\\api\\models\\api\\TasksAPI\";b:1;s:30:\"wdmg\\api\\models\\api\\TicketsAPI\";b:1;s:28:\"wdmg\\api\\models\\api\\UsersAPI\";b:1;s:34:\"wdmg\\api\\models\\api\\SubscribersAPI\";b:1;s:38:\"wdmg\\api\\models\\api\\SubscribersListAPI\";b:1;s:34:\"wdmg\\api\\models\\api\\NewslettersAPI\";b:1;}}','array',1,0,'2023-07-10 13:13:49','2023-07-10 13:13:49'),(37,'api','Api send access token','sendAccessToken','1','1','boolean',1,0,'2023-07-10 13:13:49','2023-07-10 13:13:49'),(38,'api','Api blocked ip','blockedIp','a:0:{}','a:0:{}','array',1,0,'2023-07-10 13:13:49','2023-07-10 13:13:49'),(39,'api','Api support locales','supportLocales','a:3:{i:0;s:5:\"ru-RU\";i:1;s:5:\"uk-UA\";i:2;s:5:\"en-US\";}','a:3:{i:0;s:5:\"ru-RU\";i:1;s:5:\"uk-UA\";i:2;s:5:\"en-US\";}','array',1,0,'2023-07-10 13:13:49','2023-07-10 13:13:49'),(40,'api','Api timezone','timezone','Europe/Kiev','Europe/Kiev','string',1,0,'2023-07-10 13:13:49','2023-07-10 13:13:49'),(41,'api','Api private properties','privateProperties','a:7:{i:0;s:4:\"name\";i:1;s:11:\"description\";i:2;s:19:\"controllerNamespace\";i:3;s:12:\"defaultRoute\";i:4;s:11:\"routePrefix\";i:5;s:6:\"vendor\";i:6;s:13:\"controllerMap\";}','a:7:{i:0;s:4:\"name\";i:1;s:11:\"description\";i:2;s:19:\"controllerNamespace\";i:3;s:12:\"defaultRoute\";i:4;s:11:\"routePrefix\";i:5;s:6:\"vendor\";i:6;s:13:\"controllerMap\";}','array',1,0,'2023-07-10 13:13:49','2023-07-10 13:13:49'),(42,'api','Api params','params','a:0:{}','a:0:{}','array',1,0,'2023-07-10 13:13:49','2023-07-10 13:13:49'),(43,'blog','Blog base route','baseRoute','/blog','/blog','string',1,0,'2023-07-10 13:13:51','2023-07-10 13:13:51'),(44,'blog','Blog cats route','catsRoute','/blog/categories','/blog/categories','string',1,0,'2023-07-10 13:13:51','2023-07-10 13:13:51'),(45,'blog','Blog tags route','tagsRoute','/blog/tags','/blog/tags','regexp',1,0,'2023-07-10 13:13:51','2023-07-10 13:13:51'),(46,'blog','Blog default controller','defaultController','admin/blog/default','admin/blog/default','string',1,0,'2023-07-10 13:13:51','2023-07-10 13:13:51'),(47,'blog','Blog base layout','baseLayout','@app/views/layouts/main','@app/views/layouts/main','string',1,0,'2023-07-10 13:13:51','2023-07-10 13:13:51'),(48,'blog','Blog image path','imagePath','/uploads/blog','/uploads/blog','regexp',1,0,'2023-07-10 13:13:51','2023-07-10 13:13:51'),(49,'blog','Blog support locales','supportLocales','a:3:{i:0;s:5:\"ru-RU\";i:1;s:5:\"uk-UA\";i:2;s:5:\"en-US\";}','a:3:{i:0;s:5:\"ru-RU\";i:1;s:5:\"uk-UA\";i:2;s:5:\"en-US\";}','array',1,0,'2023-07-10 13:13:51','2023-07-10 13:13:51'),(50,'blog','Blog timezone','timezone','Europe/Kiev','Europe/Kiev','string',1,0,'2023-07-10 13:13:51','2023-07-10 13:13:51'),(51,'blog','Blog private properties','privateProperties','a:7:{i:0;s:4:\"name\";i:1;s:11:\"description\";i:2;s:19:\"controllerNamespace\";i:3;s:12:\"defaultRoute\";i:4;s:11:\"routePrefix\";i:5;s:6:\"vendor\";i:6;s:13:\"controllerMap\";}','a:7:{i:0;s:4:\"name\";i:1;s:11:\"description\";i:2;s:19:\"controllerNamespace\";i:3;s:12:\"defaultRoute\";i:4;s:11:\"routePrefix\";i:5;s:6:\"vendor\";i:6;s:13:\"controllerMap\";}','array',1,0,'2023-07-10 13:13:51','2023-07-10 13:13:51'),(52,'blog','Blog params','params','a:0:{}','a:0:{}','array',1,0,'2023-07-10 13:13:51','2023-07-10 13:13:51'),(53,'bookmarks','Bookmarks timezone','timezone','Europe/Kiev','Europe/Kiev','string',1,0,'2023-07-10 13:13:52','2023-07-10 13:13:52'),(54,'bookmarks','Bookmarks private properties','privateProperties','a:7:{i:0;s:4:\"name\";i:1;s:11:\"description\";i:2;s:19:\"controllerNamespace\";i:3;s:12:\"defaultRoute\";i:4;s:11:\"routePrefix\";i:5;s:6:\"vendor\";i:6;s:13:\"controllerMap\";}','a:7:{i:0;s:4:\"name\";i:1;s:11:\"description\";i:2;s:19:\"controllerNamespace\";i:3;s:12:\"defaultRoute\";i:4;s:11:\"routePrefix\";i:5;s:6:\"vendor\";i:6;s:13:\"controllerMap\";}','array',1,0,'2023-07-10 13:13:52','2023-07-10 13:13:52'),(55,'bookmarks','Bookmarks params','params','a:0:{}','a:0:{}','array',1,0,'2023-07-10 13:13:52','2023-07-10 13:13:52'),(56,'comments','Comments default controller','defaultController','admin/comments/default','admin/comments/default','string',1,0,'2023-07-10 13:13:53','2023-07-10 13:13:53'),(57,'comments','Comments base route','baseRoute','/comments','/comments','string',1,0,'2023-07-10 13:13:53','2023-07-10 13:13:53'),(58,'comments','Comments default list view','defaultListView','@vendor/wdmg/yii2-comments/widgets/views/_list','@vendor/wdmg/yii2-comments/widgets/views/_list','string',1,0,'2023-07-10 13:13:53','2023-07-10 13:13:53'),(59,'comments','Comments default form view','defaultFormView','@vendor/wdmg/yii2-comments/widgets/views/_form','@vendor/wdmg/yii2-comments/widgets/views/_form','string',1,0,'2023-07-10 13:13:53','2023-07-10 13:13:53'),(60,'comments','Comments edit comment timeout','editCommentTimeout','300','300','integer',1,0,'2023-07-10 13:13:53','2023-07-10 13:13:53'),(61,'comments','Comments delete comment timeout','deleteCommentTimeout','3600','3600','integer',1,0,'2023-07-10 13:13:53','2023-07-10 13:13:53'),(62,'comments','Comments new comments moderation','newCommentsModeration','1','1','boolean',1,0,'2023-07-10 13:13:53','2023-07-10 13:13:53'),(63,'comments','Comments approve from registered','approveFromRegistered','1','1','boolean',1,0,'2023-07-10 13:13:53','2023-07-10 13:13:53'),(64,'comments','Comments timezone','timezone','Europe/Kiev','Europe/Kiev','string',1,0,'2023-07-10 13:13:53','2023-07-10 13:13:53'),(65,'comments','Comments private properties','privateProperties','a:7:{i:0;s:4:\"name\";i:1;s:11:\"description\";i:2;s:19:\"controllerNamespace\";i:3;s:12:\"defaultRoute\";i:4;s:11:\"routePrefix\";i:5;s:6:\"vendor\";i:6;s:13:\"controllerMap\";}','a:7:{i:0;s:4:\"name\";i:1;s:11:\"description\";i:2;s:19:\"controllerNamespace\";i:3;s:12:\"defaultRoute\";i:4;s:11:\"routePrefix\";i:5;s:6:\"vendor\";i:6;s:13:\"controllerMap\";}','array',1,0,'2023-07-10 13:13:53','2023-07-10 13:13:53'),(66,'comments','Comments params','params','a:0:{}','a:0:{}','array',1,0,'2023-07-10 13:13:53','2023-07-10 13:13:53'),(67,'content','Content support locales','supportLocales','a:3:{i:0;s:5:\"ru-RU\";i:1;s:5:\"uk-UA\";i:2;s:5:\"en-US\";}','a:3:{i:0;s:5:\"ru-RU\";i:1;s:5:\"uk-UA\";i:2;s:5:\"en-US\";}','array',1,0,'2023-07-10 13:13:55','2023-07-10 13:13:55'),(68,'content','Content timezone','timezone','Europe/Kiev','Europe/Kiev','string',1,0,'2023-07-10 13:13:55','2023-07-10 13:13:55'),(69,'content','Content private properties','privateProperties','a:7:{i:0;s:4:\"name\";i:1;s:11:\"description\";i:2;s:19:\"controllerNamespace\";i:3;s:12:\"defaultRoute\";i:4;s:11:\"routePrefix\";i:5;s:6:\"vendor\";i:6;s:13:\"controllerMap\";}','a:7:{i:0;s:4:\"name\";i:1;s:11:\"description\";i:2;s:19:\"controllerNamespace\";i:3;s:12:\"defaultRoute\";i:4;s:11:\"routePrefix\";i:5;s:6:\"vendor\";i:6;s:13:\"controllerMap\";}','array',1,0,'2023-07-10 13:13:55','2023-07-10 13:13:55'),(70,'content','Content params','params','a:0:{}','a:0:{}','array',1,0,'2023-07-10 13:13:55','2023-07-10 13:13:55'),(71,'forms','Forms support locales','supportLocales','a:3:{i:0;s:5:\"ru-RU\";i:1;s:5:\"uk-UA\";i:2;s:5:\"en-US\";}','a:3:{i:0;s:5:\"ru-RU\";i:1;s:5:\"uk-UA\";i:2;s:5:\"en-US\";}','array',1,0,'2023-07-10 13:13:58','2023-07-10 13:13:58'),(72,'forms','Forms timezone','timezone','Europe/Kiev','Europe/Kiev','string',1,0,'2023-07-10 13:13:58','2023-07-10 13:13:58'),(73,'forms','Forms private properties','privateProperties','a:7:{i:0;s:4:\"name\";i:1;s:11:\"description\";i:2;s:19:\"controllerNamespace\";i:3;s:12:\"defaultRoute\";i:4;s:11:\"routePrefix\";i:5;s:6:\"vendor\";i:6;s:13:\"controllerMap\";}','a:7:{i:0;s:4:\"name\";i:1;s:11:\"description\";i:2;s:19:\"controllerNamespace\";i:3;s:12:\"defaultRoute\";i:4;s:11:\"routePrefix\";i:5;s:6:\"vendor\";i:6;s:13:\"controllerMap\";}','array',1,0,'2023-07-10 13:13:58','2023-07-10 13:13:58'),(74,'forms','Forms params','params','a:0:{}','a:0:{}','array',1,0,'2023-07-10 13:13:58','2023-07-10 13:13:58'),(75,'guard','Guard password recency','passwordRecency','1','1','boolean',1,0,'2023-07-10 13:14:00','2023-07-10 13:14:00'),(76,'guard','Guard use filters','useFilters','1','1','boolean',1,0,'2023-07-10 13:14:00','2023-07-10 13:14:00'),(77,'guard','Guard filters','filters','a:4:{s:3:\"xss\";b:0;s:3:\"lfi\";b:1;s:3:\"php\";b:1;s:3:\"sql\";b:1;}','a:4:{s:3:\"xss\";b:0;s:3:\"lfi\";b:1;s:3:\"php\";b:1;s:3:\"sql\";b:1;}','array',1,0,'2023-07-10 13:14:00','2023-07-10 13:14:00'),(78,'guard','Guard patterns','patterns','a:4:{s:3:\"xss\";s:166:\"/(<.*?(script|body|object|iframe|applet|meta|style|form|frameset|frame|svg).*?>)|(base64|data\\:|fromCharCode|expression|onmouse|onload|alert|getcookie|document\\.)/uim\";s:3:\"lfi\";s:179:\"/((\\.|%2e){2,}(\\/|%5c|\\\\)|php:\\/\\/|file:\\/\\/|expect:\\/\\/|zip:\\/\\/|yii\\.php|init\\.php|web\\.php|params\\.php|db\\.php|console\\.php|test\\.php|test_db\\.php|phpinfo|passwd|htaccess)/uism\";s:3:\"php\";s:134:\"/(php:\\/\\/|(eval|preg_replace|require|include|call_user|create_func|array_filter|array_reduce|array_walk|array_map|reflection)\\()/uism\";s:3:\"sql\";s:69:\"/(UNION|SELECT|OUTFILE|ALTER|INSERT|DROP|TRUNCATE|({%tables}))\\s/uism\";}','a:4:{s:3:\"xss\";s:166:\"/(<.*?(script|body|object|iframe|applet|meta|style|form|frameset|frame|svg).*?>)|(base64|data\\:|fromCharCode|expression|onmouse|onload|alert|getcookie|document\\.)/uim\";s:3:\"lfi\";s:179:\"/((\\.|%2e){2,}(\\/|%5c|\\\\)|php:\\/\\/|file:\\/\\/|expect:\\/\\/|zip:\\/\\/|yii\\.php|init\\.php|web\\.php|params\\.php|db\\.php|console\\.php|test\\.php|test_db\\.php|phpinfo|passwd|htaccess)/uism\";s:3:\"php\";s:134:\"/(php:\\/\\/|(eval|preg_replace|require|include|call_user|create_func|array_filter|array_reduce|array_walk|array_map|reflection)\\()/uism\";s:3:\"sql\";s:69:\"/(UNION|SELECT|OUTFILE|ALTER|INSERT|DROP|TRUNCATE|({%tables}))\\s/uism\";}','array',1,0,'2023-07-10 13:14:00','2023-07-10 13:14:00'),(79,'guard','Guard use rate limit','useRateLimit','1','1','boolean',1,0,'2023-07-10 13:14:00','2023-07-10 13:14:00'),(80,'guard','Guard rate limit','rateLimit','60','60','integer',1,0,'2023-07-10 13:14:00','2023-07-10 13:14:00'),(81,'guard','Guard rate limit ignoring i p','rateLimitIgnoringIP','a:2:{i:0;s:3:\"::1\";i:1;s:9:\"127.0.0.1\";}','a:2:{i:0;s:3:\"::1\";i:1;s:9:\"127.0.0.1\";}','array',1,0,'2023-07-10 13:14:00','2023-07-10 13:14:00'),(82,'guard','Guard rate limit ignoring routes','rateLimitIgnoringRoutes','a:1:{i:0;s:6:\"/admin\";}','a:1:{i:0;s:6:\"/admin\";}','array',1,0,'2023-07-10 13:14:00','2023-07-10 13:14:00'),(83,'guard','Guard rate limit exception routes','rateLimitExceptionRoutes','a:2:{i:0;s:12:\"/admin/login\";i:1;s:14:\"/admin/restore\";}','a:2:{i:0;s:12:\"/admin/login\";i:1;s:14:\"/admin/restore\";}','array',1,0,'2023-07-10 13:14:00','2023-07-10 13:14:00'),(84,'guard','Guard rate limit ignoring requests','rateLimitIgnoringRequests','a:3:{s:4:\"post\";b:0;s:3:\"get\";b:0;s:4:\"ajax\";b:1;}','a:3:{s:4:\"post\";b:0;s:3:\"get\";b:0;s:4:\"ajax\";b:1;}','array',1,0,'2023-07-10 13:14:00','2023-07-10 13:14:00'),(85,'guard','Guard rate limit error message','rateLimitErrorMessage','Your request limit has been exceeded! Try later.','Your request limit has been exceeded! Try later.','string',1,0,'2023-07-10 13:14:00','2023-07-10 13:14:00'),(86,'guard','Guard use overdrive limit','useOverdriveLimit','1','1','boolean',1,0,'2023-07-10 13:14:00','2023-07-10 13:14:00'),(87,'guard','Guard overdrive limit','overdriveLimit','a:2:{s:4:\"post\";i:200;s:3:\"get\";i:100;}','a:2:{s:4:\"post\";i:200;s:3:\"get\";i:100;}','array',1,0,'2023-07-10 13:14:00','2023-07-10 13:14:00'),(88,'guard','Guard max attempts','maxAttempts','5','5','integer',1,0,'2023-07-10 13:14:00','2023-07-10 13:14:00'),(89,'guard','Guard attempts duration','attemptsDuration','3600','3600','integer',1,0,'2023-07-10 13:14:00','2023-07-10 13:14:00'),(90,'guard','Guard release time','releaseTime','3600','3600','integer',1,0,'2023-07-10 13:14:00','2023-07-10 13:14:00'),(91,'guard','Guard use ip range','useIpRange','1','1','boolean',1,0,'2023-07-10 13:14:00','2023-07-10 13:14:00'),(92,'guard','Guard forbidden layout','forbiddenLayout','@wdmg/guard/views/layouts/default','@wdmg/guard/views/layouts/default','string',1,0,'2023-07-10 13:14:00','2023-07-10 13:14:00'),(93,'guard','Guard use file system scan','useFileSystemScan','1','1','boolean',1,0,'2023-07-10 13:14:00','2023-07-10 13:14:00'),(94,'guard','Guard file system scan','fileSystemScan','a:5:{s:12:\"scanInterval\";N;s:9:\"autoClear\";b:1;s:9:\"onlyTypes\";a:2:{i:0;s:5:\"*.php\";i:1;s:4:\"*.js\";}s:11:\"exceptTypes\";a:0:{}s:12:\"excludesPath\";a:7:{i:0;s:8:\"@runtime\";i:1;s:6:\"@tests\";i:2;s:14:\"@runtime/cache\";i:3;s:15:\"@webroot/assets\";i:4;s:16:\"@webroot/uploads\";i:5;s:13:\"/node_modules\";i:6;s:5:\"/.git\";}}','a:5:{s:12:\"scanInterval\";N;s:9:\"autoClear\";b:1;s:9:\"onlyTypes\";a:2:{i:0;s:5:\"*.php\";i:1;s:4:\"*.js\";}s:11:\"exceptTypes\";a:0:{}s:12:\"excludesPath\";a:7:{i:0;s:8:\"@runtime\";i:1;s:6:\"@tests\";i:2;s:14:\"@runtime/cache\";i:3;s:15:\"@webroot/assets\";i:4;s:16:\"@webroot/uploads\";i:5;s:13:\"/node_modules\";i:6;s:5:\"/.git\";}}','array',1,0,'2023-07-10 13:14:00','2023-07-10 13:14:00'),(95,'guard','Guard scan report','scanReport','a:2:{s:13:\"emailViewPath\";a:2:{s:4:\"html\";s:28:\"@wdmg/guard/mail/report-html\";s:4:\"text\";s:28:\"@wdmg/guard/mail/report-text\";}s:11:\"reportEmail\";s:17:\"admin@example.com\";}','a:2:{s:13:\"emailViewPath\";a:2:{s:4:\"html\";s:28:\"@wdmg/guard/mail/report-html\";s:4:\"text\";s:28:\"@wdmg/guard/mail/report-text\";}s:11:\"reportEmail\";s:17:\"admin@example.com\";}','array',1,0,'2023-07-10 13:14:00','2023-07-10 13:14:00'),(96,'guard','Guard timezone','timezone','Europe/Kiev','Europe/Kiev','string',1,0,'2023-07-10 13:14:00','2023-07-10 13:14:00'),(97,'guard','Guard private properties','privateProperties','a:7:{i:0;s:4:\"name\";i:1;s:11:\"description\";i:2;s:19:\"controllerNamespace\";i:3;s:12:\"defaultRoute\";i:4;s:11:\"routePrefix\";i:5;s:6:\"vendor\";i:6;s:13:\"controllerMap\";}','a:7:{i:0;s:4:\"name\";i:1;s:11:\"description\";i:2;s:19:\"controllerNamespace\";i:3;s:12:\"defaultRoute\";i:4;s:11:\"routePrefix\";i:5;s:6:\"vendor\";i:6;s:13:\"controllerMap\";}','array',1,0,'2023-07-10 13:14:00','2023-07-10 13:14:00'),(98,'guard','Guard params','params','a:0:{}','a:0:{}','array',1,0,'2023-07-10 13:14:00','2023-07-10 13:14:00'),(99,'geo','Geo timezone','timezone','Europe/Kiev','Europe/Kiev','string',1,0,'2023-07-10 13:14:02','2023-07-10 13:14:02'),(100,'geo','Geo private properties','privateProperties','a:7:{i:0;s:4:\"name\";i:1;s:11:\"description\";i:2;s:19:\"controllerNamespace\";i:3;s:12:\"defaultRoute\";i:4;s:11:\"routePrefix\";i:5;s:6:\"vendor\";i:6;s:13:\"controllerMap\";}','a:7:{i:0;s:4:\"name\";i:1;s:11:\"description\";i:2;s:19:\"controllerNamespace\";i:3;s:12:\"defaultRoute\";i:4;s:11:\"routePrefix\";i:5;s:6:\"vendor\";i:6;s:13:\"controllerMap\";}','array',1,0,'2023-07-10 13:14:02','2023-07-10 13:14:02'),(101,'geo','Geo params','params','a:0:{}','a:0:{}','array',1,0,'2023-07-10 13:14:02','2023-07-10 13:14:02'),(102,'likes','Likes timezone','timezone','Europe/Kiev','Europe/Kiev','string',1,0,'2023-07-10 13:14:04','2023-07-10 13:14:04'),(103,'likes','Likes private properties','privateProperties','a:7:{i:0;s:4:\"name\";i:1;s:11:\"description\";i:2;s:19:\"controllerNamespace\";i:3;s:12:\"defaultRoute\";i:4;s:11:\"routePrefix\";i:5;s:6:\"vendor\";i:6;s:13:\"controllerMap\";}','a:7:{i:0;s:4:\"name\";i:1;s:11:\"description\";i:2;s:19:\"controllerNamespace\";i:3;s:12:\"defaultRoute\";i:4;s:11:\"routePrefix\";i:5;s:6:\"vendor\";i:6;s:13:\"controllerMap\";}','array',1,0,'2023-07-10 13:14:04','2023-07-10 13:14:04'),(104,'likes','Likes params','params','a:0:{}','a:0:{}','array',1,0,'2023-07-10 13:14:04','2023-07-10 13:14:04'),(105,'mailer','Mailer save mails','saveMails','1','1','boolean',1,0,'2023-07-10 13:14:06','2023-07-10 13:14:06'),(106,'mailer','Mailer mails path','mailsPath','@runtime/mail','@runtime/mail','string',1,0,'2023-07-10 13:14:06','2023-07-10 13:14:06'),(107,'mailer','Mailer track mails','trackMails','1','1','boolean',1,0,'2023-07-10 13:14:06','2023-07-10 13:14:06'),(108,'mailer','Mailer save web mails','saveWebMails','1','1','boolean',1,0,'2023-07-10 13:14:06','2023-07-10 13:14:06'),(109,'mailer','Mailer tracking route','trackingRoute','/mail','/mail','string',1,0,'2023-07-10 13:14:06','2023-07-10 13:14:06'),(110,'mailer','Mailer web route','webRoute','/mails','/mails','string',1,0,'2023-07-10 13:14:06','2023-07-10 13:14:06'),(111,'mailer','Mailer web mails path','webMailsPath','@webroot/mails','@webroot/mails','string',1,0,'2023-07-10 13:14:06','2023-07-10 13:14:06'),(112,'mailer','Mailer use transport','useTransport','0','0','boolean',1,0,'2023-07-10 13:14:06','2023-07-10 13:14:06'),(113,'mailer','Mailer transport','transport','a:5:{s:5:\"class\";s:19:\"Swift_SmtpTransport\";s:4:\"host\";s:9:\"localhost\";s:8:\"username\";s:0:\"\";s:8:\"password\";s:0:\"\";s:4:\"port\";s:2:\"25\";}','a:5:{s:5:\"class\";s:19:\"Swift_SmtpTransport\";s:4:\"host\";s:9:\"localhost\";s:8:\"username\";s:0:\"\";s:8:\"password\";s:0:\"\";s:4:\"port\";s:2:\"25\";}','array',1,0,'2023-07-10 13:14:06','2023-07-10 13:14:06'),(114,'mailer','Mailer use file transport','useFileTransport','1','1','boolean',1,0,'2023-07-10 13:14:06','2023-07-10 13:14:06'),(115,'mailer','Mailer use encryption','useEncryption','0','0','boolean',1,0,'2023-07-10 13:14:06','2023-07-10 13:14:06'),(116,'mailer','Mailer encryption','encryption','SSL','SSL','string',1,0,'2023-07-10 13:14:06','2023-07-10 13:14:06'),(117,'mailer','Mailer use stream options','useStreamOptions','0','0','boolean',1,0,'2023-07-10 13:14:06','2023-07-10 13:14:06'),(118,'mailer','Mailer stream options','streamOptions','a:1:{s:3:\"ssl\";a:3:{s:17:\"allow_self_signed\";b:0;s:11:\"verify_peer\";b:0;s:16:\"verify_peer_name\";b:0;}}','a:1:{s:3:\"ssl\";a:3:{s:17:\"allow_self_signed\";b:0;s:11:\"verify_peer\";b:0;s:16:\"verify_peer_name\";b:0;}}','array',1,0,'2023-07-10 13:14:06','2023-07-10 13:14:06'),(119,'mailer','Mailer view path','viewPath','@app/mail','@app/mail','string',1,0,'2023-07-10 13:14:06','2023-07-10 13:14:06'),(120,'mailer','Mailer enable log','enableLog','1','1','boolean',1,0,'2023-07-10 13:14:06','2023-07-10 13:14:06'),(121,'mailer','Mailer sending interval','sendingInterval','1','1','boolean',1,0,'2023-07-10 13:14:06','2023-07-10 13:14:06'),(122,'mailer','Mailer timezone','timezone','Europe/Kiev','Europe/Kiev','string',1,0,'2023-07-10 13:14:06','2023-07-10 13:14:06'),(123,'mailer','Mailer private properties','privateProperties','a:7:{i:0;s:4:\"name\";i:1;s:11:\"description\";i:2;s:19:\"controllerNamespace\";i:3;s:12:\"defaultRoute\";i:4;s:11:\"routePrefix\";i:5;s:6:\"vendor\";i:6;s:13:\"controllerMap\";}','a:7:{i:0;s:4:\"name\";i:1;s:11:\"description\";i:2;s:19:\"controllerNamespace\";i:3;s:12:\"defaultRoute\";i:4;s:11:\"routePrefix\";i:5;s:6:\"vendor\";i:6;s:13:\"controllerMap\";}','array',1,0,'2023-07-10 13:14:06','2023-07-10 13:14:06'),(124,'mailer','Mailer params','params','a:0:{}','a:0:{}','array',1,0,'2023-07-10 13:14:06','2023-07-10 13:14:06'),(125,'media','Media media route','mediaRoute','/media','/media','string',1,0,'2023-07-10 13:14:08','2023-07-10 13:14:08'),(126,'media','Media media categories route','mediaCategoriesRoute','/media/categories','/media/categories','string',1,0,'2023-07-10 13:14:08','2023-07-10 13:14:08'),(127,'media','Media media path','mediaPath','/uploads/media','/uploads/media','regexp',1,0,'2023-07-10 13:14:08','2023-07-10 13:14:08'),(128,'media','Media media thumbs path','mediaThumbsPath','/uploads/media/_thumbs','/uploads/media/_thumbs','string',1,0,'2023-07-10 13:14:08','2023-07-10 13:14:08'),(129,'media','Media max files to upload','maxFilesToUpload','10','10','integer',1,0,'2023-07-10 13:14:08','2023-07-10 13:14:08'),(130,'media','Media max upload size','maxUploadSize','5242880','5242880','integer',1,0,'2023-07-10 13:14:08','2023-07-10 13:14:08'),(131,'media','Media allowed mime','allowedMime','a:35:{s:9:\"image/png\";b:1;s:10:\"image/jpeg\";b:1;s:9:\"image/gif\";b:1;s:10:\"image/tiff\";b:0;s:13:\"image/svg+xml\";b:1;s:10:\"image/webp\";b:0;s:9:\"image/bmp\";b:0;s:10:\"video/mpeg\";b:1;s:9:\"video/mp4\";b:1;s:9:\"video/ogg\";b:0;s:15:\"video/quicktime\";b:1;s:10:\"video/webm\";b:1;s:16:\"video/x-matroska\";b:0;s:14:\"video/x-ms-wmv\";b:1;s:13:\"video/vnd.avi\";b:1;s:10:\"audio/mpeg\";b:1;s:10:\"audio/webm\";b:0;s:9:\"audio/ogg\";b:0;s:9:\"audio/mp4\";b:0;s:9:\"audio/aac\";b:0;s:16:\"audio/x-matroska\";b:0;s:14:\"audio/x-ms-wma\";b:0;s:14:\"audio/vnd.wave\";b:0;s:22:\"audio/vnd.rn-realaudio\";b:0;s:15:\"application/pdf\";b:1;s:18:\"application/msword\";b:1;s:39:\"application/vnd.oasis.opendocument.text\";b:0;s:24:\"application/vnd.ms-excel\";b:1;s:46:\"application/vnd.oasis.opendocument.spreadsheet\";b:0;s:29:\"application/vnd.ms-powerpoint\";b:0;s:47:\"application/vnd.oasis.opendocument.presentation\";b:0;s:15:\"application/rtf\";b:1;s:16:\"application/json\";b:1;s:8:\"text/csv\";b:1;s:10:\"text/plain\";b:1;}','a:35:{s:9:\"image/png\";b:1;s:10:\"image/jpeg\";b:1;s:9:\"image/gif\";b:1;s:10:\"image/tiff\";b:0;s:13:\"image/svg+xml\";b:1;s:10:\"image/webp\";b:0;s:9:\"image/bmp\";b:0;s:10:\"video/mpeg\";b:1;s:9:\"video/mp4\";b:1;s:9:\"video/ogg\";b:0;s:15:\"video/quicktime\";b:1;s:10:\"video/webm\";b:1;s:16:\"video/x-matroska\";b:0;s:14:\"video/x-ms-wmv\";b:1;s:13:\"video/vnd.avi\";b:1;s:10:\"audio/mpeg\";b:1;s:10:\"audio/webm\";b:0;s:9:\"audio/ogg\";b:0;s:9:\"audio/mp4\";b:0;s:9:\"audio/aac\";b:0;s:16:\"audio/x-matroska\";b:0;s:14:\"audio/x-ms-wma\";b:0;s:14:\"audio/vnd.wave\";b:0;s:22:\"audio/vnd.rn-realaudio\";b:0;s:15:\"application/pdf\";b:1;s:18:\"application/msword\";b:1;s:39:\"application/vnd.oasis.opendocument.text\";b:0;s:24:\"application/vnd.ms-excel\";b:1;s:46:\"application/vnd.oasis.opendocument.spreadsheet\";b:0;s:29:\"application/vnd.ms-powerpoint\";b:0;s:47:\"application/vnd.oasis.opendocument.presentation\";b:0;s:15:\"application/rtf\";b:1;s:16:\"application/json\";b:1;s:8:\"text/csv\";b:1;s:10:\"text/plain\";b:1;}','array',1,0,'2023-07-10 13:14:08','2023-07-10 13:14:08'),(132,'media','Media timezone','timezone','Europe/Kiev','Europe/Kiev','string',1,0,'2023-07-10 13:14:08','2023-07-10 13:14:08'),(133,'media','Media private properties','privateProperties','a:7:{i:0;s:4:\"name\";i:1;s:11:\"description\";i:2;s:19:\"controllerNamespace\";i:3;s:12:\"defaultRoute\";i:4;s:11:\"routePrefix\";i:5;s:6:\"vendor\";i:6;s:13:\"controllerMap\";}','a:7:{i:0;s:4:\"name\";i:1;s:11:\"description\";i:2;s:19:\"controllerNamespace\";i:3;s:12:\"defaultRoute\";i:4;s:11:\"routePrefix\";i:5;s:6:\"vendor\";i:6;s:13:\"controllerMap\";}','array',1,0,'2023-07-10 13:14:08','2023-07-10 13:14:08'),(134,'media','Media params','params','a:0:{}','a:0:{}','array',1,0,'2023-07-10 13:14:08','2023-07-10 13:14:08'),(135,'menu','Menu support models','supportModels','a:3:{s:5:\"pages\";s:23:\"wdmg\\pages\\models\\Pages\";s:4:\"news\";s:21:\"wdmg\\news\\models\\News\";s:4:\"blog\";s:22:\"wdmg\\blog\\models\\Posts\";}','a:3:{s:5:\"pages\";s:23:\"wdmg\\pages\\models\\Pages\";s:4:\"news\";s:21:\"wdmg\\news\\models\\News\";s:4:\"blog\";s:22:\"wdmg\\blog\\models\\Posts\";}','array',1,0,'2023-07-10 13:14:10','2023-07-10 13:14:10'),(136,'menu','Menu support locales','supportLocales','a:3:{i:0;s:5:\"ru-RU\";i:1;s:5:\"uk-UA\";i:2;s:5:\"en-US\";}','a:3:{i:0;s:5:\"ru-RU\";i:1;s:5:\"uk-UA\";i:2;s:5:\"en-US\";}','array',1,0,'2023-07-10 13:14:10','2023-07-10 13:14:10'),(137,'menu','Menu timezone','timezone','Europe/Kiev','Europe/Kiev','string',1,0,'2023-07-10 13:14:10','2023-07-10 13:14:10'),(138,'menu','Menu private properties','privateProperties','a:7:{i:0;s:4:\"name\";i:1;s:11:\"description\";i:2;s:19:\"controllerNamespace\";i:3;s:12:\"defaultRoute\";i:4;s:11:\"routePrefix\";i:5;s:6:\"vendor\";i:6;s:13:\"controllerMap\";}','a:7:{i:0;s:4:\"name\";i:1;s:11:\"description\";i:2;s:19:\"controllerNamespace\";i:3;s:12:\"defaultRoute\";i:4;s:11:\"routePrefix\";i:5;s:6:\"vendor\";i:6;s:13:\"controllerMap\";}','array',1,0,'2023-07-10 13:14:10','2023-07-10 13:14:10'),(139,'menu','Menu params','params','a:0:{}','a:0:{}','array',1,0,'2023-07-10 13:14:10','2023-07-10 13:14:10'),(140,'messages','Messages timezone','timezone','Europe/Kiev','Europe/Kiev','string',1,0,'2023-07-10 13:14:12','2023-07-10 13:14:12'),(141,'messages','Messages private properties','privateProperties','a:7:{i:0;s:4:\"name\";i:1;s:11:\"description\";i:2;s:19:\"controllerNamespace\";i:3;s:12:\"defaultRoute\";i:4;s:11:\"routePrefix\";i:5;s:6:\"vendor\";i:6;s:13:\"controllerMap\";}','a:7:{i:0;s:4:\"name\";i:1;s:11:\"description\";i:2;s:19:\"controllerNamespace\";i:3;s:12:\"defaultRoute\";i:4;s:11:\"routePrefix\";i:5;s:6:\"vendor\";i:6;s:13:\"controllerMap\";}','array',1,0,'2023-07-10 13:14:12','2023-07-10 13:14:12'),(142,'messages','Messages params','params','a:0:{}','a:0:{}','array',1,0,'2023-07-10 13:14:12','2023-07-10 13:14:12'),(143,'news','News base route','baseRoute','/news','/news','string',1,0,'2023-07-10 13:14:14','2023-07-10 13:14:14'),(144,'news','News default controller','defaultController','admin/news/default','admin/news/default','string',1,0,'2023-07-10 13:14:14','2023-07-10 13:14:14'),(145,'news','News base layout','baseLayout','@app/views/layouts/main','@app/views/layouts/main','string',1,0,'2023-07-10 13:14:14','2023-07-10 13:14:14'),(146,'news','News image path','imagePath','/uploads/news','/uploads/news','regexp',1,0,'2023-07-10 13:14:14','2023-07-10 13:14:14'),(147,'news','News support locales','supportLocales','a:3:{i:0;s:5:\"ru-RU\";i:1;s:5:\"uk-UA\";i:2;s:5:\"en-US\";}','a:3:{i:0;s:5:\"ru-RU\";i:1;s:5:\"uk-UA\";i:2;s:5:\"en-US\";}','array',1,0,'2023-07-10 13:14:14','2023-07-10 13:14:14'),(148,'news','News timezone','timezone','Europe/Kiev','Europe/Kiev','string',1,0,'2023-07-10 13:14:14','2023-07-10 13:14:14'),(149,'news','News private properties','privateProperties','a:7:{i:0;s:4:\"name\";i:1;s:11:\"description\";i:2;s:19:\"controllerNamespace\";i:3;s:12:\"defaultRoute\";i:4;s:11:\"routePrefix\";i:5;s:6:\"vendor\";i:6;s:13:\"controllerMap\";}','a:7:{i:0;s:4:\"name\";i:1;s:11:\"description\";i:2;s:19:\"controllerNamespace\";i:3;s:12:\"defaultRoute\";i:4;s:11:\"routePrefix\";i:5;s:6:\"vendor\";i:6;s:13:\"controllerMap\";}','array',1,0,'2023-07-10 13:14:14','2023-07-10 13:14:14'),(150,'news','News params','params','a:0:{}','a:0:{}','array',1,0,'2023-07-10 13:14:14','2023-07-10 13:14:14'),(151,'newsletters','Newsletters newsletter email','newsletterEmail','no-reply@example.com','no-reply@example.com','email',1,0,'2023-07-10 13:14:17','2023-07-10 13:14:17'),(152,'newsletters','Newsletters unlimit execution','unlimitExecution','0','0','boolean',1,0,'2023-07-10 13:14:17','2023-07-10 13:14:17'),(153,'newsletters','Newsletters timezone','timezone','Europe/Kiev','Europe/Kiev','string',1,0,'2023-07-10 13:14:17','2023-07-10 13:14:17'),(154,'newsletters','Newsletters private properties','privateProperties','a:7:{i:0;s:4:\"name\";i:1;s:11:\"description\";i:2;s:19:\"controllerNamespace\";i:3;s:12:\"defaultRoute\";i:4;s:11:\"routePrefix\";i:5;s:6:\"vendor\";i:6;s:13:\"controllerMap\";}','a:7:{i:0;s:4:\"name\";i:1;s:11:\"description\";i:2;s:19:\"controllerNamespace\";i:3;s:12:\"defaultRoute\";i:4;s:11:\"routePrefix\";i:5;s:6:\"vendor\";i:6;s:13:\"controllerMap\";}','array',1,0,'2023-07-10 13:14:17','2023-07-10 13:14:17'),(155,'newsletters','Newsletters params','params','a:0:{}','a:0:{}','array',1,0,'2023-07-10 13:14:17','2023-07-10 13:14:17'),(156,'pages','Pages base route','baseRoute','/','/pages','string',1,0,'2023-07-10 13:14:19','2023-07-11 11:13:13'),(157,'pages','Pages default controller','defaultController','admin/pages/default','admin/pages/default','string',1,0,'2023-07-10 13:14:19','2023-07-10 13:14:19'),(158,'pages','Pages base layout','baseLayout','@app/views/layouts/main','@app/views/layouts/main','string',1,0,'2023-07-10 13:14:19','2023-07-10 13:14:19'),(159,'pages','Pages support locales','supportLocales','a:3:{i:0;s:5:\"ru-RU\";i:1;s:5:\"uk-UA\";i:2;s:5:\"en-US\";}','a:3:{i:0;s:5:\"ru-RU\";i:1;s:5:\"uk-UA\";i:2;s:5:\"en-US\";}','array',1,0,'2023-07-10 13:14:19','2023-07-10 13:14:19'),(160,'pages','Pages timezone','timezone','Europe/Kiev','Europe/Kiev','string',1,0,'2023-07-10 13:14:19','2023-07-10 13:14:19'),(161,'pages','Pages private properties','privateProperties','a:7:{i:0;s:4:\"name\";i:1;s:11:\"description\";i:2;s:19:\"controllerNamespace\";i:3;s:12:\"defaultRoute\";i:4;s:11:\"routePrefix\";i:5;s:6:\"vendor\";i:6;s:13:\"controllerMap\";}','a:7:{i:0;s:4:\"name\";i:1;s:11:\"description\";i:2;s:19:\"controllerNamespace\";i:3;s:12:\"defaultRoute\";i:4;s:11:\"routePrefix\";i:5;s:6:\"vendor\";i:6;s:13:\"controllerMap\";}','array',1,0,'2023-07-10 13:14:19','2023-07-10 13:14:19'),(162,'pages','Pages params','params','a:0:{}','a:0:{}','array',1,0,'2023-07-10 13:14:19','2023-07-10 13:14:19'),(163,'profiles','Profiles support locales','supportLocales','a:3:{i:0;s:5:\"ru-RU\";i:1;s:5:\"uk-UA\";i:2;s:5:\"en-US\";}','a:3:{i:0;s:5:\"ru-RU\";i:1;s:5:\"uk-UA\";i:2;s:5:\"en-US\";}','array',1,0,'2023-07-10 13:14:21','2023-07-10 13:14:21'),(164,'profiles','Profiles reserved fields','reservedFields','a:6:{i:0;s:5:\"admin\";i:1;s:13:\"administrator\";i:2;s:4:\"root\";i:3;s:9:\"superuser\";i:4;s:10:\"supervisor\";i:5;s:8:\"timezone\";}','a:6:{i:0;s:5:\"admin\";i:1;s:13:\"administrator\";i:2;s:4:\"root\";i:3;s:9:\"superuser\";i:4;s:10:\"supervisor\";i:5;s:8:\"timezone\";}','array',1,0,'2023-07-10 13:14:21','2023-07-10 13:14:21'),(165,'profiles','Profiles timezone','timezone','Europe/Kiev','Europe/Kiev','string',1,0,'2023-07-10 13:14:21','2023-07-10 13:14:21'),(166,'profiles','Profiles private properties','privateProperties','a:7:{i:0;s:4:\"name\";i:1;s:11:\"description\";i:2;s:19:\"controllerNamespace\";i:3;s:12:\"defaultRoute\";i:4;s:11:\"routePrefix\";i:5;s:6:\"vendor\";i:6;s:13:\"controllerMap\";}','a:7:{i:0;s:4:\"name\";i:1;s:11:\"description\";i:2;s:19:\"controllerNamespace\";i:3;s:12:\"defaultRoute\";i:4;s:11:\"routePrefix\";i:5;s:6:\"vendor\";i:6;s:13:\"controllerMap\";}','array',1,0,'2023-07-10 13:14:21','2023-07-10 13:14:21'),(167,'profiles','Profiles params','params','a:0:{}','a:0:{}','array',1,0,'2023-07-10 13:14:21','2023-07-10 13:14:21'),(168,'redirects','Redirects autocheck','autocheck','1','1','boolean',1,0,'2023-07-10 13:14:24','2023-07-10 13:14:24'),(169,'redirects','Redirects allow external','allowExternal','0','0','boolean',1,0,'2023-07-10 13:14:24','2023-07-10 13:14:24'),(170,'redirects','Redirects timezone','timezone','Europe/Kiev','Europe/Kiev','string',1,0,'2023-07-10 13:14:24','2023-07-10 13:14:24'),(171,'redirects','Redirects private properties','privateProperties','a:7:{i:0;s:4:\"name\";i:1;s:11:\"description\";i:2;s:19:\"controllerNamespace\";i:3;s:12:\"defaultRoute\";i:4;s:11:\"routePrefix\";i:5;s:6:\"vendor\";i:6;s:13:\"controllerMap\";}','a:7:{i:0;s:4:\"name\";i:1;s:11:\"description\";i:2;s:19:\"controllerNamespace\";i:3;s:12:\"defaultRoute\";i:4;s:11:\"routePrefix\";i:5;s:6:\"vendor\";i:6;s:13:\"controllerMap\";}','array',1,0,'2023-07-10 13:14:24','2023-07-10 13:14:24'),(172,'redirects','Redirects params','params','a:0:{}','a:0:{}','array',1,0,'2023-07-10 13:14:24','2023-07-10 13:14:24'),(173,'reposts','Reposts timezone','timezone','Europe/Kiev','Europe/Kiev','string',1,0,'2023-07-10 13:14:28','2023-07-10 13:14:28'),(174,'reposts','Reposts private properties','privateProperties','a:7:{i:0;s:4:\"name\";i:1;s:11:\"description\";i:2;s:19:\"controllerNamespace\";i:3;s:12:\"defaultRoute\";i:4;s:11:\"routePrefix\";i:5;s:6:\"vendor\";i:6;s:13:\"controllerMap\";}','a:7:{i:0;s:4:\"name\";i:1;s:11:\"description\";i:2;s:19:\"controllerNamespace\";i:3;s:12:\"defaultRoute\";i:4;s:11:\"routePrefix\";i:5;s:6:\"vendor\";i:6;s:13:\"controllerMap\";}','array',1,0,'2023-07-10 13:14:28','2023-07-10 13:14:28'),(175,'reposts','Reposts params','params','a:0:{}','a:0:{}','array',1,0,'2023-07-10 13:14:28','2023-07-10 13:14:28'),(176,'reviews','Reviews timezone','timezone','Europe/Kiev','Europe/Kiev','string',1,0,'2023-07-10 13:14:30','2023-07-10 13:14:30'),(177,'reviews','Reviews private properties','privateProperties','a:7:{i:0;s:4:\"name\";i:1;s:11:\"description\";i:2;s:19:\"controllerNamespace\";i:3;s:12:\"defaultRoute\";i:4;s:11:\"routePrefix\";i:5;s:6:\"vendor\";i:6;s:13:\"controllerMap\";}','a:7:{i:0;s:4:\"name\";i:1;s:11:\"description\";i:2;s:19:\"controllerNamespace\";i:3;s:12:\"defaultRoute\";i:4;s:11:\"routePrefix\";i:5;s:6:\"vendor\";i:6;s:13:\"controllerMap\";}','array',1,0,'2023-07-10 13:14:30','2023-07-10 13:14:30'),(178,'reviews','Reviews params','params','a:0:{}','a:0:{}','array',1,0,'2023-07-10 13:14:30','2023-07-10 13:14:30'),(179,'robots','Robots robots web root','robotsWebRoot','@webroot/robots.txt','@webroot/robots.txt','string',1,0,'2023-07-10 13:14:32','2023-07-10 13:14:32'),(180,'robots','Robots timezone','timezone','Europe/Kiev','Europe/Kiev','string',1,0,'2023-07-10 13:14:32','2023-07-10 13:14:32'),(181,'robots','Robots private properties','privateProperties','a:7:{i:0;s:4:\"name\";i:1;s:11:\"description\";i:2;s:19:\"controllerNamespace\";i:3;s:12:\"defaultRoute\";i:4;s:11:\"routePrefix\";i:5;s:6:\"vendor\";i:6;s:13:\"controllerMap\";}','a:7:{i:0;s:4:\"name\";i:1;s:11:\"description\";i:2;s:19:\"controllerNamespace\";i:3;s:12:\"defaultRoute\";i:4;s:11:\"routePrefix\";i:5;s:6:\"vendor\";i:6;s:13:\"controllerMap\";}','array',1,0,'2023-07-10 13:14:32','2023-07-10 13:14:32'),(182,'robots','Robots params','params','a:0:{}','a:0:{}','array',1,0,'2023-07-10 13:14:32','2023-07-10 13:14:32'),(183,'rss','Rss support models','supportModels','a:2:{s:4:\"news\";s:21:\"wdmg\\news\\models\\News\";s:4:\"blog\";s:22:\"wdmg\\blog\\models\\Posts\";}','a:2:{s:4:\"news\";s:21:\"wdmg\\news\\models\\News\";s:4:\"blog\";s:22:\"wdmg\\blog\\models\\Posts\";}','array',1,0,'2023-07-10 13:14:34','2023-07-10 13:14:34'),(184,'rss','Rss cache expire','cacheExpire','3600','3600','integer',1,0,'2023-07-10 13:14:34','2023-07-10 13:14:34'),(185,'rss','Rss channel options','channelOptions','a:0:{}','a:0:{}','array',1,0,'2023-07-10 13:14:34','2023-07-10 13:14:34'),(186,'rss','Rss feed route','feedRoute','/rss','/rss','string',1,0,'2023-07-10 13:14:34','2023-07-10 13:14:34'),(187,'rss','Rss timezone','timezone','Europe/Kiev','Europe/Kiev','string',1,0,'2023-07-10 13:14:34','2023-07-10 13:14:34'),(188,'rss','Rss private properties','privateProperties','a:7:{i:0;s:4:\"name\";i:1;s:11:\"description\";i:2;s:19:\"controllerNamespace\";i:3;s:12:\"defaultRoute\";i:4;s:11:\"routePrefix\";i:5;s:6:\"vendor\";i:6;s:13:\"controllerMap\";}','a:7:{i:0;s:4:\"name\";i:1;s:11:\"description\";i:2;s:19:\"controllerNamespace\";i:3;s:12:\"defaultRoute\";i:4;s:11:\"routePrefix\";i:5;s:6:\"vendor\";i:6;s:13:\"controllerMap\";}','array',1,0,'2023-07-10 13:14:34','2023-07-10 13:14:34'),(189,'rss','Rss params','params','a:0:{}','a:0:{}','array',1,0,'2023-07-10 13:14:34','2023-07-10 13:14:34'),(190,'search','Search support models','supportModels','a:3:{s:4:\"news\";a:3:{s:5:\"class\";s:21:\"wdmg\\news\\models\\News\";s:8:\"indexing\";a:3:{s:9:\"on_insert\";b:1;s:9:\"on_update\";b:1;s:9:\"on_delete\";b:1;}s:7:\"options\";a:4:{s:5:\"title\";s:5:\"title\";s:3:\"url\";s:3:\"url\";s:6:\"fields\";a:4:{i:0;s:5:\"title\";i:1;s:8:\"keywords\";i:2;s:11:\"description\";i:3;s:7:\"content\";}s:10:\"conditions\";a:1:{s:6:\"status\";i:1;}}}s:4:\"blog\";a:3:{s:5:\"class\";s:22:\"wdmg\\blog\\models\\Posts\";s:8:\"indexing\";a:3:{s:9:\"on_insert\";b:1;s:9:\"on_update\";b:1;s:9:\"on_delete\";b:1;}s:7:\"options\";a:4:{s:5:\"title\";s:5:\"title\";s:3:\"url\";s:3:\"url\";s:6:\"fields\";a:4:{i:0;s:5:\"title\";i:1;s:8:\"keywords\";i:2;s:11:\"description\";i:3;s:7:\"content\";}s:10:\"conditions\";a:1:{s:6:\"status\";i:1;}}}s:5:\"pages\";a:3:{s:5:\"class\";s:23:\"wdmg\\pages\\models\\Pages\";s:8:\"indexing\";a:3:{s:9:\"on_insert\";b:1;s:9:\"on_update\";b:1;s:9:\"on_delete\";b:1;}s:7:\"options\";a:4:{s:5:\"title\";s:5:\"title\";s:3:\"url\";s:3:\"url\";s:6:\"fields\";a:4:{i:0;s:5:\"title\";i:1;s:8:\"keywords\";i:2;s:11:\"description\";i:3;s:7:\"content\";}s:10:\"conditions\";a:1:{s:6:\"status\";i:1;}}}}','a:3:{s:4:\"news\";a:3:{s:5:\"class\";s:21:\"wdmg\\news\\models\\News\";s:8:\"indexing\";a:3:{s:9:\"on_insert\";b:1;s:9:\"on_update\";b:1;s:9:\"on_delete\";b:1;}s:7:\"options\";a:4:{s:5:\"title\";s:5:\"title\";s:3:\"url\";s:3:\"url\";s:6:\"fields\";a:4:{i:0;s:5:\"title\";i:1;s:8:\"keywords\";i:2;s:11:\"description\";i:3;s:7:\"content\";}s:10:\"conditions\";a:1:{s:6:\"status\";i:1;}}}s:4:\"blog\";a:3:{s:5:\"class\";s:22:\"wdmg\\blog\\models\\Posts\";s:8:\"indexing\";a:3:{s:9:\"on_insert\";b:1;s:9:\"on_update\";b:1;s:9:\"on_delete\";b:1;}s:7:\"options\";a:4:{s:5:\"title\";s:5:\"title\";s:3:\"url\";s:3:\"url\";s:6:\"fields\";a:4:{i:0;s:5:\"title\";i:1;s:8:\"keywords\";i:2;s:11:\"description\";i:3;s:7:\"content\";}s:10:\"conditions\";a:1:{s:6:\"status\";i:1;}}}s:5:\"pages\";a:3:{s:5:\"class\";s:23:\"wdmg\\pages\\models\\Pages\";s:8:\"indexing\";a:3:{s:9:\"on_insert\";b:1;s:9:\"on_update\";b:1;s:9:\"on_delete\";b:1;}s:7:\"options\";a:4:{s:5:\"title\";s:5:\"title\";s:3:\"url\";s:3:\"url\";s:6:\"fields\";a:4:{i:0;s:5:\"title\";i:1;s:8:\"keywords\";i:2;s:11:\"description\";i:3;s:7:\"content\";}s:10:\"conditions\";a:1:{s:6:\"status\";i:1;}}}}','array',1,0,'2023-07-10 13:14:36','2023-07-10 13:14:36'),(191,'search','Search cache expire','cacheExpire','86400','86400','integer',1,0,'2023-07-10 13:14:36','2023-07-10 13:14:36'),(192,'search','Search indexing options','indexingOptions','a:6:{s:10:\"processing\";s:9:\"phpmorphy\";s:8:\"language\";s:5:\"ru-RU\";s:10:\"analyze_by\";s:9:\"relevance\";s:18:\"max_execution_time\";i:0;s:12:\"memory_limit\";N;s:9:\"max_words\";i:50;}','a:6:{s:10:\"processing\";s:9:\"phpmorphy\";s:8:\"language\";s:5:\"ru-RU\";s:10:\"analyze_by\";s:9:\"relevance\";s:18:\"max_execution_time\";i:0;s:12:\"memory_limit\";N;s:9:\"max_words\";i:50;}','array',1,0,'2023-07-10 13:14:36','2023-07-10 13:14:36'),(193,'search','Search analyzer options','analyzerOptions','a:3:{s:10:\"min_length\";i:3;s:10:\"stop_words\";a:0:{}s:7:\"weights\";a:0:{}}','a:3:{s:10:\"min_length\";i:3;s:10:\"stop_words\";a:0:{}s:7:\"weights\";a:0:{}}','array',1,0,'2023-07-10 13:14:36','2023-07-10 13:14:36'),(194,'search','Search snippet options','snippetOptions','a:5:{s:16:\"max_words_before\";i:6;s:15:\"max_words_after\";i:4;s:10:\"bolder_tag\";s:6:\"strong\";s:10:\"max_length\";i:255;s:9:\"delimiter\";s:3:\"\";}','a:5:{s:16:\"max_words_before\";i:6;s:15:\"max_words_after\";i:4;s:10:\"bolder_tag\";s:6:\"strong\";s:10:\"max_length\";i:255;s:9:\"delimiter\";s:3:\"\";}','array',1,0,'2023-07-10 13:14:36','2023-07-10 13:14:36'),(195,'search','Search search accuracy','searchAccuracy','90','90','integer',1,0,'2023-07-10 13:14:36','2023-07-10 13:14:36'),(196,'search','Search timezone','timezone','Europe/Kiev','Europe/Kiev','string',1,0,'2023-07-10 13:14:36','2023-07-10 13:14:36'),(197,'search','Search private properties','privateProperties','a:7:{i:0;s:4:\"name\";i:1;s:11:\"description\";i:2;s:19:\"controllerNamespace\";i:3;s:12:\"defaultRoute\";i:4;s:11:\"routePrefix\";i:5;s:6:\"vendor\";i:6;s:13:\"controllerMap\";}','a:7:{i:0;s:4:\"name\";i:1;s:11:\"description\";i:2;s:19:\"controllerNamespace\";i:3;s:12:\"defaultRoute\";i:4;s:11:\"routePrefix\";i:5;s:6:\"vendor\";i:6;s:13:\"controllerMap\";}','array',1,0,'2023-07-10 13:14:36','2023-07-10 13:14:36'),(198,'search','Search params','params','a:0:{}','a:0:{}','array',1,0,'2023-07-10 13:14:36','2023-07-10 13:14:36'),(199,'services','Services timezone','timezone','Europe/Kiev','Europe/Kiev','string',1,0,'2023-07-10 13:14:39','2023-07-10 13:14:39'),(200,'services','Services private properties','privateProperties','a:7:{i:0;s:4:\"name\";i:1;s:11:\"description\";i:2;s:19:\"controllerNamespace\";i:3;s:12:\"defaultRoute\";i:4;s:11:\"routePrefix\";i:5;s:6:\"vendor\";i:6;s:13:\"controllerMap\";}','a:7:{i:0;s:4:\"name\";i:1;s:11:\"description\";i:2;s:19:\"controllerNamespace\";i:3;s:12:\"defaultRoute\";i:4;s:11:\"routePrefix\";i:5;s:6:\"vendor\";i:6;s:13:\"controllerMap\";}','array',1,0,'2023-07-10 13:14:39','2023-07-10 13:14:39'),(201,'services','Services params','params','a:0:{}','a:0:{}','array',1,0,'2023-07-10 13:14:39','2023-07-10 13:14:39'),(202,'sitemap','Sitemap support models','supportModels','a:3:{s:5:\"pages\";s:23:\"wdmg\\pages\\models\\Pages\";s:4:\"news\";s:21:\"wdmg\\news\\models\\News\";s:4:\"blog\";s:22:\"wdmg\\blog\\models\\Posts\";}','a:3:{s:5:\"pages\";s:23:\"wdmg\\pages\\models\\Pages\";s:4:\"news\";s:21:\"wdmg\\news\\models\\News\";s:4:\"blog\";s:22:\"wdmg\\blog\\models\\Posts\";}','array',1,0,'2023-07-10 13:14:40','2023-07-10 13:14:40'),(203,'sitemap','Sitemap cache expire','cacheExpire','43200','43200','integer',1,0,'2023-07-10 13:14:40','2023-07-10 13:14:40'),(204,'sitemap','Sitemap default frequency','defaultFrequency','weekly','weekly','string',1,0,'2023-07-10 13:14:40','2023-07-10 13:14:40'),(205,'sitemap','Sitemap default priority','defaultPriority','0.5','0.5','float',1,0,'2023-07-10 13:14:40','2023-07-10 13:14:40'),(206,'sitemap','Sitemap sitemap route','sitemapRoute','/','/','string',1,0,'2023-07-10 13:14:40','2023-07-10 13:14:40'),(207,'sitemap','Sitemap timezone','timezone','Europe/Kiev','Europe/Kiev','string',1,0,'2023-07-10 13:14:40','2023-07-10 13:14:40'),(208,'sitemap','Sitemap private properties','privateProperties','a:7:{i:0;s:4:\"name\";i:1;s:11:\"description\";i:2;s:19:\"controllerNamespace\";i:3;s:12:\"defaultRoute\";i:4;s:11:\"routePrefix\";i:5;s:6:\"vendor\";i:6;s:13:\"controllerMap\";}','a:7:{i:0;s:4:\"name\";i:1;s:11:\"description\";i:2;s:19:\"controllerNamespace\";i:3;s:12:\"defaultRoute\";i:4;s:11:\"routePrefix\";i:5;s:6:\"vendor\";i:6;s:13:\"controllerMap\";}','array',1,0,'2023-07-10 13:14:40','2023-07-10 13:14:40'),(209,'sitemap','Sitemap params','params','a:0:{}','a:0:{}','array',1,0,'2023-07-10 13:14:40','2023-07-10 13:14:40'),(210,'subscribers','Subscribers web route','webRoute','/subscribe','/subscribe','string',1,0,'2023-07-10 13:14:43','2023-07-10 13:14:43'),(211,'subscribers','Subscribers timezone','timezone','Europe/Kiev','Europe/Kiev','string',1,0,'2023-07-10 13:14:43','2023-07-10 13:14:43'),(212,'subscribers','Subscribers private properties','privateProperties','a:7:{i:0;s:4:\"name\";i:1;s:11:\"description\";i:2;s:19:\"controllerNamespace\";i:3;s:12:\"defaultRoute\";i:4;s:11:\"routePrefix\";i:5;s:6:\"vendor\";i:6;s:13:\"controllerMap\";}','a:7:{i:0;s:4:\"name\";i:1;s:11:\"description\";i:2;s:19:\"controllerNamespace\";i:3;s:12:\"defaultRoute\";i:4;s:11:\"routePrefix\";i:5;s:6:\"vendor\";i:6;s:13:\"controllerMap\";}','array',1,0,'2023-07-10 13:14:43','2023-07-10 13:14:43'),(213,'subscribers','Subscribers params','params','a:0:{}','a:0:{}','array',1,0,'2023-07-10 13:14:43','2023-07-10 13:14:43'),(214,'tasks','Tasks timezone','timezone','Europe/Kiev','Europe/Kiev','string',1,0,'2023-07-10 13:14:45','2023-07-10 13:14:45'),(215,'tasks','Tasks private properties','privateProperties','a:7:{i:0;s:4:\"name\";i:1;s:11:\"description\";i:2;s:19:\"controllerNamespace\";i:3;s:12:\"defaultRoute\";i:4;s:11:\"routePrefix\";i:5;s:6:\"vendor\";i:6;s:13:\"controllerMap\";}','a:7:{i:0;s:4:\"name\";i:1;s:11:\"description\";i:2;s:19:\"controllerNamespace\";i:3;s:12:\"defaultRoute\";i:4;s:11:\"routePrefix\";i:5;s:6:\"vendor\";i:6;s:13:\"controllerMap\";}','array',1,0,'2023-07-10 13:14:45','2023-07-10 13:14:45'),(216,'tasks','Tasks params','params','a:0:{}','a:0:{}','array',1,0,'2023-07-10 13:14:45','2023-07-10 13:14:45'),(217,'stats','Stats collect stats','collectStats','1','1','boolean',1,0,'2023-07-10 13:14:47','2023-07-10 13:14:47'),(218,'stats','Stats collect profiling','collectProfiling','1','1','boolean',1,0,'2023-07-10 13:14:47','2023-07-10 13:14:47'),(219,'stats','Stats detect location','detectLocation','1','0','boolean',1,0,'2023-07-10 13:14:47','2023-07-13 10:09:29'),(220,'stats','Stats storage period','storagePeriod','0','0','integer',1,0,'2023-07-10 13:14:47','2023-07-10 13:14:47'),(221,'stats','Stats ignore dev','ignoreDev','0','0','boolean',1,0,'2023-07-10 13:14:47','2023-07-10 13:14:47'),(222,'stats','Stats ignore ajax','ignoreAjax','1','1','boolean',1,0,'2023-07-10 13:14:47','2023-07-10 13:14:47'),(223,'stats','Stats use chart','useChart','1','1','boolean',1,0,'2023-07-10 13:14:47','2023-07-10 13:14:47'),(224,'stats','Stats ignore route','ignoreRoute','a:4:{i:0;s:6:\"/admin\";i:1;s:7:\"/admin/\";i:2;s:8:\"/assets/\";i:3;s:9:\"/captcha/\";}','a:4:{i:0;s:6:\"/admin\";i:1;s:7:\"/admin/\";i:2;s:8:\"/assets/\";i:3;s:9:\"/captcha/\";}','array',1,0,'2023-07-10 13:14:47','2023-07-10 13:14:47'),(225,'stats','Stats ignore list ip','ignoreListIp','a:0:{}','a:0:{}','array',1,0,'2023-07-10 13:14:47','2023-07-10 13:14:47'),(226,'stats','Stats ignore list u a','ignoreListUA','a:0:{}','a:0:{}','array',1,0,'2023-07-10 13:14:47','2023-07-10 13:14:47'),(227,'stats','Stats cookie name','cookieName','yii2_stats','yii2_stats','string',1,0,'2023-07-10 13:14:47','2023-07-10 13:14:47'),(228,'stats','Stats cookie expire','cookieExpire','3110400','3110400','integer',1,0,'2023-07-10 13:14:47','2023-07-10 13:14:47'),(229,'stats','Stats advertising systems','advertisingSystems','a:3:{i:0;s:5:\"gclid\";i:1;s:5:\"yclid\";i:2;s:6:\"fbclid\";}','a:3:{i:0;s:5:\"gclid\";i:1;s:5:\"yclid\";i:2;s:6:\"fbclid\";}','array',1,0,'2023-07-10 13:14:47','2023-07-10 13:14:47'),(230,'stats','Stats social networks','socialNetworks','a:24:{i:0;s:8:\"facebook\";i:1;s:2:\"vk\";i:2;s:11:\"away.vk.com\";i:3;s:2:\"ok\";i:4;s:13:\"odnoklassniki\";i:5;s:9:\"instagram\";i:6;s:7:\"twitter\";i:7;s:8:\"linkedin\";i:8;s:9:\"pinterest\";i:9;s:6:\"tumblr\";i:10;s:6:\"tumblr\";i:11;s:6:\"tumblr\";i:12;s:6:\"flickr\";i:13;s:7:\"myspace\";i:14;s:6:\"meetup\";i:15;s:6:\"tagged\";i:16;s:6:\"ask.fm\";i:17;s:6:\"meetme\";i:18;s:10:\"classmates\";i:19;s:10:\"loveplanet\";i:20;s:5:\"badoo\";i:21;s:4:\"twoo\";i:22;s:6:\"tinder\";i:23;s:5:\"lovoo\";}','a:24:{i:0;s:8:\"facebook\";i:1;s:2:\"vk\";i:2;s:11:\"away.vk.com\";i:3;s:2:\"ok\";i:4;s:13:\"odnoklassniki\";i:5;s:9:\"instagram\";i:6;s:7:\"twitter\";i:7;s:8:\"linkedin\";i:8;s:9:\"pinterest\";i:9;s:6:\"tumblr\";i:10;s:6:\"tumblr\";i:11;s:6:\"tumblr\";i:12;s:6:\"flickr\";i:13;s:7:\"myspace\";i:14;s:6:\"meetup\";i:15;s:6:\"tagged\";i:16;s:6:\"ask.fm\";i:17;s:6:\"meetme\";i:18;s:10:\"classmates\";i:19;s:10:\"loveplanet\";i:20;s:5:\"badoo\";i:21;s:4:\"twoo\";i:22;s:6:\"tinder\";i:23;s:5:\"lovoo\";}','array',1,0,'2023-07-10 13:14:47','2023-07-10 13:14:47'),(231,'stats','Stats search engines','searchEngines','a:10:{i:0;s:6:\"google\";i:1;s:6:\"yandex\";i:2;s:4:\"mail\";i:3;s:7:\"rambler\";i:4;s:5:\"yahoo\";i:5;s:4:\"bing\";i:6;s:5:\"baidu\";i:7;s:3:\"aol\";i:8;s:3:\"ask\";i:9;s:10:\"duckduckgo\";}','a:10:{i:0;s:6:\"google\";i:1;s:6:\"yandex\";i:2;s:4:\"mail\";i:3;s:7:\"rambler\";i:4;s:5:\"yahoo\";i:5;s:4:\"bing\";i:6;s:5:\"baidu\";i:7;s:3:\"aol\";i:8;s:3:\"ask\";i:9;s:10:\"duckduckgo\";}','array',1,0,'2023-07-10 13:14:47','2023-07-10 13:14:47'),(232,'stats','Stats client platforms','clientPlatforms','a:23:{s:16:\"/windows nt 10/i\";a:2:{s:5:\"title\";s:10:\"Windows 10\";s:4:\"icon\";s:14:\"icon-win-10-os\";}s:17:\"/windows nt 6.3/i\";a:2:{s:5:\"title\";s:11:\"Windows 8.1\";s:4:\"icon\";s:13:\"icon-win-8-os\";}s:17:\"/windows nt 6.2/i\";a:2:{s:5:\"title\";s:9:\"Windows 8\";s:4:\"icon\";s:13:\"icon-win-8-os\";}s:17:\"/windows nt 6.1/i\";a:2:{s:5:\"title\";s:9:\"Windows 7\";s:4:\"icon\";s:13:\"icon-win-7-os\";}s:17:\"/windows nt 6.0/i\";a:2:{s:5:\"title\";s:13:\"Windows Vista\";s:4:\"icon\";s:13:\"icon-win-7-os\";}s:17:\"/windows nt 5.2/i\";a:2:{s:5:\"title\";s:26:\"Windows Server 2003/XP x64\";s:4:\"icon\";s:14:\"icon-win-xp-os\";}s:17:\"/windows nt 5.1/i\";a:2:{s:5:\"title\";s:10:\"Windows XP\";s:4:\"icon\";s:14:\"icon-win-xp-os\";}s:13:\"/windows xp/i\";a:2:{s:5:\"title\";s:10:\"Windows XP\";s:4:\"icon\";s:14:\"icon-win-xp-os\";}s:17:\"/windows nt 5.0/i\";a:2:{s:5:\"title\";s:12:\"Windows 2000\";s:4:\"icon\";s:14:\"icon-win-xp-os\";}s:13:\"/windows me/i\";a:2:{s:5:\"title\";s:10:\"Windows ME\";s:4:\"icon\";s:14:\"icon-win-xp-os\";}s:8:\"/win98/i\";a:2:{s:5:\"title\";s:10:\"Windows 98\";s:4:\"icon\";s:14:\"icon-win-xp-os\";}s:8:\"/win95/i\";a:2:{s:5:\"title\";s:10:\"Windows 95\";s:4:\"icon\";s:14:\"icon-win-xp-os\";}s:8:\"/win16/i\";a:2:{s:5:\"title\";s:12:\"Windows 3.11\";s:4:\"icon\";s:14:\"icon-win-xp-os\";}s:21:\"/macintosh|mac os x/i\";a:2:{s:5:\"title\";s:8:\"Mac OS X\";s:4:\"icon\";s:12:\"icon-os-x-os\";}s:14:\"/mac_powerpc/i\";a:2:{s:5:\"title\";s:8:\"Mac OS 9\";s:4:\"icon\";s:13:\"icon-mac-9-os\";}s:8:\"/linux/i\";a:2:{s:5:\"title\";s:5:\"Linux\";s:4:\"icon\";s:13:\"icon-linux-os\";}s:9:\"/ubuntu/i\";a:2:{s:5:\"title\";s:6:\"Ubuntu\";s:4:\"icon\";s:14:\"icon-ubuntu-os\";}s:9:\"/iphone/i\";a:2:{s:5:\"title\";s:6:\"iPhone\";s:4:\"icon\";s:11:\"icon-ios-os\";}s:7:\"/ipod/i\";a:2:{s:5:\"title\";s:4:\"iPod\";s:4:\"icon\";s:11:\"icon-ios-os\";}s:7:\"/ipad/i\";a:2:{s:5:\"title\";s:4:\"iPad\";s:4:\"icon\";s:11:\"icon-ios-os\";}s:10:\"/android/i\";a:2:{s:5:\"title\";s:7:\"Android\";s:4:\"icon\";s:15:\"icon-android-os\";}s:13:\"/blackberry/i\";a:2:{s:5:\"title\";s:10:\"BlackBerry\";s:4:\"icon\";s:18:\"icon-blackberry-os\";}s:8:\"/webos/i\";a:2:{s:5:\"title\";s:5:\"webOS\";s:4:\"icon\";s:11:\"icon-web-os\";}}','a:23:{s:16:\"/windows nt 10/i\";a:2:{s:5:\"title\";s:10:\"Windows 10\";s:4:\"icon\";s:14:\"icon-win-10-os\";}s:17:\"/windows nt 6.3/i\";a:2:{s:5:\"title\";s:11:\"Windows 8.1\";s:4:\"icon\";s:13:\"icon-win-8-os\";}s:17:\"/windows nt 6.2/i\";a:2:{s:5:\"title\";s:9:\"Windows 8\";s:4:\"icon\";s:13:\"icon-win-8-os\";}s:17:\"/windows nt 6.1/i\";a:2:{s:5:\"title\";s:9:\"Windows 7\";s:4:\"icon\";s:13:\"icon-win-7-os\";}s:17:\"/windows nt 6.0/i\";a:2:{s:5:\"title\";s:13:\"Windows Vista\";s:4:\"icon\";s:13:\"icon-win-7-os\";}s:17:\"/windows nt 5.2/i\";a:2:{s:5:\"title\";s:26:\"Windows Server 2003/XP x64\";s:4:\"icon\";s:14:\"icon-win-xp-os\";}s:17:\"/windows nt 5.1/i\";a:2:{s:5:\"title\";s:10:\"Windows XP\";s:4:\"icon\";s:14:\"icon-win-xp-os\";}s:13:\"/windows xp/i\";a:2:{s:5:\"title\";s:10:\"Windows XP\";s:4:\"icon\";s:14:\"icon-win-xp-os\";}s:17:\"/windows nt 5.0/i\";a:2:{s:5:\"title\";s:12:\"Windows 2000\";s:4:\"icon\";s:14:\"icon-win-xp-os\";}s:13:\"/windows me/i\";a:2:{s:5:\"title\";s:10:\"Windows ME\";s:4:\"icon\";s:14:\"icon-win-xp-os\";}s:8:\"/win98/i\";a:2:{s:5:\"title\";s:10:\"Windows 98\";s:4:\"icon\";s:14:\"icon-win-xp-os\";}s:8:\"/win95/i\";a:2:{s:5:\"title\";s:10:\"Windows 95\";s:4:\"icon\";s:14:\"icon-win-xp-os\";}s:8:\"/win16/i\";a:2:{s:5:\"title\";s:12:\"Windows 3.11\";s:4:\"icon\";s:14:\"icon-win-xp-os\";}s:21:\"/macintosh|mac os x/i\";a:2:{s:5:\"title\";s:8:\"Mac OS X\";s:4:\"icon\";s:12:\"icon-os-x-os\";}s:14:\"/mac_powerpc/i\";a:2:{s:5:\"title\";s:8:\"Mac OS 9\";s:4:\"icon\";s:13:\"icon-mac-9-os\";}s:8:\"/linux/i\";a:2:{s:5:\"title\";s:5:\"Linux\";s:4:\"icon\";s:13:\"icon-linux-os\";}s:9:\"/ubuntu/i\";a:2:{s:5:\"title\";s:6:\"Ubuntu\";s:4:\"icon\";s:14:\"icon-ubuntu-os\";}s:9:\"/iphone/i\";a:2:{s:5:\"title\";s:6:\"iPhone\";s:4:\"icon\";s:11:\"icon-ios-os\";}s:7:\"/ipod/i\";a:2:{s:5:\"title\";s:4:\"iPod\";s:4:\"icon\";s:11:\"icon-ios-os\";}s:7:\"/ipad/i\";a:2:{s:5:\"title\";s:4:\"iPad\";s:4:\"icon\";s:11:\"icon-ios-os\";}s:10:\"/android/i\";a:2:{s:5:\"title\";s:7:\"Android\";s:4:\"icon\";s:15:\"icon-android-os\";}s:13:\"/blackberry/i\";a:2:{s:5:\"title\";s:10:\"BlackBerry\";s:4:\"icon\";s:18:\"icon-blackberry-os\";}s:8:\"/webos/i\";a:2:{s:5:\"title\";s:5:\"webOS\";s:4:\"icon\";s:11:\"icon-web-os\";}}','array',1,0,'2023-07-10 13:14:47','2023-07-10 13:14:47'),(233,'stats','Stats client browsers','clientBrowsers','a:12:{s:7:\"/msie/i\";a:2:{s:5:\"title\";s:17:\"Internet Explorer\";s:4:\"icon\";s:15:\"icon-ie-browser\";}s:10:\"/firefox/i\";a:2:{s:5:\"title\";s:7:\"Firefox\";s:4:\"icon\";s:20:\"icon-firefox-browser\";}s:9:\"/safari/i\";a:2:{s:5:\"title\";s:6:\"Safari\";s:4:\"icon\";s:19:\"icon-safari-browser\";}s:9:\"/chrome/i\";a:2:{s:5:\"title\";s:6:\"Chrome\";s:4:\"icon\";s:19:\"icon-chrome-browser\";}s:7:\"/edge/i\";a:2:{s:5:\"title\";s:4:\"Edge\";s:4:\"icon\";s:17:\"icon-edge-browser\";}s:8:\"/opera/i\";a:2:{s:5:\"title\";s:5:\"Opera\";s:4:\"icon\";s:18:\"icon-opera-browser\";}s:11:\"/netscape/i\";a:2:{s:5:\"title\";s:8:\"Netscape\";s:4:\"icon\";s:21:\"icon-netscape-browser\";}s:10:\"/maxthon/i\";a:2:{s:5:\"title\";s:7:\"Maxthon\";s:4:\"icon\";s:20:\"icon-maxthon-browser\";}s:12:\"/konqueror/i\";a:2:{s:5:\"title\";s:9:\"Konqueror\";s:4:\"icon\";s:22:\"icon-konqueror-browser\";}s:12:\"/ucbrowser/i\";a:2:{s:5:\"title\";s:10:\"UC Browser\";s:4:\"icon\";s:15:\"icon-uc-browser\";}s:10:\"/vivaldi/i\";a:2:{s:5:\"title\";s:7:\"Vivaldi\";s:4:\"icon\";s:20:\"icon-vivaldi-browser\";}s:12:\"/yabrowser/i\";a:2:{s:5:\"title\";s:14:\"Yandex.Browser\";s:4:\"icon\";s:19:\"icon-yandex-browser\";}}','a:12:{s:7:\"/msie/i\";a:2:{s:5:\"title\";s:17:\"Internet Explorer\";s:4:\"icon\";s:15:\"icon-ie-browser\";}s:10:\"/firefox/i\";a:2:{s:5:\"title\";s:7:\"Firefox\";s:4:\"icon\";s:20:\"icon-firefox-browser\";}s:9:\"/safari/i\";a:2:{s:5:\"title\";s:6:\"Safari\";s:4:\"icon\";s:19:\"icon-safari-browser\";}s:9:\"/chrome/i\";a:2:{s:5:\"title\";s:6:\"Chrome\";s:4:\"icon\";s:19:\"icon-chrome-browser\";}s:7:\"/edge/i\";a:2:{s:5:\"title\";s:4:\"Edge\";s:4:\"icon\";s:17:\"icon-edge-browser\";}s:8:\"/opera/i\";a:2:{s:5:\"title\";s:5:\"Opera\";s:4:\"icon\";s:18:\"icon-opera-browser\";}s:11:\"/netscape/i\";a:2:{s:5:\"title\";s:8:\"Netscape\";s:4:\"icon\";s:21:\"icon-netscape-browser\";}s:10:\"/maxthon/i\";a:2:{s:5:\"title\";s:7:\"Maxthon\";s:4:\"icon\";s:20:\"icon-maxthon-browser\";}s:12:\"/konqueror/i\";a:2:{s:5:\"title\";s:9:\"Konqueror\";s:4:\"icon\";s:22:\"icon-konqueror-browser\";}s:12:\"/ucbrowser/i\";a:2:{s:5:\"title\";s:10:\"UC Browser\";s:4:\"icon\";s:15:\"icon-uc-browser\";}s:10:\"/vivaldi/i\";a:2:{s:5:\"title\";s:7:\"Vivaldi\";s:4:\"icon\";s:20:\"icon-vivaldi-browser\";}s:12:\"/yabrowser/i\";a:2:{s:5:\"title\";s:14:\"Yandex.Browser\";s:4:\"icon\";s:19:\"icon-yandex-browser\";}}','array',1,0,'2023-07-10 13:14:47','2023-07-10 13:14:47'),(234,'stats','Stats timezone','timezone','Europe/Kiev','Europe/Kiev','string',1,0,'2023-07-10 13:14:47','2023-07-10 13:14:47'),(235,'stats','Stats private properties','privateProperties','a:7:{i:0;s:4:\"name\";i:1;s:11:\"description\";i:2;s:19:\"controllerNamespace\";i:3;s:12:\"defaultRoute\";i:4;s:11:\"routePrefix\";i:5;s:6:\"vendor\";i:6;s:13:\"controllerMap\";}','a:7:{i:0;s:4:\"name\";i:1;s:11:\"description\";i:2;s:19:\"controllerNamespace\";i:3;s:12:\"defaultRoute\";i:4;s:11:\"routePrefix\";i:5;s:6:\"vendor\";i:6;s:13:\"controllerMap\";}','array',1,0,'2023-07-10 13:14:47','2023-07-10 13:14:47'),(236,'stats','Stats params','params','a:0:{}','a:0:{}','array',1,0,'2023-07-10 13:14:47','2023-07-10 13:14:47'),(237,'terminal','Terminal allow c l i','allowCLI','0','0','boolean',1,0,'2023-07-10 13:14:49','2023-07-10 13:14:49'),(238,'terminal','Terminal support c l i','supportCLI','a:30:{i:0;s:3:\"php\";i:1;s:5:\"mysql\";i:2;s:6:\"mysqli\";i:3;s:4:\"psql\";i:4;s:4:\"curl\";i:5;s:4:\"wget\";i:6;s:3:\"apt\";i:7;s:7:\"apt-get\";i:8;s:4:\"ping\";i:9;s:10:\"traceroute\";i:10;s:3:\"tar\";i:11;s:4:\"gzip\";i:12;s:4:\"lzma\";i:13;s:2:\"ls\";i:14;s:5:\"mkdir\";i:15;s:3:\"cat\";i:16;s:2:\"cd\";i:17;s:3:\"pwd\";i:18;s:5:\"touch\";i:19;s:4:\"less\";i:20;s:4:\"head\";i:21;s:4:\"tail\";i:22;s:2:\"rm\";i:23;s:5:\"rmdir\";i:24;s:7:\"history\";i:25;s:2:\"cp\";i:26;s:2:\"mv\";i:27;s:4:\"find\";i:28;s:5:\"quota\";i:29;s:3:\"scp\";}','a:30:{i:0;s:3:\"php\";i:1;s:5:\"mysql\";i:2;s:6:\"mysqli\";i:3;s:4:\"psql\";i:4;s:4:\"curl\";i:5;s:4:\"wget\";i:6;s:3:\"apt\";i:7;s:7:\"apt-get\";i:8;s:4:\"ping\";i:9;s:10:\"traceroute\";i:10;s:3:\"tar\";i:11;s:4:\"gzip\";i:12;s:4:\"lzma\";i:13;s:2:\"ls\";i:14;s:5:\"mkdir\";i:15;s:3:\"cat\";i:16;s:2:\"cd\";i:17;s:3:\"pwd\";i:18;s:5:\"touch\";i:19;s:4:\"less\";i:20;s:4:\"head\";i:21;s:4:\"tail\";i:22;s:2:\"rm\";i:23;s:5:\"rmdir\";i:24;s:7:\"history\";i:25;s:2:\"cp\";i:26;s:2:\"mv\";i:27;s:4:\"find\";i:28;s:5:\"quota\";i:29;s:3:\"scp\";}','array',1,0,'2023-07-10 13:14:50','2023-07-10 13:14:50'),(239,'terminal','Terminal timezone','timezone','Europe/Kiev','Europe/Kiev','string',1,0,'2023-07-10 13:14:50','2023-07-10 13:14:50'),(240,'terminal','Terminal private properties','privateProperties','a:7:{i:0;s:4:\"name\";i:1;s:11:\"description\";i:2;s:19:\"controllerNamespace\";i:3;s:12:\"defaultRoute\";i:4;s:11:\"routePrefix\";i:5;s:6:\"vendor\";i:6;s:13:\"controllerMap\";}','a:7:{i:0;s:4:\"name\";i:1;s:11:\"description\";i:2;s:19:\"controllerNamespace\";i:3;s:12:\"defaultRoute\";i:4;s:11:\"routePrefix\";i:5;s:6:\"vendor\";i:6;s:13:\"controllerMap\";}','array',1,0,'2023-07-10 13:14:50','2023-07-10 13:14:50'),(241,'terminal','Terminal params','params','a:0:{}','a:0:{}','array',1,0,'2023-07-10 13:14:50','2023-07-10 13:14:50'),(242,'tickets','Tickets timezone','timezone','Europe/Kiev','Europe/Kiev','string',1,0,'2023-07-10 13:14:53','2023-07-10 13:14:53'),(243,'tickets','Tickets private properties','privateProperties','a:7:{i:0;s:4:\"name\";i:1;s:11:\"description\";i:2;s:19:\"controllerNamespace\";i:3;s:12:\"defaultRoute\";i:4;s:11:\"routePrefix\";i:5;s:6:\"vendor\";i:6;s:13:\"controllerMap\";}','a:7:{i:0;s:4:\"name\";i:1;s:11:\"description\";i:2;s:19:\"controllerNamespace\";i:3;s:12:\"defaultRoute\";i:4;s:11:\"routePrefix\";i:5;s:6:\"vendor\";i:6;s:13:\"controllerMap\";}','array',1,0,'2023-07-10 13:14:53','2023-07-10 13:14:53'),(244,'tickets','Tickets params','params','a:0:{}','a:0:{}','array',1,0,'2023-07-10 13:14:53','2023-07-10 13:14:53'),(245,'translations','Translations support locales','supportLocales','a:563:{i:0;s:2:\"af\";i:1;s:5:\"af_NA\";i:2;s:5:\"af_ZA\";i:3;s:2:\"ak\";i:4;s:5:\"ak_GH\";i:5;s:2:\"am\";i:6;s:5:\"am_ET\";i:7;s:2:\"ar\";i:8;s:5:\"ar_AE\";i:9;s:5:\"ar_BH\";i:10;s:5:\"ar_DJ\";i:11;s:5:\"ar_DZ\";i:12;s:5:\"ar_EG\";i:13;s:5:\"ar_EH\";i:14;s:5:\"ar_ER\";i:15;s:5:\"ar_IL\";i:16;s:5:\"ar_IQ\";i:17;s:5:\"ar_JO\";i:18;s:5:\"ar_KM\";i:19;s:5:\"ar_KW\";i:20;s:5:\"ar_LB\";i:21;s:5:\"ar_LY\";i:22;s:5:\"ar_MA\";i:23;s:5:\"ar_MR\";i:24;s:5:\"ar_OM\";i:25;s:5:\"ar_PS\";i:26;s:5:\"ar_QA\";i:27;s:5:\"ar_SA\";i:28;s:5:\"ar_SD\";i:29;s:5:\"ar_SO\";i:30;s:5:\"ar_SS\";i:31;s:5:\"ar_SY\";i:32;s:5:\"ar_TD\";i:33;s:5:\"ar_TN\";i:34;s:5:\"ar_YE\";i:35;s:2:\"as\";i:36;s:5:\"as_IN\";i:37;s:2:\"az\";i:38;s:5:\"az_AZ\";i:39;s:7:\"az_Cyrl\";i:40;s:10:\"az_Cyrl_AZ\";i:41;s:7:\"az_Latn\";i:42;s:10:\"az_Latn_AZ\";i:43;s:2:\"be\";i:44;s:5:\"be_BY\";i:45;s:2:\"bg\";i:46;s:5:\"bg_BG\";i:47;s:2:\"bm\";i:48;s:7:\"bm_Latn\";i:49;s:10:\"bm_Latn_ML\";i:50;s:2:\"bn\";i:51;s:5:\"bn_BD\";i:52;s:5:\"bn_IN\";i:53;s:2:\"bo\";i:54;s:5:\"bo_CN\";i:55;s:5:\"bo_IN\";i:56;s:2:\"br\";i:57;s:5:\"br_FR\";i:58;s:2:\"bs\";i:59;s:5:\"bs_BA\";i:60;s:7:\"bs_Cyrl\";i:61;s:10:\"bs_Cyrl_BA\";i:62;s:7:\"bs_Latn\";i:63;s:10:\"bs_Latn_BA\";i:64;s:2:\"ca\";i:65;s:5:\"ca_AD\";i:66;s:5:\"ca_ES\";i:67;s:5:\"ca_FR\";i:68;s:5:\"ca_IT\";i:69;s:2:\"cs\";i:70;s:5:\"cs_CZ\";i:71;s:2:\"cy\";i:72;s:5:\"cy_GB\";i:73;s:2:\"da\";i:74;s:5:\"da_DK\";i:75;s:5:\"da_GL\";i:76;s:2:\"de\";i:77;s:5:\"de_AT\";i:78;s:5:\"de_BE\";i:79;s:5:\"de_CH\";i:80;s:5:\"de_DE\";i:81;s:5:\"de_LI\";i:82;s:5:\"de_LU\";i:83;s:2:\"dz\";i:84;s:5:\"dz_BT\";i:85;s:2:\"ee\";i:86;s:5:\"ee_GH\";i:87;s:5:\"ee_TG\";i:88;s:2:\"el\";i:89;s:5:\"el_CY\";i:90;s:5:\"el_GR\";i:91;s:2:\"en\";i:92;s:5:\"en_AG\";i:93;s:5:\"en_AI\";i:94;s:5:\"en_AS\";i:95;s:5:\"en_AU\";i:96;s:5:\"en_BB\";i:97;s:5:\"en_BE\";i:98;s:5:\"en_BM\";i:99;s:5:\"en_BS\";i:100;s:5:\"en_BW\";i:101;s:5:\"en_BZ\";i:102;s:5:\"en_CA\";i:103;s:5:\"en_CC\";i:104;s:5:\"en_CK\";i:105;s:5:\"en_CM\";i:106;s:5:\"en_CX\";i:107;s:5:\"en_DG\";i:108;s:5:\"en_DM\";i:109;s:5:\"en_ER\";i:110;s:5:\"en_FJ\";i:111;s:5:\"en_FK\";i:112;s:5:\"en_FM\";i:113;s:5:\"en_GB\";i:114;s:5:\"en_GD\";i:115;s:5:\"en_GG\";i:116;s:5:\"en_GH\";i:117;s:5:\"en_GI\";i:118;s:5:\"en_GM\";i:119;s:5:\"en_GU\";i:120;s:5:\"en_GY\";i:121;s:5:\"en_HK\";i:122;s:5:\"en_IE\";i:123;s:5:\"en_IM\";i:124;s:5:\"en_IN\";i:125;s:5:\"en_IO\";i:126;s:5:\"en_JE\";i:127;s:5:\"en_JM\";i:128;s:5:\"en_KE\";i:129;s:5:\"en_KI\";i:130;s:5:\"en_KN\";i:131;s:5:\"en_KY\";i:132;s:5:\"en_LC\";i:133;s:5:\"en_LR\";i:134;s:5:\"en_LS\";i:135;s:5:\"en_MG\";i:136;s:5:\"en_MH\";i:137;s:5:\"en_MO\";i:138;s:5:\"en_MP\";i:139;s:5:\"en_MS\";i:140;s:5:\"en_MT\";i:141;s:5:\"en_MU\";i:142;s:5:\"en_MW\";i:143;s:5:\"en_MY\";i:144;s:5:\"en_NA\";i:145;s:5:\"en_NF\";i:146;s:5:\"en_NG\";i:147;s:5:\"en_NR\";i:148;s:5:\"en_NU\";i:149;s:5:\"en_NZ\";i:150;s:5:\"en_PG\";i:151;s:5:\"en_PH\";i:152;s:5:\"en_PK\";i:153;s:5:\"en_PN\";i:154;s:5:\"en_PR\";i:155;s:5:\"en_PW\";i:156;s:5:\"en_RW\";i:157;s:5:\"en_SB\";i:158;s:5:\"en_SC\";i:159;s:5:\"en_SD\";i:160;s:5:\"en_SG\";i:161;s:5:\"en_SH\";i:162;s:5:\"en_SL\";i:163;s:5:\"en_SS\";i:164;s:5:\"en_SX\";i:165;s:5:\"en_SZ\";i:166;s:5:\"en_TC\";i:167;s:5:\"en_TK\";i:168;s:5:\"en_TO\";i:169;s:5:\"en_TT\";i:170;s:5:\"en_TV\";i:171;s:5:\"en_TZ\";i:172;s:5:\"en_UG\";i:173;s:5:\"en_UM\";i:174;s:5:\"en_US\";i:175;s:5:\"en_VC\";i:176;s:5:\"en_VG\";i:177;s:5:\"en_VI\";i:178;s:5:\"en_VU\";i:179;s:5:\"en_WS\";i:180;s:5:\"en_ZA\";i:181;s:5:\"en_ZM\";i:182;s:5:\"en_ZW\";i:183;s:2:\"eo\";i:184;s:2:\"es\";i:185;s:5:\"es_AR\";i:186;s:5:\"es_BO\";i:187;s:5:\"es_CL\";i:188;s:5:\"es_CO\";i:189;s:5:\"es_CR\";i:190;s:5:\"es_CU\";i:191;s:5:\"es_DO\";i:192;s:5:\"es_EA\";i:193;s:5:\"es_EC\";i:194;s:5:\"es_ES\";i:195;s:5:\"es_GQ\";i:196;s:5:\"es_GT\";i:197;s:5:\"es_HN\";i:198;s:5:\"es_IC\";i:199;s:5:\"es_MX\";i:200;s:5:\"es_NI\";i:201;s:5:\"es_PA\";i:202;s:5:\"es_PE\";i:203;s:5:\"es_PH\";i:204;s:5:\"es_PR\";i:205;s:5:\"es_PY\";i:206;s:5:\"es_SV\";i:207;s:5:\"es_US\";i:208;s:5:\"es_UY\";i:209;s:5:\"es_VE\";i:210;s:2:\"et\";i:211;s:5:\"et_EE\";i:212;s:2:\"eu\";i:213;s:5:\"eu_ES\";i:214;s:2:\"fa\";i:215;s:5:\"fa_AF\";i:216;s:5:\"fa_IR\";i:217;s:2:\"ff\";i:218;s:5:\"ff_CM\";i:219;s:5:\"ff_GN\";i:220;s:5:\"ff_MR\";i:221;s:5:\"ff_SN\";i:222;s:2:\"fi\";i:223;s:5:\"fi_FI\";i:224;s:2:\"fo\";i:225;s:5:\"fo_FO\";i:226;s:2:\"fr\";i:227;s:5:\"fr_BE\";i:228;s:5:\"fr_BF\";i:229;s:5:\"fr_BI\";i:230;s:5:\"fr_BJ\";i:231;s:5:\"fr_BL\";i:232;s:5:\"fr_CA\";i:233;s:5:\"fr_CD\";i:234;s:5:\"fr_CF\";i:235;s:5:\"fr_CG\";i:236;s:5:\"fr_CH\";i:237;s:5:\"fr_CI\";i:238;s:5:\"fr_CM\";i:239;s:5:\"fr_DJ\";i:240;s:5:\"fr_DZ\";i:241;s:5:\"fr_FR\";i:242;s:5:\"fr_GA\";i:243;s:5:\"fr_GF\";i:244;s:5:\"fr_GN\";i:245;s:5:\"fr_GP\";i:246;s:5:\"fr_GQ\";i:247;s:5:\"fr_HT\";i:248;s:5:\"fr_KM\";i:249;s:5:\"fr_LU\";i:250;s:5:\"fr_MA\";i:251;s:5:\"fr_MC\";i:252;s:5:\"fr_MF\";i:253;s:5:\"fr_MG\";i:254;s:5:\"fr_ML\";i:255;s:5:\"fr_MQ\";i:256;s:5:\"fr_MR\";i:257;s:5:\"fr_MU\";i:258;s:5:\"fr_NC\";i:259;s:5:\"fr_NE\";i:260;s:5:\"fr_PF\";i:261;s:5:\"fr_PM\";i:262;s:5:\"fr_RE\";i:263;s:5:\"fr_RW\";i:264;s:5:\"fr_SC\";i:265;s:5:\"fr_SN\";i:266;s:5:\"fr_SY\";i:267;s:5:\"fr_TD\";i:268;s:5:\"fr_TG\";i:269;s:5:\"fr_TN\";i:270;s:5:\"fr_VU\";i:271;s:5:\"fr_WF\";i:272;s:5:\"fr_YT\";i:273;s:2:\"fy\";i:274;s:5:\"fy_NL\";i:275;s:2:\"ga\";i:276;s:5:\"ga_IE\";i:277;s:2:\"gd\";i:278;s:5:\"gd_GB\";i:279;s:2:\"gl\";i:280;s:5:\"gl_ES\";i:281;s:2:\"gu\";i:282;s:5:\"gu_IN\";i:283;s:2:\"gv\";i:284;s:5:\"gv_IM\";i:285;s:2:\"ha\";i:286;s:5:\"ha_GH\";i:287;s:7:\"ha_Latn\";i:288;s:10:\"ha_Latn_GH\";i:289;s:10:\"ha_Latn_NE\";i:290;s:10:\"ha_Latn_NG\";i:291;s:5:\"ha_NE\";i:292;s:5:\"ha_NG\";i:293;s:2:\"he\";i:294;s:5:\"he_IL\";i:295;s:2:\"hi\";i:296;s:5:\"hi_IN\";i:297;s:2:\"hr\";i:298;s:5:\"hr_BA\";i:299;s:5:\"hr_HR\";i:300;s:2:\"hu\";i:301;s:5:\"hu_HU\";i:302;s:2:\"hy\";i:303;s:5:\"hy_AM\";i:304;s:2:\"id\";i:305;s:5:\"id_ID\";i:306;s:2:\"ig\";i:307;s:5:\"ig_NG\";i:308;s:2:\"ii\";i:309;s:5:\"ii_CN\";i:310;s:2:\"is\";i:311;s:5:\"is_IS\";i:312;s:2:\"it\";i:313;s:5:\"it_CH\";i:314;s:5:\"it_IT\";i:315;s:5:\"it_SM\";i:316;s:2:\"ja\";i:317;s:5:\"ja_JP\";i:318;s:2:\"ka\";i:319;s:5:\"ka_GE\";i:320;s:2:\"ki\";i:321;s:5:\"ki_KE\";i:322;s:2:\"kk\";i:323;s:7:\"kk_Cyrl\";i:324;s:10:\"kk_Cyrl_KZ\";i:325;s:5:\"kk_KZ\";i:326;s:2:\"kl\";i:327;s:5:\"kl_GL\";i:328;s:2:\"km\";i:329;s:5:\"km_KH\";i:330;s:2:\"kn\";i:331;s:5:\"kn_IN\";i:332;s:2:\"ko\";i:333;s:5:\"ko_KP\";i:334;s:5:\"ko_KR\";i:335;s:2:\"ks\";i:336;s:7:\"ks_Arab\";i:337;s:10:\"ks_Arab_IN\";i:338;s:5:\"ks_IN\";i:339;s:2:\"kw\";i:340;s:5:\"kw_GB\";i:341;s:2:\"ky\";i:342;s:7:\"ky_Cyrl\";i:343;s:10:\"ky_Cyrl_KG\";i:344;s:5:\"ky_KG\";i:345;s:2:\"lb\";i:346;s:5:\"lb_LU\";i:347;s:2:\"lg\";i:348;s:5:\"lg_UG\";i:349;s:2:\"ln\";i:350;s:5:\"ln_AO\";i:351;s:5:\"ln_CD\";i:352;s:5:\"ln_CF\";i:353;s:5:\"ln_CG\";i:354;s:2:\"lo\";i:355;s:5:\"lo_LA\";i:356;s:2:\"lt\";i:357;s:5:\"lt_LT\";i:358;s:2:\"lu\";i:359;s:5:\"lu_CD\";i:360;s:2:\"lv\";i:361;s:5:\"lv_LV\";i:362;s:2:\"mg\";i:363;s:5:\"mg_MG\";i:364;s:2:\"mk\";i:365;s:5:\"mk_MK\";i:366;s:2:\"ml\";i:367;s:5:\"ml_IN\";i:368;s:2:\"mn\";i:369;s:7:\"mn_Cyrl\";i:370;s:10:\"mn_Cyrl_MN\";i:371;s:5:\"mn_MN\";i:372;s:2:\"mr\";i:373;s:5:\"mr_IN\";i:374;s:2:\"ms\";i:375;s:5:\"ms_BN\";i:376;s:7:\"ms_Latn\";i:377;s:10:\"ms_Latn_BN\";i:378;s:10:\"ms_Latn_MY\";i:379;s:10:\"ms_Latn_SG\";i:380;s:5:\"ms_MY\";i:381;s:5:\"ms_SG\";i:382;s:2:\"mt\";i:383;s:5:\"mt_MT\";i:384;s:2:\"my\";i:385;s:5:\"my_MM\";i:386;s:2:\"nb\";i:387;s:5:\"nb_NO\";i:388;s:5:\"nb_SJ\";i:389;s:2:\"nd\";i:390;s:5:\"nd_ZW\";i:391;s:2:\"ne\";i:392;s:5:\"ne_IN\";i:393;s:5:\"ne_NP\";i:394;s:2:\"nl\";i:395;s:5:\"nl_AW\";i:396;s:5:\"nl_BE\";i:397;s:5:\"nl_BQ\";i:398;s:5:\"nl_CW\";i:399;s:5:\"nl_NL\";i:400;s:5:\"nl_SR\";i:401;s:5:\"nl_SX\";i:402;s:2:\"nn\";i:403;s:5:\"nn_NO\";i:404;s:2:\"no\";i:405;s:5:\"no_NO\";i:406;s:2:\"om\";i:407;s:5:\"om_ET\";i:408;s:5:\"om_KE\";i:409;s:2:\"or\";i:410;s:5:\"or_IN\";i:411;s:2:\"os\";i:412;s:5:\"os_GE\";i:413;s:5:\"os_RU\";i:414;s:2:\"pa\";i:415;s:7:\"pa_Arab\";i:416;s:10:\"pa_Arab_PK\";i:417;s:7:\"pa_Guru\";i:418;s:10:\"pa_Guru_IN\";i:419;s:5:\"pa_IN\";i:420;s:5:\"pa_PK\";i:421;s:2:\"pl\";i:422;s:5:\"pl_PL\";i:423;s:2:\"ps\";i:424;s:5:\"ps_AF\";i:425;s:2:\"pt\";i:426;s:5:\"pt_AO\";i:427;s:5:\"pt_BR\";i:428;s:5:\"pt_CV\";i:429;s:5:\"pt_GW\";i:430;s:5:\"pt_MO\";i:431;s:5:\"pt_MZ\";i:432;s:5:\"pt_PT\";i:433;s:5:\"pt_ST\";i:434;s:5:\"pt_TL\";i:435;s:2:\"qu\";i:436;s:5:\"qu_BO\";i:437;s:5:\"qu_EC\";i:438;s:5:\"qu_PE\";i:439;s:2:\"rm\";i:440;s:5:\"rm_CH\";i:441;s:2:\"rn\";i:442;s:5:\"rn_BI\";i:443;s:2:\"ro\";i:444;s:5:\"ro_MD\";i:445;s:5:\"ro_RO\";i:446;s:2:\"ru\";i:447;s:5:\"ru_BY\";i:448;s:5:\"ru_KG\";i:449;s:5:\"ru_KZ\";i:450;s:5:\"ru_MD\";i:451;s:5:\"ru_RU\";i:452;s:5:\"ru_UA\";i:453;s:2:\"rw\";i:454;s:5:\"rw_RW\";i:455;s:2:\"se\";i:456;s:5:\"se_FI\";i:457;s:5:\"se_NO\";i:458;s:5:\"se_SE\";i:459;s:2:\"sg\";i:460;s:5:\"sg_CF\";i:461;s:2:\"sh\";i:462;s:5:\"sh_BA\";i:463;s:2:\"si\";i:464;s:5:\"si_LK\";i:465;s:2:\"sk\";i:466;s:5:\"sk_SK\";i:467;s:2:\"sl\";i:468;s:5:\"sl_SI\";i:469;s:2:\"sn\";i:470;s:5:\"sn_ZW\";i:471;s:2:\"so\";i:472;s:5:\"so_DJ\";i:473;s:5:\"so_ET\";i:474;s:5:\"so_KE\";i:475;s:5:\"so_SO\";i:476;s:2:\"sq\";i:477;s:5:\"sq_AL\";i:478;s:5:\"sq_MK\";i:479;s:5:\"sq_XK\";i:480;s:2:\"sr\";i:481;s:5:\"sr_BA\";i:482;s:7:\"sr_Cyrl\";i:483;s:10:\"sr_Cyrl_BA\";i:484;s:10:\"sr_Cyrl_ME\";i:485;s:10:\"sr_Cyrl_RS\";i:486;s:10:\"sr_Cyrl_XK\";i:487;s:7:\"sr_Latn\";i:488;s:10:\"sr_Latn_BA\";i:489;s:10:\"sr_Latn_ME\";i:490;s:10:\"sr_Latn_RS\";i:491;s:10:\"sr_Latn_XK\";i:492;s:5:\"sr_ME\";i:493;s:5:\"sr_RS\";i:494;s:5:\"sr_XK\";i:495;s:2:\"sv\";i:496;s:5:\"sv_AX\";i:497;s:5:\"sv_FI\";i:498;s:5:\"sv_SE\";i:499;s:2:\"sw\";i:500;s:5:\"sw_KE\";i:501;s:5:\"sw_TZ\";i:502;s:5:\"sw_UG\";i:503;s:2:\"ta\";i:504;s:5:\"ta_IN\";i:505;s:5:\"ta_LK\";i:506;s:5:\"ta_MY\";i:507;s:5:\"ta_SG\";i:508;s:2:\"te\";i:509;s:5:\"te_IN\";i:510;s:2:\"th\";i:511;s:5:\"th_TH\";i:512;s:2:\"ti\";i:513;s:5:\"ti_ER\";i:514;s:5:\"ti_ET\";i:515;s:2:\"tl\";i:516;s:5:\"tl_PH\";i:517;s:2:\"to\";i:518;s:5:\"to_TO\";i:519;s:2:\"tr\";i:520;s:5:\"tr_CY\";i:521;s:5:\"tr_TR\";i:522;s:2:\"ug\";i:523;s:7:\"ug_Arab\";i:524;s:10:\"ug_Arab_CN\";i:525;s:5:\"ug_CN\";i:526;s:2:\"uk\";i:527;s:5:\"uk_UA\";i:528;s:2:\"ur\";i:529;s:5:\"ur_IN\";i:530;s:5:\"ur_PK\";i:531;s:2:\"uz\";i:532;s:5:\"uz_AF\";i:533;s:7:\"uz_Arab\";i:534;s:10:\"uz_Arab_AF\";i:535;s:7:\"uz_Cyrl\";i:536;s:10:\"uz_Cyrl_UZ\";i:537;s:7:\"uz_Latn\";i:538;s:10:\"uz_Latn_UZ\";i:539;s:5:\"uz_UZ\";i:540;s:2:\"vi\";i:541;s:5:\"vi_VN\";i:542;s:2:\"yi\";i:543;s:2:\"yo\";i:544;s:5:\"yo_BJ\";i:545;s:5:\"yo_NG\";i:546;s:2:\"zh\";i:547;s:5:\"zh_CN\";i:548;s:5:\"zh_HK\";i:549;s:7:\"zh_Hans\";i:550;s:10:\"zh_Hans_CN\";i:551;s:10:\"zh_Hans_HK\";i:552;s:10:\"zh_Hans_MO\";i:553;s:10:\"zh_Hans_SG\";i:554;s:7:\"zh_Hant\";i:555;s:10:\"zh_Hant_HK\";i:556;s:10:\"zh_Hant_MO\";i:557;s:10:\"zh_Hant_TW\";i:558;s:5:\"zh_MO\";i:559;s:5:\"zh_SG\";i:560;s:5:\"zh_TW\";i:561;s:2:\"zu\";i:562;s:5:\"zu_ZA\";}','a:563:{i:0;s:2:\"af\";i:1;s:5:\"af_NA\";i:2;s:5:\"af_ZA\";i:3;s:2:\"ak\";i:4;s:5:\"ak_GH\";i:5;s:2:\"am\";i:6;s:5:\"am_ET\";i:7;s:2:\"ar\";i:8;s:5:\"ar_AE\";i:9;s:5:\"ar_BH\";i:10;s:5:\"ar_DJ\";i:11;s:5:\"ar_DZ\";i:12;s:5:\"ar_EG\";i:13;s:5:\"ar_EH\";i:14;s:5:\"ar_ER\";i:15;s:5:\"ar_IL\";i:16;s:5:\"ar_IQ\";i:17;s:5:\"ar_JO\";i:18;s:5:\"ar_KM\";i:19;s:5:\"ar_KW\";i:20;s:5:\"ar_LB\";i:21;s:5:\"ar_LY\";i:22;s:5:\"ar_MA\";i:23;s:5:\"ar_MR\";i:24;s:5:\"ar_OM\";i:25;s:5:\"ar_PS\";i:26;s:5:\"ar_QA\";i:27;s:5:\"ar_SA\";i:28;s:5:\"ar_SD\";i:29;s:5:\"ar_SO\";i:30;s:5:\"ar_SS\";i:31;s:5:\"ar_SY\";i:32;s:5:\"ar_TD\";i:33;s:5:\"ar_TN\";i:34;s:5:\"ar_YE\";i:35;s:2:\"as\";i:36;s:5:\"as_IN\";i:37;s:2:\"az\";i:38;s:5:\"az_AZ\";i:39;s:7:\"az_Cyrl\";i:40;s:10:\"az_Cyrl_AZ\";i:41;s:7:\"az_Latn\";i:42;s:10:\"az_Latn_AZ\";i:43;s:2:\"be\";i:44;s:5:\"be_BY\";i:45;s:2:\"bg\";i:46;s:5:\"bg_BG\";i:47;s:2:\"bm\";i:48;s:7:\"bm_Latn\";i:49;s:10:\"bm_Latn_ML\";i:50;s:2:\"bn\";i:51;s:5:\"bn_BD\";i:52;s:5:\"bn_IN\";i:53;s:2:\"bo\";i:54;s:5:\"bo_CN\";i:55;s:5:\"bo_IN\";i:56;s:2:\"br\";i:57;s:5:\"br_FR\";i:58;s:2:\"bs\";i:59;s:5:\"bs_BA\";i:60;s:7:\"bs_Cyrl\";i:61;s:10:\"bs_Cyrl_BA\";i:62;s:7:\"bs_Latn\";i:63;s:10:\"bs_Latn_BA\";i:64;s:2:\"ca\";i:65;s:5:\"ca_AD\";i:66;s:5:\"ca_ES\";i:67;s:5:\"ca_FR\";i:68;s:5:\"ca_IT\";i:69;s:2:\"cs\";i:70;s:5:\"cs_CZ\";i:71;s:2:\"cy\";i:72;s:5:\"cy_GB\";i:73;s:2:\"da\";i:74;s:5:\"da_DK\";i:75;s:5:\"da_GL\";i:76;s:2:\"de\";i:77;s:5:\"de_AT\";i:78;s:5:\"de_BE\";i:79;s:5:\"de_CH\";i:80;s:5:\"de_DE\";i:81;s:5:\"de_LI\";i:82;s:5:\"de_LU\";i:83;s:2:\"dz\";i:84;s:5:\"dz_BT\";i:85;s:2:\"ee\";i:86;s:5:\"ee_GH\";i:87;s:5:\"ee_TG\";i:88;s:2:\"el\";i:89;s:5:\"el_CY\";i:90;s:5:\"el_GR\";i:91;s:2:\"en\";i:92;s:5:\"en_AG\";i:93;s:5:\"en_AI\";i:94;s:5:\"en_AS\";i:95;s:5:\"en_AU\";i:96;s:5:\"en_BB\";i:97;s:5:\"en_BE\";i:98;s:5:\"en_BM\";i:99;s:5:\"en_BS\";i:100;s:5:\"en_BW\";i:101;s:5:\"en_BZ\";i:102;s:5:\"en_CA\";i:103;s:5:\"en_CC\";i:104;s:5:\"en_CK\";i:105;s:5:\"en_CM\";i:106;s:5:\"en_CX\";i:107;s:5:\"en_DG\";i:108;s:5:\"en_DM\";i:109;s:5:\"en_ER\";i:110;s:5:\"en_FJ\";i:111;s:5:\"en_FK\";i:112;s:5:\"en_FM\";i:113;s:5:\"en_GB\";i:114;s:5:\"en_GD\";i:115;s:5:\"en_GG\";i:116;s:5:\"en_GH\";i:117;s:5:\"en_GI\";i:118;s:5:\"en_GM\";i:119;s:5:\"en_GU\";i:120;s:5:\"en_GY\";i:121;s:5:\"en_HK\";i:122;s:5:\"en_IE\";i:123;s:5:\"en_IM\";i:124;s:5:\"en_IN\";i:125;s:5:\"en_IO\";i:126;s:5:\"en_JE\";i:127;s:5:\"en_JM\";i:128;s:5:\"en_KE\";i:129;s:5:\"en_KI\";i:130;s:5:\"en_KN\";i:131;s:5:\"en_KY\";i:132;s:5:\"en_LC\";i:133;s:5:\"en_LR\";i:134;s:5:\"en_LS\";i:135;s:5:\"en_MG\";i:136;s:5:\"en_MH\";i:137;s:5:\"en_MO\";i:138;s:5:\"en_MP\";i:139;s:5:\"en_MS\";i:140;s:5:\"en_MT\";i:141;s:5:\"en_MU\";i:142;s:5:\"en_MW\";i:143;s:5:\"en_MY\";i:144;s:5:\"en_NA\";i:145;s:5:\"en_NF\";i:146;s:5:\"en_NG\";i:147;s:5:\"en_NR\";i:148;s:5:\"en_NU\";i:149;s:5:\"en_NZ\";i:150;s:5:\"en_PG\";i:151;s:5:\"en_PH\";i:152;s:5:\"en_PK\";i:153;s:5:\"en_PN\";i:154;s:5:\"en_PR\";i:155;s:5:\"en_PW\";i:156;s:5:\"en_RW\";i:157;s:5:\"en_SB\";i:158;s:5:\"en_SC\";i:159;s:5:\"en_SD\";i:160;s:5:\"en_SG\";i:161;s:5:\"en_SH\";i:162;s:5:\"en_SL\";i:163;s:5:\"en_SS\";i:164;s:5:\"en_SX\";i:165;s:5:\"en_SZ\";i:166;s:5:\"en_TC\";i:167;s:5:\"en_TK\";i:168;s:5:\"en_TO\";i:169;s:5:\"en_TT\";i:170;s:5:\"en_TV\";i:171;s:5:\"en_TZ\";i:172;s:5:\"en_UG\";i:173;s:5:\"en_UM\";i:174;s:5:\"en_US\";i:175;s:5:\"en_VC\";i:176;s:5:\"en_VG\";i:177;s:5:\"en_VI\";i:178;s:5:\"en_VU\";i:179;s:5:\"en_WS\";i:180;s:5:\"en_ZA\";i:181;s:5:\"en_ZM\";i:182;s:5:\"en_ZW\";i:183;s:2:\"eo\";i:184;s:2:\"es\";i:185;s:5:\"es_AR\";i:186;s:5:\"es_BO\";i:187;s:5:\"es_CL\";i:188;s:5:\"es_CO\";i:189;s:5:\"es_CR\";i:190;s:5:\"es_CU\";i:191;s:5:\"es_DO\";i:192;s:5:\"es_EA\";i:193;s:5:\"es_EC\";i:194;s:5:\"es_ES\";i:195;s:5:\"es_GQ\";i:196;s:5:\"es_GT\";i:197;s:5:\"es_HN\";i:198;s:5:\"es_IC\";i:199;s:5:\"es_MX\";i:200;s:5:\"es_NI\";i:201;s:5:\"es_PA\";i:202;s:5:\"es_PE\";i:203;s:5:\"es_PH\";i:204;s:5:\"es_PR\";i:205;s:5:\"es_PY\";i:206;s:5:\"es_SV\";i:207;s:5:\"es_US\";i:208;s:5:\"es_UY\";i:209;s:5:\"es_VE\";i:210;s:2:\"et\";i:211;s:5:\"et_EE\";i:212;s:2:\"eu\";i:213;s:5:\"eu_ES\";i:214;s:2:\"fa\";i:215;s:5:\"fa_AF\";i:216;s:5:\"fa_IR\";i:217;s:2:\"ff\";i:218;s:5:\"ff_CM\";i:219;s:5:\"ff_GN\";i:220;s:5:\"ff_MR\";i:221;s:5:\"ff_SN\";i:222;s:2:\"fi\";i:223;s:5:\"fi_FI\";i:224;s:2:\"fo\";i:225;s:5:\"fo_FO\";i:226;s:2:\"fr\";i:227;s:5:\"fr_BE\";i:228;s:5:\"fr_BF\";i:229;s:5:\"fr_BI\";i:230;s:5:\"fr_BJ\";i:231;s:5:\"fr_BL\";i:232;s:5:\"fr_CA\";i:233;s:5:\"fr_CD\";i:234;s:5:\"fr_CF\";i:235;s:5:\"fr_CG\";i:236;s:5:\"fr_CH\";i:237;s:5:\"fr_CI\";i:238;s:5:\"fr_CM\";i:239;s:5:\"fr_DJ\";i:240;s:5:\"fr_DZ\";i:241;s:5:\"fr_FR\";i:242;s:5:\"fr_GA\";i:243;s:5:\"fr_GF\";i:244;s:5:\"fr_GN\";i:245;s:5:\"fr_GP\";i:246;s:5:\"fr_GQ\";i:247;s:5:\"fr_HT\";i:248;s:5:\"fr_KM\";i:249;s:5:\"fr_LU\";i:250;s:5:\"fr_MA\";i:251;s:5:\"fr_MC\";i:252;s:5:\"fr_MF\";i:253;s:5:\"fr_MG\";i:254;s:5:\"fr_ML\";i:255;s:5:\"fr_MQ\";i:256;s:5:\"fr_MR\";i:257;s:5:\"fr_MU\";i:258;s:5:\"fr_NC\";i:259;s:5:\"fr_NE\";i:260;s:5:\"fr_PF\";i:261;s:5:\"fr_PM\";i:262;s:5:\"fr_RE\";i:263;s:5:\"fr_RW\";i:264;s:5:\"fr_SC\";i:265;s:5:\"fr_SN\";i:266;s:5:\"fr_SY\";i:267;s:5:\"fr_TD\";i:268;s:5:\"fr_TG\";i:269;s:5:\"fr_TN\";i:270;s:5:\"fr_VU\";i:271;s:5:\"fr_WF\";i:272;s:5:\"fr_YT\";i:273;s:2:\"fy\";i:274;s:5:\"fy_NL\";i:275;s:2:\"ga\";i:276;s:5:\"ga_IE\";i:277;s:2:\"gd\";i:278;s:5:\"gd_GB\";i:279;s:2:\"gl\";i:280;s:5:\"gl_ES\";i:281;s:2:\"gu\";i:282;s:5:\"gu_IN\";i:283;s:2:\"gv\";i:284;s:5:\"gv_IM\";i:285;s:2:\"ha\";i:286;s:5:\"ha_GH\";i:287;s:7:\"ha_Latn\";i:288;s:10:\"ha_Latn_GH\";i:289;s:10:\"ha_Latn_NE\";i:290;s:10:\"ha_Latn_NG\";i:291;s:5:\"ha_NE\";i:292;s:5:\"ha_NG\";i:293;s:2:\"he\";i:294;s:5:\"he_IL\";i:295;s:2:\"hi\";i:296;s:5:\"hi_IN\";i:297;s:2:\"hr\";i:298;s:5:\"hr_BA\";i:299;s:5:\"hr_HR\";i:300;s:2:\"hu\";i:301;s:5:\"hu_HU\";i:302;s:2:\"hy\";i:303;s:5:\"hy_AM\";i:304;s:2:\"id\";i:305;s:5:\"id_ID\";i:306;s:2:\"ig\";i:307;s:5:\"ig_NG\";i:308;s:2:\"ii\";i:309;s:5:\"ii_CN\";i:310;s:2:\"is\";i:311;s:5:\"is_IS\";i:312;s:2:\"it\";i:313;s:5:\"it_CH\";i:314;s:5:\"it_IT\";i:315;s:5:\"it_SM\";i:316;s:2:\"ja\";i:317;s:5:\"ja_JP\";i:318;s:2:\"ka\";i:319;s:5:\"ka_GE\";i:320;s:2:\"ki\";i:321;s:5:\"ki_KE\";i:322;s:2:\"kk\";i:323;s:7:\"kk_Cyrl\";i:324;s:10:\"kk_Cyrl_KZ\";i:325;s:5:\"kk_KZ\";i:326;s:2:\"kl\";i:327;s:5:\"kl_GL\";i:328;s:2:\"km\";i:329;s:5:\"km_KH\";i:330;s:2:\"kn\";i:331;s:5:\"kn_IN\";i:332;s:2:\"ko\";i:333;s:5:\"ko_KP\";i:334;s:5:\"ko_KR\";i:335;s:2:\"ks\";i:336;s:7:\"ks_Arab\";i:337;s:10:\"ks_Arab_IN\";i:338;s:5:\"ks_IN\";i:339;s:2:\"kw\";i:340;s:5:\"kw_GB\";i:341;s:2:\"ky\";i:342;s:7:\"ky_Cyrl\";i:343;s:10:\"ky_Cyrl_KG\";i:344;s:5:\"ky_KG\";i:345;s:2:\"lb\";i:346;s:5:\"lb_LU\";i:347;s:2:\"lg\";i:348;s:5:\"lg_UG\";i:349;s:2:\"ln\";i:350;s:5:\"ln_AO\";i:351;s:5:\"ln_CD\";i:352;s:5:\"ln_CF\";i:353;s:5:\"ln_CG\";i:354;s:2:\"lo\";i:355;s:5:\"lo_LA\";i:356;s:2:\"lt\";i:357;s:5:\"lt_LT\";i:358;s:2:\"lu\";i:359;s:5:\"lu_CD\";i:360;s:2:\"lv\";i:361;s:5:\"lv_LV\";i:362;s:2:\"mg\";i:363;s:5:\"mg_MG\";i:364;s:2:\"mk\";i:365;s:5:\"mk_MK\";i:366;s:2:\"ml\";i:367;s:5:\"ml_IN\";i:368;s:2:\"mn\";i:369;s:7:\"mn_Cyrl\";i:370;s:10:\"mn_Cyrl_MN\";i:371;s:5:\"mn_MN\";i:372;s:2:\"mr\";i:373;s:5:\"mr_IN\";i:374;s:2:\"ms\";i:375;s:5:\"ms_BN\";i:376;s:7:\"ms_Latn\";i:377;s:10:\"ms_Latn_BN\";i:378;s:10:\"ms_Latn_MY\";i:379;s:10:\"ms_Latn_SG\";i:380;s:5:\"ms_MY\";i:381;s:5:\"ms_SG\";i:382;s:2:\"mt\";i:383;s:5:\"mt_MT\";i:384;s:2:\"my\";i:385;s:5:\"my_MM\";i:386;s:2:\"nb\";i:387;s:5:\"nb_NO\";i:388;s:5:\"nb_SJ\";i:389;s:2:\"nd\";i:390;s:5:\"nd_ZW\";i:391;s:2:\"ne\";i:392;s:5:\"ne_IN\";i:393;s:5:\"ne_NP\";i:394;s:2:\"nl\";i:395;s:5:\"nl_AW\";i:396;s:5:\"nl_BE\";i:397;s:5:\"nl_BQ\";i:398;s:5:\"nl_CW\";i:399;s:5:\"nl_NL\";i:400;s:5:\"nl_SR\";i:401;s:5:\"nl_SX\";i:402;s:2:\"nn\";i:403;s:5:\"nn_NO\";i:404;s:2:\"no\";i:405;s:5:\"no_NO\";i:406;s:2:\"om\";i:407;s:5:\"om_ET\";i:408;s:5:\"om_KE\";i:409;s:2:\"or\";i:410;s:5:\"or_IN\";i:411;s:2:\"os\";i:412;s:5:\"os_GE\";i:413;s:5:\"os_RU\";i:414;s:2:\"pa\";i:415;s:7:\"pa_Arab\";i:416;s:10:\"pa_Arab_PK\";i:417;s:7:\"pa_Guru\";i:418;s:10:\"pa_Guru_IN\";i:419;s:5:\"pa_IN\";i:420;s:5:\"pa_PK\";i:421;s:2:\"pl\";i:422;s:5:\"pl_PL\";i:423;s:2:\"ps\";i:424;s:5:\"ps_AF\";i:425;s:2:\"pt\";i:426;s:5:\"pt_AO\";i:427;s:5:\"pt_BR\";i:428;s:5:\"pt_CV\";i:429;s:5:\"pt_GW\";i:430;s:5:\"pt_MO\";i:431;s:5:\"pt_MZ\";i:432;s:5:\"pt_PT\";i:433;s:5:\"pt_ST\";i:434;s:5:\"pt_TL\";i:435;s:2:\"qu\";i:436;s:5:\"qu_BO\";i:437;s:5:\"qu_EC\";i:438;s:5:\"qu_PE\";i:439;s:2:\"rm\";i:440;s:5:\"rm_CH\";i:441;s:2:\"rn\";i:442;s:5:\"rn_BI\";i:443;s:2:\"ro\";i:444;s:5:\"ro_MD\";i:445;s:5:\"ro_RO\";i:446;s:2:\"ru\";i:447;s:5:\"ru_BY\";i:448;s:5:\"ru_KG\";i:449;s:5:\"ru_KZ\";i:450;s:5:\"ru_MD\";i:451;s:5:\"ru_RU\";i:452;s:5:\"ru_UA\";i:453;s:2:\"rw\";i:454;s:5:\"rw_RW\";i:455;s:2:\"se\";i:456;s:5:\"se_FI\";i:457;s:5:\"se_NO\";i:458;s:5:\"se_SE\";i:459;s:2:\"sg\";i:460;s:5:\"sg_CF\";i:461;s:2:\"sh\";i:462;s:5:\"sh_BA\";i:463;s:2:\"si\";i:464;s:5:\"si_LK\";i:465;s:2:\"sk\";i:466;s:5:\"sk_SK\";i:467;s:2:\"sl\";i:468;s:5:\"sl_SI\";i:469;s:2:\"sn\";i:470;s:5:\"sn_ZW\";i:471;s:2:\"so\";i:472;s:5:\"so_DJ\";i:473;s:5:\"so_ET\";i:474;s:5:\"so_KE\";i:475;s:5:\"so_SO\";i:476;s:2:\"sq\";i:477;s:5:\"sq_AL\";i:478;s:5:\"sq_MK\";i:479;s:5:\"sq_XK\";i:480;s:2:\"sr\";i:481;s:5:\"sr_BA\";i:482;s:7:\"sr_Cyrl\";i:483;s:10:\"sr_Cyrl_BA\";i:484;s:10:\"sr_Cyrl_ME\";i:485;s:10:\"sr_Cyrl_RS\";i:486;s:10:\"sr_Cyrl_XK\";i:487;s:7:\"sr_Latn\";i:488;s:10:\"sr_Latn_BA\";i:489;s:10:\"sr_Latn_ME\";i:490;s:10:\"sr_Latn_RS\";i:491;s:10:\"sr_Latn_XK\";i:492;s:5:\"sr_ME\";i:493;s:5:\"sr_RS\";i:494;s:5:\"sr_XK\";i:495;s:2:\"sv\";i:496;s:5:\"sv_AX\";i:497;s:5:\"sv_FI\";i:498;s:5:\"sv_SE\";i:499;s:2:\"sw\";i:500;s:5:\"sw_KE\";i:501;s:5:\"sw_TZ\";i:502;s:5:\"sw_UG\";i:503;s:2:\"ta\";i:504;s:5:\"ta_IN\";i:505;s:5:\"ta_LK\";i:506;s:5:\"ta_MY\";i:507;s:5:\"ta_SG\";i:508;s:2:\"te\";i:509;s:5:\"te_IN\";i:510;s:2:\"th\";i:511;s:5:\"th_TH\";i:512;s:2:\"ti\";i:513;s:5:\"ti_ER\";i:514;s:5:\"ti_ET\";i:515;s:2:\"tl\";i:516;s:5:\"tl_PH\";i:517;s:2:\"to\";i:518;s:5:\"to_TO\";i:519;s:2:\"tr\";i:520;s:5:\"tr_CY\";i:521;s:5:\"tr_TR\";i:522;s:2:\"ug\";i:523;s:7:\"ug_Arab\";i:524;s:10:\"ug_Arab_CN\";i:525;s:5:\"ug_CN\";i:526;s:2:\"uk\";i:527;s:5:\"uk_UA\";i:528;s:2:\"ur\";i:529;s:5:\"ur_IN\";i:530;s:5:\"ur_PK\";i:531;s:2:\"uz\";i:532;s:5:\"uz_AF\";i:533;s:7:\"uz_Arab\";i:534;s:10:\"uz_Arab_AF\";i:535;s:7:\"uz_Cyrl\";i:536;s:10:\"uz_Cyrl_UZ\";i:537;s:7:\"uz_Latn\";i:538;s:10:\"uz_Latn_UZ\";i:539;s:5:\"uz_UZ\";i:540;s:2:\"vi\";i:541;s:5:\"vi_VN\";i:542;s:2:\"yi\";i:543;s:2:\"yo\";i:544;s:5:\"yo_BJ\";i:545;s:5:\"yo_NG\";i:546;s:2:\"zh\";i:547;s:5:\"zh_CN\";i:548;s:5:\"zh_HK\";i:549;s:7:\"zh_Hans\";i:550;s:10:\"zh_Hans_CN\";i:551;s:10:\"zh_Hans_HK\";i:552;s:10:\"zh_Hans_MO\";i:553;s:10:\"zh_Hans_SG\";i:554;s:7:\"zh_Hant\";i:555;s:10:\"zh_Hant_HK\";i:556;s:10:\"zh_Hant_MO\";i:557;s:10:\"zh_Hant_TW\";i:558;s:5:\"zh_MO\";i:559;s:5:\"zh_SG\";i:560;s:5:\"zh_TW\";i:561;s:2:\"zu\";i:562;s:5:\"zu_ZA\";}','array',1,0,'2023-07-10 13:14:55','2023-07-10 13:14:55'),(246,'translations','Translations force translation','forceTranslation','0','0','boolean',1,0,'2023-07-10 13:14:55','2023-07-10 13:14:55'),(247,'translations','Translations source language','sourceLanguage','en-US','en-US','string',1,0,'2023-07-10 13:14:55','2023-07-10 13:14:55'),(248,'translations','Translations enable caching','enableCaching','1','1','boolean',1,0,'2023-07-10 13:14:55','2023-07-10 13:14:55'),(249,'translations','Translations caching duration','cachingDuration','3600','3600','integer',1,0,'2023-07-10 13:14:55','2023-07-10 13:14:55'),(250,'translations','Translations language scheme','languageScheme','before','before','string',1,0,'2023-07-10 13:14:55','2023-07-10 13:14:55'),(251,'translations','Translations url manager config','urlManagerConfig','a:4:{s:15:\"enablePrettyUrl\";b:1;s:14:\"showScriptName\";b:0;s:19:\"enableStrictParsing\";b:0;s:5:\"rules\";a:2:{s:1:\"/\";s:10:\"site/index\";s:12:\"<action:\\w+>\";s:13:\"site/<action>\";}}','a:4:{s:15:\"enablePrettyUrl\";b:1;s:14:\"showScriptName\";b:0;s:19:\"enableStrictParsing\";b:0;s:5:\"rules\";a:2:{s:1:\"/\";s:10:\"site/index\";s:12:\"<action:\\w+>\";s:13:\"site/<action>\";}}','array',1,0,'2023-07-10 13:14:55','2023-07-10 13:14:55'),(252,'translations','Translations language open graph','languageOpenGraph','1','1','boolean',1,0,'2023-07-10 13:14:55','2023-07-10 13:14:55'),(253,'translations','Translations language href lang','languageHrefLang','1','1','boolean',1,0,'2023-07-10 13:14:55','2023-07-10 13:14:55'),(254,'translations','Translations use extended patterns','useExtendedPatterns','0','0','boolean',1,0,'2023-07-10 13:14:55','2023-07-10 13:14:55'),(255,'translations','Translations hide default lang','hideDefaultLang','1','1','boolean',1,0,'2023-07-10 13:14:55','2023-07-10 13:14:55'),(256,'translations','Translations timezone','timezone','Europe/Kiev','Europe/Kiev','string',1,0,'2023-07-10 13:14:55','2023-07-10 13:14:55'),(257,'translations','Translations private properties','privateProperties','a:7:{i:0;s:4:\"name\";i:1;s:11:\"description\";i:2;s:19:\"controllerNamespace\";i:3;s:12:\"defaultRoute\";i:4;s:11:\"routePrefix\";i:5;s:6:\"vendor\";i:6;s:13:\"controllerMap\";}','a:7:{i:0;s:4:\"name\";i:1;s:11:\"description\";i:2;s:19:\"controllerNamespace\";i:3;s:12:\"defaultRoute\";i:4;s:11:\"routePrefix\";i:5;s:6:\"vendor\";i:6;s:13:\"controllerMap\";}','array',1,0,'2023-07-10 13:14:55','2023-07-10 13:14:55'),(258,'translations','Translations params','params','a:0:{}','a:0:{}','array',1,0,'2023-07-10 13:14:55','2023-07-10 13:14:55'),(259,'turbo','Turbo support models','supportModels','a:3:{s:5:\"pages\";s:23:\"wdmg\\pages\\models\\Pages\";s:4:\"news\";s:21:\"wdmg\\news\\models\\News\";s:4:\"blog\";s:22:\"wdmg\\blog\\models\\Posts\";}','a:3:{s:5:\"pages\";s:23:\"wdmg\\pages\\models\\Pages\";s:4:\"news\";s:21:\"wdmg\\news\\models\\News\";s:4:\"blog\";s:22:\"wdmg\\blog\\models\\Posts\";}','array',1,0,'2023-07-10 13:15:11','2023-07-10 13:15:11'),(260,'turbo','Turbo cache expire','cacheExpire','3600','3600','integer',1,0,'2023-07-10 13:15:11','2023-07-10 13:15:11'),(261,'turbo','Turbo channel options','channelOptions','a:0:{}','a:0:{}','array',1,0,'2023-07-10 13:15:11','2023-07-10 13:15:11'),(262,'turbo','Turbo turbo route','turboRoute','/turbo','/turbo','string',1,0,'2023-07-10 13:15:11','2023-07-10 13:15:11'),(263,'turbo','Turbo timezone','timezone','Europe/Kiev','Europe/Kiev','string',1,0,'2023-07-10 13:15:11','2023-07-10 13:15:11'),(264,'turbo','Turbo private properties','privateProperties','a:7:{i:0;s:4:\"name\";i:1;s:11:\"description\";i:2;s:19:\"controllerNamespace\";i:3;s:12:\"defaultRoute\";i:4;s:11:\"routePrefix\";i:5;s:6:\"vendor\";i:6;s:13:\"controllerMap\";}','a:7:{i:0;s:4:\"name\";i:1;s:11:\"description\";i:2;s:19:\"controllerNamespace\";i:3;s:12:\"defaultRoute\";i:4;s:11:\"routePrefix\";i:5;s:6:\"vendor\";i:6;s:13:\"controllerMap\";}','array',1,0,'2023-07-10 13:15:11','2023-07-10 13:15:11'),(265,'turbo','Turbo params','params','a:0:{}','a:0:{}','array',1,0,'2023-07-10 13:15:11','2023-07-10 13:15:11'),(266,'views','Views cache expire','cacheExpire','604800','604800','integer',1,0,'2023-07-10 13:15:14','2023-07-10 13:15:14'),(267,'views','Views timezone','timezone','Europe/Kiev','Europe/Kiev','string',1,0,'2023-07-10 13:15:14','2023-07-10 13:15:14'),(268,'views','Views private properties','privateProperties','a:7:{i:0;s:4:\"name\";i:1;s:11:\"description\";i:2;s:19:\"controllerNamespace\";i:3;s:12:\"defaultRoute\";i:4;s:11:\"routePrefix\";i:5;s:6:\"vendor\";i:6;s:13:\"controllerMap\";}','a:7:{i:0;s:4:\"name\";i:1;s:11:\"description\";i:2;s:19:\"controllerNamespace\";i:3;s:12:\"defaultRoute\";i:4;s:11:\"routePrefix\";i:5;s:6:\"vendor\";i:6;s:13:\"controllerMap\";}','array',1,0,'2023-07-10 13:15:14','2023-07-10 13:15:14'),(269,'views','Views params','params','a:0:{}','a:0:{}','array',1,0,'2023-07-10 13:15:14','2023-07-10 13:15:14'),(270,'votes','Votes timezone','timezone','Europe/Kiev','Europe/Kiev','string',1,0,'2023-07-10 13:15:16','2023-07-10 13:15:16'),(271,'votes','Votes private properties','privateProperties','a:7:{i:0;s:4:\"name\";i:1;s:11:\"description\";i:2;s:19:\"controllerNamespace\";i:3;s:12:\"defaultRoute\";i:4;s:11:\"routePrefix\";i:5;s:6:\"vendor\";i:6;s:13:\"controllerMap\";}','a:7:{i:0;s:4:\"name\";i:1;s:11:\"description\";i:2;s:19:\"controllerNamespace\";i:3;s:12:\"defaultRoute\";i:4;s:11:\"routePrefix\";i:5;s:6:\"vendor\";i:6;s:13:\"controllerMap\";}','array',1,0,'2023-07-10 13:15:16','2023-07-10 13:15:16'),(272,'votes','Votes params','params','a:0:{}','a:0:{}','array',1,0,'2023-07-10 13:15:16','2023-07-10 13:15:16'),(273,'Abuzer','Abuzer','selam','Defa','','string',1,0,'2023-07-12 11:31:12','2023-07-12 11:31:12'),(274,'stats','Maxmind License Key','maxmindLicenseKey','F8XlE7v8alXIqW84','','string',1,0,'2023-07-13 09:36:50','2023-07-13 09:36:50');
/*!40000 ALTER TABLE `btf_options` ENABLE KEYS */;
UNLOCK TABLES;

LOCK TABLES `btf_pages` WRITE;
/*!40000 ALTER TABLE `btf_pages` DISABLE KEYS */;
INSERT INTO `btf_pages` VALUES (1,NULL,NULL,'Home','home','<h3>Home Page</h3><p>Home Page Content.</p>','Home Page','Home Page Content','home, home page, content',1,'en-US',NULL,NULL,1,'2023-07-11 08:59:22',100,'2023-07-11 08:59:22',100,1,1,1),(2,NULL,1,'','glavnaa','<h3> </h3><p>  .</p>',' ','  ',',  , ',1,'ru-RU','/pages',NULL,1,'2023-07-11 09:02:52',100,'2023-07-11 09:06:21',100,1,1,1),(3,NULL,1,'','golovna','<h3> i</h3><p>  </p>',' i','  ',',  i',1,'uk-UA','/',NULL,1,'2023-07-11 09:05:40',100,'2023-07-11 09:05:40',100,1,1,1),(4,1,NULL,'About','about','<h3>About Page</h3><p>Content of about page</p>','About Page','Content of about page','about, about page',1,'en-US','/pages/home',NULL,1,'2023-07-11 11:05:19',100,'2023-07-11 11:05:19',100,1,1,1),(5,1,4,' ','o-nas','<h3> </h3><p>   </p>',' ','  ',' ',1,'ru-RU','/pages/glavnaa',NULL,1,'2023-07-11 11:07:05',100,'2023-07-11 11:07:05',100,1,1,1),(6,1,4,' ','pro-nas','<h3> </h3><p>   </p>',' ','  ',' ',1,'uk-UA','/pages/golovna',NULL,1,'2023-07-11 11:08:14',100,'2023-07-11 11:08:14',100,1,1,1);
/*!40000 ALTER TABLE `btf_pages` ENABLE KEYS */;
UNLOCK TABLES;

LOCK TABLES `btf_profiles` WRITE;
/*!40000 ALTER TABLE `btf_profiles` DISABLE KEYS */;
/*!40000 ALTER TABLE `btf_profiles` ENABLE KEYS */;
UNLOCK TABLES;

LOCK TABLES `btf_profiles_fields` WRITE;
/*!40000 ALTER TABLE `btf_profiles_fields` DISABLE KEYS */;
/*!40000 ALTER TABLE `btf_profiles_fields` ENABLE KEYS */;
UNLOCK TABLES;

LOCK TABLES `btf_rbac_assignments` WRITE;
/*!40000 ALTER TABLE `btf_rbac_assignments` DISABLE KEYS */;
INSERT INTO `btf_rbac_assignments` VALUES ('admin',100,1688811589),('banned',104,1688811589),('editor',101,1688811589),('manager',102,1688811589),('user',103,1688811589);
/*!40000 ALTER TABLE `btf_rbac_assignments` ENABLE KEYS */;
UNLOCK TABLES;

LOCK TABLES `btf_rbac_childs` WRITE;
/*!40000 ALTER TABLE `btf_rbac_childs` DISABLE KEYS */;
INSERT INTO `btf_rbac_childs` VALUES ('admin','updateDashboard'),('manager','updateOwnerPosts'),('admin','updatePosts'),('editor','updatePosts'),('updateOwnerPosts','updatePosts'),('admin','viewDashboard'),('editor','viewDashboard'),('manager','viewDashboard'),('updateDashboard','viewDashboard');
/*!40000 ALTER TABLE `btf_rbac_childs` ENABLE KEYS */;
UNLOCK TABLES;

LOCK TABLES `btf_rbac_roles` WRITE;
/*!40000 ALTER TABLE `btf_rbac_roles` DISABLE KEYS */;
INSERT INTO `btf_rbac_roles` VALUES ('admin',1,'Administrator role',NULL,NULL,'2023-07-08 13:19:49','2023-07-08 13:19:49'),('banned',1,'Blocked user role',NULL,NULL,'2023-07-08 13:19:49','2023-07-08 13:19:49'),('editor',1,'Editor role',NULL,NULL,'2023-07-08 13:19:49','2023-07-08 13:19:49'),('manager',1,'Content manager role',NULL,NULL,'2023-07-08 13:19:49','2023-07-08 13:19:49'),('updateDashboard',2,'Access permission to edit all of modules in dashboard',NULL,NULL,'2023-07-08 13:19:49','2023-07-08 13:19:49'),('updateOwnerPosts',2,'Access permission to edit posts by owner','isAuthor',NULL,'2023-07-08 13:19:49','2023-07-08 13:19:49'),('updatePosts',2,'Access permission to edit all posts',NULL,NULL,'2023-07-08 13:19:49','2023-07-08 13:19:49'),('user',1,'Default user role',NULL,NULL,'2023-07-08 13:19:49','2023-07-08 13:19:49'),('viewDashboard',2,'Access permission to view all of modules in dashboard',NULL,NULL,'2023-07-08 13:19:49','2023-07-08 13:19:49');
/*!40000 ALTER TABLE `btf_rbac_roles` ENABLE KEYS */;
UNLOCK TABLES;

LOCK TABLES `btf_rbac_rules` WRITE;
/*!40000 ALTER TABLE `btf_rbac_rules` DISABLE KEYS */;
INSERT INTO `btf_rbac_rules` VALUES ('isAuthor',_binary 'O:26:\"wdmg\\rbac\\rules\\AuthorRule\":3:{s:4:\"name\";s:8:\"isAuthor\";s:9:\"createdAt\";s:19:\"2023-07-08 13:19:49\";s:9:\"updatedAt\";s:19:\"2023-07-08 13:19:49\";}','2023-07-08 13:19:49','2023-07-08 13:19:49');
/*!40000 ALTER TABLE `btf_rbac_rules` ENABLE KEYS */;
UNLOCK TABLES;

LOCK TABLES `btf_redirects` WRITE;
/*!40000 ALTER TABLE `btf_redirects` DISABLE KEYS */;
/*!40000 ALTER TABLE `btf_redirects` ENABLE KEYS */;
UNLOCK TABLES;

LOCK TABLES `btf_reposts` WRITE;
/*!40000 ALTER TABLE `btf_reposts` DISABLE KEYS */;
/*!40000 ALTER TABLE `btf_reposts` ENABLE KEYS */;
UNLOCK TABLES;

LOCK TABLES `btf_reviews` WRITE;
/*!40000 ALTER TABLE `btf_reviews` DISABLE KEYS */;
/*!40000 ALTER TABLE `btf_reviews` ENABLE KEYS */;
UNLOCK TABLES;

LOCK TABLES `btf_robots_rules` WRITE;
/*!40000 ALTER TABLE `btf_robots_rules` DISABLE KEYS */;
/*!40000 ALTER TABLE `btf_robots_rules` ENABLE KEYS */;
UNLOCK TABLES;

LOCK TABLES `btf_search` WRITE;
/*!40000 ALTER TABLE `btf_search` DISABLE KEYS */;
INSERT INTO `btf_search` VALUES (4,'Home Page','https://demo.butterflycms.com/pages/home','pages','a2e9cab32eeb0a5682c8521a8f5abb8c',_binary 'a:0:{}','ru-RU','2023-07-11 10:51:48','2023-07-11 10:51:48'),(5,' ','https://demo.butterflycms.com/ru/pages/glavnaa','pages','347bed06582cf5330b39961d4a44ec80',_binary 'a:3:{i:8;a:2:{i:0;s:63:\" <strong></strong> \";i:1;s:33:\"<strong></strong>\";}i:9;a:2:{i:0;s:78:\"<strong></strong> <strong></strong> \";i:1;s:31:\"<strong></strong>\";}i:7;a:3:{i:0;s:63:\" <strong></strong> \";i:1;s:63:\" <strong></strong> \";i:2;s:31:\"<strong></strong>\";}}','ru-RU','2023-07-11 10:51:48','2023-07-11 10:51:48'),(6,' i','https://demo.butterflycms.com/uk/pages/golovna','pages','ef08a5c0ab7ada9f7da130d97d7979e5',_binary 'a:3:{i:10;a:3:{i:0;s:65:\" <strong></strong> \";i:1;s:65:\" <strong></strong> \";i:2;s:33:\"<strong></strong>\";}i:11;a:3:{i:0;s:62:\" <strong>i</strong> \";i:1;s:62:\" <strong>i</strong> \";i:2;s:32:\"<strong>i</strong>\";}i:9;a:2:{i:0;s:64:\"i <strong></strong> \";i:1;s:31:\"<strong></strong>\";}}','ru-RU','2023-07-11 10:51:48','2023-07-11 10:51:48'),(7,' -   2023   ','https://demo.butterflycms.com/ru/blog/kakie-it-specialisty-vostrebovany-v-2023-godu-i-pocemu','blog','12abd4e6c5b5ca1a0840fe2629500f89',_binary 'a:149:{i:13;a:2:{i:0;s:75:\" <strong></strong> \";i:1;s:39:\"<strong></strong>\";}i:14;a:3:{i:0;s:67:\" <strong></strong> \";i:1;s:67:\" <strong></strong> \";i:2;s:69:\" <strong></strong> \";}i:15;a:3:{i:0;s:69:\" <strong></strong> \";i:1;s:57:\" <strong></strong> \";i:2;s:77:\" <strong></strong> \";}i:16;a:3:{i:0;s:77:\" <strong></strong> \";i:1;s:67:\" <strong></strong> \";i:2;s:43:\" <strong></strong> \";}i:17;a:3:{i:0;s:67:\" <strong></strong> \";i:1;s:41:\" <strong></strong> junior\";i:2;s:67:\" <strong></strong> \";}i:18;a:3:{i:0;s:61:\" <strong></strong> \";i:1;s:61:\" <strong></strong> \";i:2;s:39:\"<strong></strong>\";}i:20;a:3:{i:0;s:55:\"ru <strong></strong> \";i:1;s:55:\"ru <strong></strong> \";i:2;s:41:\"<strong></strong>\";}i:21;a:3:{i:0;s:79:\" <strong></strong> \";i:1;s:79:\" <strong></strong> \";i:2;s:45:\" <strong></strong> \";}i:22;a:3:{i:0;s:77:\" <strong></strong> \";i:1;s:77:\" <strong></strong> \";i:2;s:75:\" <strong></strong> \";}i:26;a:3:{i:0;s:45:\" <strong></strong> hh\";i:1;s:45:\" <strong></strong> hh\";i:2;s:73:\" <strong></strong> \";}i:31;a:3:{i:0;s:63:\" <strong></strong> \";i:1;s:59:\" <strong></strong> \";i:2;s:59:\" <strong></strong> \";}i:32;a:3:{i:0;s:49:\" <strong></strong> \";i:1;s:49:\" <strong></strong> \";i:2;s:31:\"<strong></strong>\";}i:33;a:3:{i:0;s:75:\" <strong></strong> \";i:1;s:71:\" <strong></strong> \";i:2;s:37:\"<strong></strong>\";}i:34;a:3:{i:0;s:73:\" <strong></strong> \";i:1;s:75:\" <strong></strong> \";i:2;s:39:\"<strong></strong>\";}i:35;a:3:{i:0;s:61:\" <strong></strong> \";i:1;s:53:\" <strong></strong> \";i:2;s:33:\"<strong></strong>\";}i:36;a:3:{i:0;s:47:\" <strong></strong> \";i:1;s:47:\" <strong></strong> \";i:2;s:29:\"<strong></strong>\";}i:37;a:3:{i:0;s:61:\" <strong></strong> \";i:1;s:63:\" <strong></strong> \";i:2;s:67:\" <strong></strong> \";}i:38;a:3:{i:0;s:51:\" <strong></strong> \";i:1;s:59:\" <strong></strong> \";i:2;s:29:\"<strong></strong>\";}i:39;a:2:{i:0;s:63:\" <strong></strong> \";i:1;s:35:\"<strong></strong>\";}i:40;a:3:{i:0;s:55:\" <strong></strong> \";i:1;s:45:\" <strong></strong> \";i:2;s:39:\" <strong></strong> \";}i:44;a:2:{i:0;s:59:\" <strong></strong> \";i:1;s:29:\"<strong></strong>\";}i:46;a:2:{i:0;s:65:\" <strong></strong> \";i:1;s:35:\"<strong></strong>\";}i:47;a:2:{i:0;s:65:\" <strong></strong> \";i:1;s:33:\"<strong></strong>\";}i:48;a:3:{i:0;s:53:\" <strong></strong> \";i:1;s:75:\" <strong></strong> \";i:2;s:47:\" <strong></strong> 52\";}i:55;a:2:{i:0;s:45:\" <strong></strong> \";i:1;s:27:\"<strong></strong>\";}i:56;a:2:{i:0;s:57:\" <strong></strong> \";i:1;s:29:\"<strong></strong>\";}i:57;a:2:{i:0;s:63:\" <strong></strong> \";i:1;s:33:\"<strong></strong>\";}i:58;a:3:{i:0;s:79:\" <strong></strong> \";i:1;s:73:\" <strong></strong> \";i:2;s:73:\" <strong></strong> \";}i:62;a:3:{i:0;s:59:\" <strong></strong> \";i:1;s:59:\" <strong></strong> \";i:2;s:51:\" <strong></strong> \";}i:65;a:2:{i:0;s:67:\" <strong></strong> \";i:1;s:35:\"<strong></strong>\";}i:70;a:3:{i:0;s:55:\" <strong></strong> \";i:1;s:51:\" <strong></strong> \";i:2;s:29:\"<strong></strong>\";}i:71;a:2:{i:0;s:61:\" <strong></strong> \";i:1;s:31:\"<strong></strong>\";}i:73;a:2:{i:0;s:61:\" <strong></strong> \";i:1;s:43:\"<strong></strong>\";}i:74;a:2:{i:0;s:51:\" <strong></strong> \";i:1;s:27:\"<strong></strong>\";}i:76;a:2:{i:0;s:71:\" <strong></strong> \";i:1;s:33:\"<strong></strong>\";}i:77;a:2:{i:0;s:63:\" <strong></strong> \";i:1;s:35:\"<strong></strong>\";}i:78;a:2:{i:0;s:45:\" <strong></strong> \";i:1;s:33:\"<strong></strong>\";}i:79;a:2:{i:0;s:57:\" <strong></strong> \";i:1;s:29:\"<strong></strong>\";}i:80;a:2:{i:0;s:61:\" <strong></strong> \";i:1;s:27:\"<strong></strong>\";}i:81;a:2:{i:0;s:61:\" <strong></strong> \";i:1;s:27:\"<strong></strong>\";}i:83;a:3:{i:0;s:47:\" <strong></strong> \";i:1;s:47:\" <strong></strong> \";i:2;s:29:\"<strong></strong>\";}i:84;a:2:{i:0;s:69:\" <strong></strong> \";i:1;s:41:\"<strong></strong>\";}i:85;a:2:{i:0;s:75:\" <strong></strong> \";i:1;s:37:\"<strong></strong>\";}i:88;a:2:{i:0;s:57:\" <strong></strong> \";i:1;s:35:\"<strong></strong>\";}i:89;a:3:{i:0;s:59:\" <strong></strong> \";i:1;s:49:\" <strong></strong> \";i:2;s:49:\" <strong></strong> \";}i:91;a:3:{i:0;s:51:\" <strong></strong> \";i:1;s:65:\" <strong></strong> \";i:2;s:71:\" <strong></strong> \";}i:92;a:3:{i:0;s:51:\" <strong></strong> \";i:1;s:45:\" <strong></strong> \";i:2;s:27:\"<strong></strong>\";}i:93;a:2:{i:0;s:55:\" <strong></strong> \";i:1;s:37:\"<strong></strong>\";}i:95;a:2:{i:0;s:73:\" <strong></strong> \";i:1;s:35:\"<strong></strong>\";}i:96;a:3:{i:0;s:61:\" <strong></strong> \";i:1;s:89:\" <strong></strong> \";i:2;s:37:\"<strong></strong>\";}i:98;a:2:{i:0;s:43:\" <strong></strong> \";i:1;s:33:\"<strong></strong>\";}i:100;a:2:{i:0;s:59:\" <strong></strong> \";i:1;s:29:\"<strong></strong>\";}i:101;a:2:{i:0;s:61:\" <strong></strong> \";i:1;s:31:\"<strong></strong>\";}i:102;a:2:{i:0;s:67:\" <strong></strong> \";i:1;s:35:\"<strong></strong>\";}i:105;a:2:{i:0;s:55:\" <strong></strong> \";i:1;s:37:\"<strong></strong>\";}i:106;a:2:{i:0;s:63:\" <strong></strong> \";i:1;s:39:\"<strong></strong>\";}i:108;a:2:{i:0;s:55:\" <strong></strong> \";i:1;s:31:\"<strong></strong>\";}i:109;a:2:{i:0;s:71:\" <strong></strong> \";i:1;s:33:\"<strong></strong>\";}i:110;a:2:{i:0;s:69:\" <strong></strong> \";i:1;s:35:\"<strong></strong>\";}i:111;a:2:{i:0;s:47:\" <strong></strong> \";i:1;s:31:\"<strong></strong>\";}i:112;a:2:{i:0;s:59:\" <strong></strong> \";i:1;s:33:\"<strong></strong>\";}i:113;a:2:{i:0;s:43:\" <strong></strong> \";i:1;s:27:\"<strong></strong>\";}i:116;a:2:{i:0;s:69:\" <strong></strong> \";i:1;s:41:\"<strong></strong>\";}i:117;a:3:{i:0;s:57:\" <strong></strong> \";i:1;s:71:\" <strong></strong> \";i:2;s:81:\" <strong></strong> \";}i:118;a:2:{i:0;s:75:\" <strong></strong> \";i:1;s:37:\"<strong></strong>\";}i:120;a:2:{i:0;s:39:\" <strong></strong> \";i:1;s:25:\"<strong></strong>\";}i:121;a:3:{i:0;s:59:\" <strong></strong> \";i:1;s:73:\" <strong></strong> \";i:2;s:31:\"<strong></strong>\";}i:122;a:2:{i:0;s:63:\" <strong></strong> \";i:1;s:43:\"<strong></strong>\";}i:124;a:2:{i:0;s:59:\" <strong></strong> \";i:1;s:29:\"<strong></strong>\";}i:125;a:3:{i:0;s:45:\" <strong></strong> \";i:1;s:55:\" <strong></strong> \";i:2;s:67:\" <strong></strong> \";}i:127;a:2:{i:0;s:61:\" <strong></strong> \";i:1;s:35:\"<strong></strong>\";}i:129;a:3:{i:0;s:59:\" <strong></strong> \";i:1;s:71:\" <strong></strong> \";i:2;s:25:\"<strong></strong>\";}i:132;a:3:{i:0;s:43:\" <strong></strong> \";i:1;s:57:\" <strong></strong> \";i:2;s:53:\" <strong></strong> \";}i:134;a:2:{i:0;s:57:\" <strong></strong> \";i:1;s:29:\"<strong></strong>\";}i:135;a:2:{i:0;s:71:\" <strong></strong> \";i:1;s:31:\"<strong></strong>\";}i:136;a:2:{i:0;s:81:\" <strong></strong> \";i:1;s:29:\"<strong></strong>\";}i:137;a:2:{i:0;s:75:\" <strong></strong> \";i:1;s:41:\"<strong></strong>\";}i:138;a:2:{i:0;s:57:\" <strong></strong> \";i:1;s:37:\"<strong></strong>\";}i:142;a:2:{i:0;s:59:\" <strong></strong> \";i:1;s:33:\"<strong></strong>\";}i:143;a:2:{i:0;s:65:\" <strong></strong> \";i:1;s:35:\"<strong></strong>\";}i:144;a:2:{i:0;s:67:\" <strong></strong> \";i:1;s:35:\"<strong></strong>\";}i:145;a:2:{i:0;s:61:\" <strong></strong> \";i:1;s:29:\"<strong></strong>\";}i:146;a:2:{i:0;s:55:\" <strong></strong> \";i:1;s:35:\"<strong></strong>\";}i:147;a:2:{i:0;s:65:\" <strong></strong> \";i:1;s:37:\"<strong></strong>\";}i:148;a:2:{i:0;s:73:\" <strong></strong> \";i:1;s:35:\"<strong></strong>\";}i:149;a:2:{i:0;s:59:\" <strong></strong> \";i:1;s:33:\"<strong></strong>\";}i:151;a:3:{i:0;s:63:\" <strong></strong> \";i:1;s:87:\" <strong></strong> \";i:2;s:47:\"<strong></strong>\";}i:153;a:2:{i:0;s:55:\" <strong></strong> \";i:1;s:29:\"<strong></strong>\";}i:154;a:2:{i:0;s:47:\" <strong></strong> \";i:1;s:29:\"<strong></strong>\";}i:156;a:2:{i:0;s:77:\" <strong></strong> \";i:1;s:39:\"<strong></strong>\";}i:157;a:2:{i:0;s:69:\" <strong></strong> \";i:1;s:41:\"<strong></strong>\";}i:162;a:2:{i:0;s:59:\" <strong></strong> \";i:1;s:27:\"<strong></strong>\";}i:167;a:3:{i:0;s:49:\" <strong></strong> \";i:1;s:47:\" <strong></strong> \";i:2;s:61:\" <strong></strong> \";}i:169;a:2:{i:0;s:57:\" <strong></strong> \";i:1;s:33:\"<strong></strong>\";}i:170;a:2:{i:0;s:57:\" <strong></strong> \";i:1;s:31:\"<strong></strong>\";}i:172;a:2:{i:0;s:83:\" <strong></strong> \";i:1;s:45:\"<strong></strong>\";}i:173;a:2:{i:0;s:49:\" <strong></strong> \";i:1;s:29:\"<strong></strong>\";}i:177;a:2:{i:0;s:61:\" <strong></strong> \";i:1;s:45:\"<strong></strong>\";}i:178;a:2:{i:0;s:47:\" <strong></strong> 52\";i:1;s:33:\"<strong></strong>\";}i:180;a:2:{i:0;s:47:\" <strong></strong> \";i:1;s:31:\"<strong></strong>\";}i:181;a:2:{i:0;s:45:\" <strong></strong> \";i:1;s:29:\"<strong></strong>\";}i:183;a:2:{i:0;s:55:\" <strong></strong> \";i:1;s:35:\"<strong></strong>\";}i:184;a:2:{i:0;s:45:\" <strong></strong> \";i:1;s:35:\"<strong></strong>\";}i:186;a:2:{i:0;s:67:\" <strong></strong> \";i:1;s:41:\"<strong></strong>\";}i:187;a:2:{i:0;s:75:\" <strong></strong> \";i:1;s:35:\"<strong></strong>\";}i:188;a:2:{i:0;s:71:\" <strong></strong> \";i:1;s:31:\"<strong></strong>\";}i:189;a:2:{i:0;s:49:\" <strong></strong> \";i:1;s:31:\"<strong></strong>\";}i:190;a:2:{i:0;s:41:\" <strong></strong> \";i:1;s:29:\"<strong></strong>\";}i:191;a:2:{i:0;s:67:\" <strong></strong> \";i:1;s:37:\"<strong></strong>\";}i:192;a:2:{i:0;s:95:\" <strong></strong> \";i:1;s:47:\"<strong></strong>\";}i:193;a:2:{i:0;s:51:\" <strong></strong> \";i:1;s:35:\"<strong></strong>\";}i:42;a:2:{i:0;s:75:\" <strong></strong> \";i:1;s:37:\"<strong></strong>\";}i:194;a:2:{i:0;s:43:\" <strong></strong> 82\";i:1;s:31:\"<strong></strong>\";}i:197;a:2:{i:0;s:57:\" <strong></strong> \";i:1;s:27:\"<strong></strong>\";}i:198;a:2:{i:0;s:69:\" <strong></strong> \";i:1;s:41:\"<strong></strong>\";}i:199;a:2:{i:0;s:79:\" <strong></strong> \";i:1;s:41:\"<strong></strong>\";}i:200;a:2:{i:0;s:55:\" <strong></strong> \";i:1;s:29:\"<strong></strong>\";}i:202;a:3:{i:0;s:57:\" <strong></strong> \";i:1;s:65:\" <strong></strong> \";i:2;s:35:\"<strong></strong>\";}i:203;a:2:{i:0;s:71:\" <strong></strong> \";i:1;s:43:\"<strong></strong>\";}i:204;a:3:{i:0;s:63:\" <strong></strong> \";i:1;s:87:\" <strong></strong> \";i:2;s:47:\"<strong></strong>\";}i:206;a:2:{i:0;s:83:\" <strong></strong> \";i:1;s:39:\"<strong></strong>\";}i:207;a:2:{i:0;s:53:\" <strong></strong> \";i:1;s:37:\"<strong></strong>\";}i:208;a:2:{i:0;s:53:\" <strong></strong> \";i:1;s:27:\"<strong></strong>\";}i:209;a:2:{i:0;s:61:\" <strong></strong> \";i:1;s:35:\"<strong></strong>\";}i:210;a:2:{i:0;s:53:\" <strong></strong> \";i:1;s:37:\"<strong></strong>\";}i:212;a:2:{i:0;s:83:\" <strong></strong> \";i:1;s:39:\"<strong></strong>\";}i:214;a:2:{i:0;s:67:\" <strong></strong> \";i:1;s:35:\"<strong></strong>\";}i:215;a:2:{i:0;s:71:\" <strong></strong> \";i:1;s:41:\"<strong></strong>\";}i:217;a:2:{i:0;s:73:\" <strong></strong> \";i:1;s:37:\"<strong></strong>\";}i:221;a:2:{i:0;s:47:\" <strong></strong> \";i:1;s:27:\"<strong></strong>\";}i:223;a:3:{i:0;s:77:\" <strong></strong> \";i:1;s:59:\" <strong></strong> \";i:2;s:39:\"<strong></strong>\";}i:224;a:3:{i:0;s:55:\" <strong></strong> \";i:1;s:55:\" <strong></strong> \";i:2;s:37:\"<strong></strong>\";}i:225;a:2:{i:0;s:53:\" <strong></strong> \";i:1;s:35:\"<strong></strong>\";}i:227;a:2:{i:0;s:83:\" <strong></strong> \";i:1;s:39:\"<strong></strong>\";}i:228;a:3:{i:0;s:61:\" <strong></strong> \";i:1;s:89:\" <strong></strong> \";i:2;s:65:\" <strong></strong> \";}i:229;a:2:{i:0;s:57:\" <strong></strong> \";i:1;s:25:\"<strong></strong>\";}i:230;a:2:{i:0;s:45:\" <strong></strong> \";i:1;s:31:\"<strong></strong>\";}i:236;a:2:{i:0;s:65:\" <strong></strong> \";i:1;s:31:\"<strong></strong>\";}i:165;a:2:{i:0;s:69:\" <strong></strong> \";i:1;s:37:\"<strong></strong>\";}i:238;a:2:{i:0;s:63:\" <strong></strong> \";i:1;s:33:\"<strong></strong>\";}i:239;a:2:{i:0;s:57:\" <strong></strong> \";i:1;s:33:\"<strong></strong>\";}i:240;a:2:{i:0;s:53:\" <strong></strong> \";i:1;s:37:\"<strong></strong>\";}i:246;a:2:{i:0;s:73:\" <strong></strong> \";i:1;s:33:\"<strong></strong>\";}i:248;a:2:{i:0;s:47:\" <strong></strong> \";i:1;s:27:\"<strong></strong>\";}i:253;a:2:{i:0;s:97:\" <strong></strong> \";i:1;s:35:\"<strong></strong>\";}i:254;a:2:{i:0;s:107:\" <strong></strong> \";i:1;s:63:\"<strong></strong>\";}i:255;a:2:{i:0;s:57:\" <strong></strong> \";i:1;s:35:\"<strong></strong>\";}i:256;a:3:{i:0;s:77:\" <strong></strong> \";i:1;s:77:\" <strong></strong> \";i:2;s:75:\" <strong></strong> \";}i:258;a:2:{i:0;s:53:\" <strong></strong> \";i:1;s:31:\"<strong></strong>\";}}','ru-RU','2023-07-14 10:10:50','2023-07-14 10:10:51'),(8,' Starlink       25 .   ','https://demo.butterflycms.com/ru/blog/sputniki-starlink-uklonilis-ot-stolknovenij-s-drugimi-obektami-25-tys-raz-za-polgoda','blog','536728ae0988b44ab81df3be4536be92',_binary 'a:73:{i:259;a:3:{i:0;s:45:\" <strong></strong> \";i:1;s:55:\" <strong></strong> Starlink\";i:2;s:59:\" <strong></strong> \";}i:166;a:3:{i:0;s:39:\" <strong></strong> \";i:1;s:55:\" <strong></strong> Starlink\";i:2;s:39:\" <strong></strong> \";}i:260;a:2:{i:0;s:83:\" <strong></strong> \";i:1;s:41:\"<strong></strong>\";}i:262;a:2:{i:0;s:53:\" <strong></strong> 25\";i:1;s:35:\"<strong></strong>\";}i:263;a:2:{i:0;s:47:\" <strong></strong> \";i:1;s:25:\"<strong></strong>\";}i:265;a:3:{i:0;s:71:\" <strong></strong> \";i:1;s:71:\" <strong></strong> \";i:2;s:69:\" <strong></strong> \";}i:266;a:3:{i:0;s:55:\" <strong></strong> 25\";i:1;s:55:\" <strong></strong> 25\";i:2;s:63:\" <strong></strong> \";}i:268;a:3:{i:0;s:61:\" <strong></strong> \";i:1;s:61:\" <strong></strong> \";i:2;s:33:\"<strong></strong>\";}i:272;a:2:{i:0;s:45:\" <strong></strong> Starlink\";i:1;s:31:\"<strong></strong>\";}i:273;a:2:{i:0;s:51:\"Starlink <strong></strong> \";i:1;s:37:\"<strong></strong>\";}i:274;a:2:{i:0;s:57:\" <strong></strong> \";i:1;s:27:\"<strong></strong>\";}i:275;a:2:{i:0;s:67:\"Starlink <strong></strong> \";i:1;s:37:\"<strong></strong>\";}i:276;a:2:{i:0;s:63:\" <strong></strong> \";i:1;s:37:\"<strong></strong>\";}i:278;a:2:{i:0;s:75:\" <strong></strong> \";i:1;s:41:\"<strong></strong>\";}i:279;a:2:{i:0;s:51:\" <strong></strong> \";i:1;s:29:\"<strong></strong>\";}i:281;a:2:{i:0;s:43:\" <strong></strong> \";i:1;s:29:\"<strong></strong>\";}i:16;a:3:{i:0;s:59:\" <strong></strong> \";i:1;s:53:\" <strong></strong> \";i:2;s:35:\"<strong></strong>\";}i:282;a:2:{i:0;s:63:\" <strong></strong> \";i:1;s:45:\"<strong></strong>\";}i:283;a:2:{i:0;s:47:\" <strong></strong> \";i:1;s:31:\"<strong></strong>\";}i:288;a:2:{i:0;s:63:\" <strong></strong> \";i:1;s:33:\"<strong></strong>\";}i:289;a:2:{i:0;s:59:\" <strong></strong> \";i:1;s:29:\"<strong></strong>\";}i:290;a:2:{i:0;s:75:\" <strong></strong> \";i:1;s:39:\"<strong></strong>\";}i:293;a:2:{i:0;s:43:\" <strong></strong> \";i:1;s:27:\"<strong></strong>\";}i:295;a:2:{i:0;s:65:\" <strong></strong> \";i:1;s:31:\"<strong></strong>\";}i:297;a:2:{i:0;s:71:\" <strong></strong> \";i:1;s:39:\"<strong></strong>\";}i:298;a:2:{i:0;s:65:\" <strong></strong> \";i:1;s:39:\"<strong></strong>\";}i:299;a:2:{i:0;s:65:\" <strong></strong> \";i:1;s:29:\"<strong></strong>\";}i:216;a:2:{i:0;s:61:\" <strong></strong> \";i:1;s:29:\"<strong></strong>\";}i:302;a:2:{i:0;s:81:\" <strong></strong> \";i:1;s:49:\"<strong></strong>\";}i:307;a:2:{i:0;s:61:\" <strong></strong> \";i:1;s:39:\"<strong></strong>\";}i:308;a:2:{i:0;s:59:\" <strong></strong> \";i:1;s:27:\"<strong></strong>\";}i:309;a:2:{i:0;s:51:\" <strong></strong> \";i:1;s:33:\"<strong></strong>\";}i:310;a:2:{i:0;s:69:\" <strong></strong> \";i:1;s:29:\"<strong></strong>\";}i:311;a:2:{i:0;s:83:\" <strong></strong> \";i:1;s:39:\"<strong></strong>\";}i:312;a:2:{i:0;s:61:\" <strong></strong> \";i:1;s:33:\"<strong></strong>\";}i:313;a:2:{i:0;s:63:\" <strong></strong> \";i:1;s:41:\"<strong></strong>\";}i:315;a:2:{i:0;s:79:\" <strong></strong> \";i:1;s:33:\"<strong></strong>\";}i:316;a:2:{i:0;s:69:\" <strong></strong> \";i:1;s:47:\"<strong></strong>\";}i:163;a:2:{i:0;s:57:\" <strong></strong> \";i:1;s:31:\"<strong></strong>\";}i:317;a:2:{i:0;s:59:\" <strong></strong> \";i:1;s:31:\"<strong></strong>\";}i:183;a:2:{i:0;s:63:\" <strong></strong> \";i:1;s:37:\"<strong></strong>\";}i:318;a:2:{i:0;s:63:\" <strong></strong> \";i:1;s:31:\"<strong></strong>\";}i:162;a:2:{i:0;s:57:\" <strong></strong> \";i:1;s:27:\"<strong></strong>\";}i:56;a:2:{i:0;s:65:\" <strong></strong> \";i:1;s:29:\"<strong></strong>\";}i:321;a:2:{i:0;s:55:\" <strong></strong> \";i:1;s:25:\"<strong></strong>\";}i:322;a:3:{i:0;s:59:\" <strong></strong> \";i:1;s:59:\" <strong></strong> \";i:2;s:35:\"<strong></strong>\";}i:324;a:2:{i:0;s:75:\" <strong></strong> \";i:1;s:41:\"<strong></strong>\";}i:49;a:2:{i:0;s:73:\" <strong></strong> \";i:1;s:41:\"<strong></strong>\";}i:327;a:2:{i:0;s:59:\" <strong></strong> \";i:1;s:29:\"<strong></strong>\";}i:329;a:2:{i:0;s:43:\" <strong></strong> \";i:1;s:29:\"<strong></strong>\";}i:334;a:2:{i:0;s:67:\" <strong></strong> \";i:1;s:35:\"<strong></strong>\";}i:339;a:2:{i:0;s:63:\" <strong></strong> \";i:1;s:29:\"<strong></strong>\";}i:340;a:2:{i:0;s:41:\" <strong></strong> \";i:1;s:29:\"<strong></strong>\";}i:330;a:2:{i:0;s:63:\" <strong></strong> \";i:1;s:37:\"<strong></strong>\";}i:341;a:2:{i:0;s:81:\" <strong></strong> \";i:1;s:37:\"<strong></strong>\";}i:344;a:3:{i:0;s:71:\" <strong></strong> \";i:1;s:51:\" <strong></strong> \";i:2;s:31:\"<strong></strong>\";}i:58;a:2:{i:0;s:77:\" <strong></strong> \";i:1;s:33:\"<strong></strong>\";}i:345;a:2:{i:0;s:57:\" <strong></strong> \";i:1;s:35:\"<strong></strong>\";}i:347;a:2:{i:0;s:61:\" <strong></strong> \";i:1;s:43:\"<strong></strong>\";}i:348;a:2:{i:0;s:61:\" <strong></strong> \";i:1;s:29:\"<strong></strong>\";}i:349;a:2:{i:0;s:49:\" <strong></strong> \";i:1;s:29:\"<strong></strong>\";}i:352;a:2:{i:0;s:75:\" <strong></strong> \";i:1;s:25:\"<strong></strong>\";}i:338;a:2:{i:0;s:87:\" <strong></strong> \";i:1;s:45:\"<strong></strong>\";}i:353;a:2:{i:0;s:73:\" <strong></strong> \";i:1;s:47:\"<strong></strong>\";}i:357;a:2:{i:0;s:65:\" <strong></strong> \";i:1;s:31:\"<strong></strong>\";}i:360;a:3:{i:0;s:85:\" <strong></strong> \";i:1;s:65:\" <strong></strong> \";i:2;s:41:\"<strong></strong>\";}i:363;a:2:{i:0;s:65:\" <strong></strong> \";i:1;s:39:\"<strong></strong>\";}i:365;a:2:{i:0;s:73:\" <strong></strong> \";i:1;s:35:\"<strong></strong>\";}i:366;a:2:{i:0;s:63:\" <strong></strong> \";i:1;s:31:\"<strong></strong>\";}i:146;a:2:{i:0;s:63:\" <strong></strong> \";i:1;s:33:\"<strong></strong>\";}i:367;a:2:{i:0;s:69:\" <strong></strong> \";i:1;s:31:\"<strong></strong>\";}i:359;a:2:{i:0;s:75:\" <strong></strong> \";i:1;s:37:\"<strong></strong>\";}i:17;a:2:{i:0;s:47:\" <strong></strong> \";i:1;s:29:\"<strong></strong>\";}}','ru-RU','2023-07-14 11:10:06','2023-07-14 11:10:06'),(9,'BMW        690 ','https://demo.butterflycms.com/ru/blog/bmw-ocenila-umnye-proekcionnye-ocki-dla-motociklistov-v-690-evro','blog','067b31703df6bec79e15f0c5091d6863',_binary 'a:75:{i:369;a:3:{i:0;s:57:\" <strong></strong> \";i:1;s:51:\" <strong></strong> \";i:2;s:56:\" <strong></strong> BMW\";}i:370;a:2:{i:0;s:67:\" <strong></strong> \";i:1;s:27:\"<strong></strong>\";}i:371;a:2:{i:0;s:57:\" <strong></strong> \";i:1;s:29:\"<strong></strong>\";}i:372;a:3:{i:0;s:61:\" <strong></strong> \";i:1;s:61:\" <strong></strong> \";i:2;s:41:\"<strong></strong>\";}i:373;a:3:{i:0;s:79:\" <strong></strong> \";i:1;s:77:\" <strong></strong> \";i:2;s:37:\"<strong></strong>\";}i:376;a:3:{i:0;s:63:\" <strong></strong> \";i:1;s:63:\" <strong></strong> \";i:2;s:35:\"<strong></strong>\";}i:377;a:3:{i:0;s:63:\" <strong></strong> \";i:1;s:63:\" <strong></strong> \";i:2;s:29:\"<strong></strong>\";}i:378;a:3:{i:0;s:61:\" <strong></strong> \";i:1;s:61:\" <strong></strong> \";i:2;s:37:\"<strong></strong>\";}i:379;a:3:{i:0;s:67:\" <strong></strong> \";i:1;s:87:\" <strong></strong> \";i:2;s:67:\" <strong></strong> \";}i:380;a:2:{i:0;s:46:\"BMW <strong></strong> \";i:1;s:31:\"<strong></strong>\";}i:382;a:2:{i:0;s:33:\"690 <strong></strong> BMW\";i:1;s:25:\"<strong></strong>\";}i:383;a:2:{i:0;s:62:\"BMW <strong></strong> \";i:1;s:37:\"<strong></strong>\";}i:384;a:2:{i:0;s:67:\" <strong></strong> \";i:1;s:51:\"<strong></strong>\";}i:385;a:2:{i:0;s:65:\" <strong></strong> \";i:1;s:37:\"<strong></strong>\";}i:386;a:2:{i:0;s:71:\" <strong></strong> \";i:1;s:33:\"<strong></strong>\";}i:387;a:2:{i:0;s:77:\" <strong></strong> \";i:1;s:33:\"<strong></strong>\";}i:388;a:2:{i:0;s:77:\" <strong></strong> \";i:1;s:39:\"<strong></strong>\";}i:390;a:2:{i:0;s:79:\" <strong></strong> \";i:1;s:41:\"<strong></strong>\";}i:391;a:2:{i:0;s:71:\" <strong></strong> \";i:1;s:35:\"<strong></strong>\";}i:393;a:2:{i:0;s:73:\" <strong></strong> \";i:1;s:35:\"<strong></strong>\";}i:394;a:3:{i:0;s:59:\" <strong></strong> \";i:1;s:77:\" <strong></strong> \";i:2;s:35:\"<strong></strong>\";}i:395;a:2:{i:0;s:61:\" <strong></strong> \";i:1;s:41:\"<strong></strong>\";}i:396;a:2:{i:0;s:75:\" <strong></strong> \";i:1;s:31:\"<strong></strong>\";}i:397;a:2:{i:0;s:63:\" <strong></strong> \";i:1;s:35:\"<strong></strong>\";}i:398;a:2:{i:0;s:59:\" <strong></strong> \";i:1;s:29:\"<strong></strong>\";}i:399;a:2:{i:0;s:77:\" <strong></strong> \";i:1;s:45:\"<strong></strong>\";}i:400;a:2:{i:0;s:87:\" <strong></strong> \";i:1;s:43:\"<strong></strong>\";}i:401;a:2:{i:0;s:71:\" <strong></strong> \";i:1;s:31:\"<strong></strong>\";}i:402;a:2:{i:0;s:55:\" <strong></strong> \";i:1;s:29:\"<strong></strong>\";}i:403;a:2:{i:0;s:61:\" <strong></strong> \";i:1;s:27:\"<strong></strong>\";}i:404;a:2:{i:0;s:63:\" <strong></strong> \";i:1;s:37:\"<strong></strong>\";}i:405;a:2:{i:0;s:40:\"BMW <strong></strong> \";i:1;s:29:\"<strong></strong>\";}i:289;a:3:{i:0;s:51:\" <strong></strong> \";i:1;s:61:\" <strong></strong> \";i:2;s:29:\"<strong></strong>\";}i:407;a:3:{i:0;s:51:\" <strong></strong> \";i:1;s:51:\" <strong></strong> \";i:2;s:27:\"<strong></strong>\";}i:408;a:2:{i:0;s:49:\" <strong></strong> \";i:1;s:37:\"<strong></strong>\";}i:410;a:2:{i:0;s:73:\" <strong></strong> \";i:1;s:39:\"<strong></strong>\";}i:411;a:2:{i:0;s:81:\" <strong></strong> \";i:1;s:37:\"<strong></strong>\";}i:412;a:2:{i:0;s:67:\" <strong></strong> \";i:1;s:37:\"<strong></strong>\";}i:414;a:2:{i:0;s:59:\" <strong></strong> \";i:1;s:31:\"<strong></strong>\";}i:417;a:2:{i:0;s:49:\" <strong></strong> \";i:1;s:31:\"<strong></strong>\";}i:418;a:2:{i:0;s:57:\" <strong></strong> \";i:1;s:41:\"<strong></strong>\";}i:419;a:2:{i:0;s:65:\" <strong></strong> \";i:1;s:27:\"<strong></strong>\";}i:420;a:2:{i:0;s:53:\" <strong></strong> \";i:1;s:29:\"<strong></strong>\";}i:421;a:2:{i:0;s:53:\" <strong></strong> \";i:1;s:35:\"<strong></strong>\";}i:423;a:2:{i:0;s:57:\" <strong></strong> \";i:1;s:39:\"<strong></strong>\";}i:93;a:2:{i:0;s:67:\" <strong></strong> \";i:1;s:37:\"<strong></strong>\";}i:428;a:2:{i:0;s:63:\" <strong></strong> \";i:1;s:29:\"<strong></strong>\";}i:429;a:2:{i:0;s:61:\" <strong></strong> \";i:1;s:33:\"<strong></strong>\";}i:430;a:2:{i:0;s:79:\" <strong></strong> \";i:1;s:41:\"<strong></strong>\";}i:433;a:2:{i:0;s:67:\" <strong></strong> \";i:1;s:33:\"<strong></strong>\";}i:36;a:2:{i:0;s:49:\" <strong></strong> \";i:1;s:29:\"<strong></strong>\";}i:436;a:2:{i:0;s:57:\" <strong></strong> \";i:1;s:31:\"<strong></strong>\";}i:438;a:2:{i:0;s:77:\" <strong></strong> \";i:1;s:43:\"<strong></strong>\";}i:441;a:2:{i:0;s:55:\" <strong></strong> \";i:1;s:33:\"<strong></strong>\";}i:442;a:2:{i:0;s:61:\" <strong></strong> \";i:1;s:27:\"<strong></strong>\";}i:443;a:2:{i:0;s:75:\" <strong></strong> \";i:1;s:39:\"<strong></strong>\";}i:444;a:2:{i:0;s:75:\" <strong></strong> \";i:1;s:41:\"<strong></strong>\";}i:446;a:2:{i:0;s:53:\" <strong></strong> \";i:1;s:37:\"<strong></strong>\";}i:447;a:2:{i:0;s:53:\" <strong></strong> \";i:1;s:33:\"<strong></strong>\";}i:448;a:2:{i:0;s:59:\" <strong></strong> \";i:1;s:31:\"<strong></strong>\";}i:449;a:2:{i:0;s:67:\" <strong></strong> \";i:1;s:37:\"<strong></strong>\";}i:450;a:2:{i:0;s:77:\" <strong></strong> \";i:1;s:41:\"<strong></strong>\";}i:451;a:2:{i:0;s:73:\" <strong></strong> \";i:1;s:31:\"<strong></strong>\";}i:452;a:2:{i:0;s:71:\" <strong></strong> \";i:1;s:33:\"<strong></strong>\";}i:455;a:2:{i:0;s:75:\" <strong></strong> \";i:1;s:41:\"<strong></strong>\";}i:456;a:2:{i:0;s:45:\" <strong></strong> 10\";i:1;s:37:\"<strong></strong>\";}i:457;a:2:{i:0;s:37:\"10 <strong></strong> \";i:1;s:27:\"<strong></strong>\";}i:459;a:2:{i:0;s:61:\" <strong></strong> \";i:1;s:29:\"<strong></strong>\";}i:460;a:3:{i:0;s:56:\" <strong></strong> BMW\";i:1;s:57:\" <strong></strong> \";i:2;s:27:\"<strong></strong>\";}i:461;a:2:{i:0;s:58:\"BMW <strong></strong> \";i:1;s:29:\"<strong></strong>\";}i:462;a:2:{i:0;s:79:\" <strong></strong> \";i:1;s:41:\"<strong></strong>\";}i:463;a:2:{i:0;s:87:\" <strong></strong> \";i:1;s:41:\"<strong></strong>\";}i:465;a:2:{i:0;s:45:\" <strong></strong> \";i:1;s:31:\"<strong></strong>\";}i:469;a:2:{i:0;s:59:\" <strong></strong> \";i:1;s:29:\"<strong></strong>\";}i:470;a:2:{i:0;s:69:\" <strong></strong> \";i:1;s:33:\"<strong></strong>\";}}','ru-RU','2023-07-14 11:16:46','2023-07-14 11:16:46'),(10,'IBM  Samsung       ','https://demo.butterflycms.com/ru/blog/ibm-doverit-samsung-vypusk-sobstvennyh-processorov-dla-sistem-iskusstvennogo-intellekta','blog','a15def06658b9188bd2a0c115fa424a0',_binary 'a:89:{i:439;a:2:{i:0;s:79:\" <strong></strong> \";i:1;s:33:\"<strong></strong>\";}i:472;a:3:{i:0;s:79:\" <strong></strong> \";i:1;s:79:\" <strong></strong> \";i:2;s:79:\" <strong></strong> \";}i:473;a:3:{i:0;s:69:\" <strong></strong> \";i:1;s:69:\" <strong></strong> \";i:2;s:81:\" <strong></strong> \";}i:474;a:3:{i:0;s:70:\" <strong></strong> IBM\";i:1;s:73:\" <strong></strong> \";i:2;s:37:\"<strong></strong>\";}i:475;a:2:{i:0;s:83:\" <strong></strong> \";i:1;s:39:\"<strong></strong>\";}i:476;a:3:{i:0;s:43:\"IBM <strong></strong> Samsung\";i:1;s:43:\"IBM <strong></strong> Samsung\";i:2;s:31:\"<strong></strong>\";}i:477;a:3:{i:0;s:59:\" <strong></strong> \";i:1;s:53:\" <strong></strong> \";i:2;s:31:\"<strong></strong>\";}i:16;a:3:{i:0;s:42:\" <strong></strong> IBM\";i:1;s:63:\" <strong></strong> \";i:2;s:57:\" <strong></strong> \";}i:480;a:2:{i:0;s:71:\" <strong></strong> \";i:1;s:49:\"<strong></strong>\";}i:481;a:2:{i:0;s:69:\" <strong></strong> \";i:1;s:29:\"<strong></strong>\";}i:482;a:2:{i:0;s:59:\" <strong></strong> \";i:1;s:31:\"<strong></strong>\";}i:483;a:2:{i:0;s:61:\" <strong></strong> \";i:1;s:35:\"<strong></strong>\";}i:484;a:2:{i:0;s:53:\" <strong></strong> \";i:1;s:39:\"<strong></strong>\";}i:485;a:2:{i:0;s:53:\" <strong></strong> \";i:1;s:29:\"<strong></strong>\";}i:405;a:3:{i:0;s:43:\" <strong></strong> \";i:1;s:51:\" <strong></strong> \";i:2;s:27:\"<strong></strong>\";}i:486;a:2:{i:0;s:41:\" <strong></strong> \";i:1;s:31:\"<strong></strong>\";}i:487;a:2:{i:0;s:63:\" <strong></strong> \";i:1;s:35:\"<strong></strong>\";}i:495;a:2:{i:0;s:85:\" <strong></strong> \";i:1;s:43:\"<strong></strong>\";}i:496;a:2:{i:0;s:79:\" <strong></strong> \";i:1;s:35:\"<strong></strong>\";}i:497;a:2:{i:0;s:53:\" <strong></strong> \";i:1;s:35:\"<strong></strong>\";}i:498;a:2:{i:0;s:80:\"IBM <strong></strong> \";i:1;s:53:\"<strong></strong>\";}i:499;a:2:{i:0;s:63:\" <strong></strong> \";i:1;s:29:\"<strong></strong>\";}i:114;a:2:{i:0;s:62:\" <strong></strong> IBM\";i:1;s:45:\"<strong></strong>\";}i:536;a:2:{i:0;s:58:\" <strong></strong> Reuters\";i:1;s:35:\"<strong></strong>\";}i:500;a:2:{i:0;s:63:\" <strong></strong> \";i:1;s:39:\"<strong></strong>\";}i:501;a:2:{i:0;s:69:\" <strong></strong> \";i:1;s:25:\"<strong></strong>\";}i:17;a:3:{i:0;s:63:\" <strong></strong> \";i:1;s:85:\" <strong></strong> \";i:2;s:29:\"<strong></strong>\";}i:503;a:2:{i:0;s:59:\" <strong></strong> \";i:1;s:33:\"<strong></strong>\";}i:27;a:2:{i:0;s:69:\" <strong></strong> \";i:1;s:27:\"<strong></strong>\";}i:224;a:2:{i:0;s:59:\" <strong></strong> \";i:1;s:37:\"<strong></strong>\";}i:504;a:2:{i:0;s:59:\" <strong></strong> \";i:1;s:27:\"<strong></strong>\";}i:133;a:2:{i:0;s:59:\" <strong></strong> \";i:1;s:27:\"<strong></strong>\";}i:376;a:2:{i:0;s:71:\" <strong></strong> \";i:1;s:35:\"<strong></strong>\";}i:506;a:2:{i:0;s:81:\" <strong></strong> \";i:1;s:47:\"<strong></strong>\";}i:507;a:2:{i:0;s:61:\" <strong></strong> \";i:1;s:31:\"<strong></strong>\";}i:508;a:3:{i:0;s:63:\" <strong></strong> \";i:1;s:77:\" <strong></strong> \";i:2;s:37:\"<strong></strong>\";}i:509;a:2:{i:0;s:57:\" <strong></strong> \";i:1;s:31:\"<strong></strong>\";}i:510;a:2:{i:0;s:63:\" <strong></strong> \";i:1;s:35:\"<strong></strong>\";}i:511;a:2:{i:0;s:67:\" <strong></strong> \";i:1;s:31:\"<strong></strong>\";}i:512;a:2:{i:0;s:61:\" <strong></strong> \";i:1;s:33:\"<strong></strong>\";}i:513;a:2:{i:0;s:47:\" <strong></strong> \";i:1;s:29:\"<strong></strong>\";}i:514;a:2:{i:0;s:62:\"IBM <strong></strong> \";i:1;s:33:\"<strong></strong>\";}i:515;a:2:{i:0;s:69:\" <strong></strong> \";i:1;s:41:\"<strong></strong>\";}i:132;a:2:{i:0;s:65:\" <strong></strong> \";i:1;s:27:\"<strong></strong>\";}i:516;a:2:{i:0;s:47:\" <strong></strong> \";i:1;s:29:\"<strong></strong>\";}i:517;a:2:{i:0;s:53:\" <strong></strong> Watson\";i:1;s:35:\"<strong></strong>\";}i:519;a:2:{i:0;s:69:\" <strong></strong> \";i:1;s:33:\"<strong></strong>\";}i:520;a:2:{i:0;s:75:\" <strong></strong> \";i:1;s:47:\"<strong></strong>\";}i:248;a:2:{i:0;s:65:\" <strong></strong> \";i:1;s:29:\"<strong></strong>\";}i:200;a:2:{i:0;s:71:\" <strong></strong> \";i:1;s:31:\"<strong></strong>\";}i:521;a:2:{i:0;s:73:\" <strong></strong> \";i:1;s:35:\"<strong></strong>\";}i:523;a:2:{i:0;s:51:\" <strong></strong> \";i:1;s:31:\"<strong></strong>\";}i:525;a:3:{i:0;s:67:\" <strong></strong> \";i:1;s:75:\" <strong></strong> \";i:2;s:33:\"<strong></strong>\";}i:527;a:2:{i:0;s:79:\" <strong></strong> \";i:1;s:37:\"<strong></strong>\";}i:528;a:2:{i:0;s:63:\" <strong></strong> \";i:1;s:31:\"<strong></strong>\";}i:465;a:2:{i:0;s:45:\" <strong></strong> \";i:1;s:31:\"<strong></strong>\";}i:529;a:2:{i:0;s:89:\" <strong></strong> \";i:1;s:45:\"<strong></strong>\";}i:367;a:2:{i:0;s:63:\" <strong></strong> \";i:1;s:31:\"<strong></strong>\";}i:531;a:2:{i:0;s:73:\" <strong></strong> \";i:1;s:29:\"<strong></strong>\";}i:361;a:2:{i:0;s:51:\" <strong></strong> \";i:1;s:33:\"<strong></strong>\";}i:535;a:2:{i:0;s:57:\" <strong></strong> \";i:1;s:33:\"<strong></strong>\";}i:542;a:2:{i:0;s:46:\" <strong></strong> Samsung\";i:1;s:31:\"<strong></strong>\";}i:543;a:2:{i:0;s:69:\" <strong></strong> \";i:1;s:39:\"<strong></strong>\";}i:544;a:2:{i:0;s:79:\" <strong></strong> \";i:1;s:39:\"<strong></strong>\";}i:279;a:2:{i:0;s:87:\" <strong></strong> \";i:1;s:33:\"<strong></strong>\";}i:545;a:2:{i:0;s:85:\" <strong></strong> \";i:1;s:47:\"<strong></strong>\";}i:547;a:2:{i:0;s:59:\" <strong></strong> \";i:1;s:35:\"<strong></strong>\";}i:548;a:2:{i:0;s:65:\" <strong></strong> \";i:1;s:33:\"<strong></strong>\";}i:549;a:2:{i:0;s:69:\" <strong></strong> \";i:1;s:35:\"<strong></strong>\";}i:541;a:2:{i:0;s:54:\" <strong></strong> IBM\";i:1;s:33:\"<strong></strong>\";}i:552;a:2:{i:0;s:51:\"Semiconductors <strong></strong> \";i:1;s:27:\"<strong></strong>\";}i:554;a:2:{i:0;s:55:\" <strong></strong> \";i:1;s:35:\"<strong></strong>\";}i:555;a:2:{i:0;s:71:\" <strong></strong> \";i:1;s:31:\"<strong></strong>\";}i:556;a:2:{i:0;s:59:\" <strong></strong> \";i:1;s:37:\"<strong></strong>\";}i:557;a:3:{i:0;s:69:\" <strong></strong> \";i:1;s:61:\" <strong></strong> \";i:2;s:33:\"<strong></strong>\";}i:558;a:2:{i:0;s:75:\" <strong></strong> \";i:1;s:39:\"<strong></strong>\";}i:559;a:2:{i:0;s:67:\" <strong></strong> NVIDIA\";i:1;s:37:\"<strong></strong>\";}i:560;a:2:{i:0;s:59:\" <strong></strong> \";i:1;s:33:\"<strong></strong>\";}i:561;a:2:{i:0;s:61:\" <strong></strong> \";i:1;s:37:\"<strong></strong>\";}i:562;a:2:{i:0;s:69:\" <strong></strong> \";i:1;s:33:\"<strong></strong>\";}i:135;a:2:{i:0;s:40:\" <strong></strong> IBM\";i:1;s:31:\"<strong></strong>\";}i:502;a:2:{i:0;s:54:\"IBM <strong></strong> \";i:1;s:33:\"<strong></strong>\";}i:563;a:2:{i:0;s:79:\" <strong></strong> \";i:1;s:41:\"<strong></strong>\";}i:564;a:2:{i:0;s:53:\" <strong></strong> \";i:1;s:29:\"<strong></strong>\";}i:565;a:2:{i:0;s:61:\" <strong></strong> \";i:1;s:35:\"<strong></strong>\";}i:568;a:2:{i:0;s:73:\" <strong></strong> \";i:1;s:39:\"<strong></strong>\";}i:569;a:2:{i:0;s:79:\" <strong></strong> \";i:1;s:39:\"<strong></strong>\";}i:570;a:2:{i:0;s:69:\" <strong></strong> \";i:1;s:33:\"<strong></strong>\";}i:571;a:2:{i:0;s:51:\" <strong></strong> \";i:1;s:31:\"<strong></strong>\";}}','ru-RU','2023-07-14 11:19:30','2023-07-14 11:24:51');
/*!40000 ALTER TABLE `btf_search` ENABLE KEYS */;
UNLOCK TABLES;

LOCK TABLES `btf_search_ignored` WRITE;
/*!40000 ALTER TABLE `btf_search_ignored` DISABLE KEYS */;
/*!40000 ALTER TABLE `btf_search_ignored` ENABLE KEYS */;
UNLOCK TABLES;

LOCK TABLES `btf_search_index` WRITE;
/*!40000 ALTER TABLE `btf_search_index` DISABLE KEYS */;
INSERT INTO `btf_search_index` VALUES (15,5,7,100),(16,5,8,64.1),(17,5,9,9.23),(18,5,7,4.1),(19,5,8,3.08),(20,6,10,100),(21,6,11,63.89),(22,6,9,5.56),(23,6,12,3.33),(24,7,13,100),(25,7,14,99.42),(26,7,15,90.74),(27,7,16,90.17),(28,7,17,87.63),(29,7,18,87.51),(30,7,19,87.43),(31,7,20,87.1),(32,7,21,87.02),(33,7,22,86.85),(34,7,23,86.77),(35,7,24,86.69),(36,7,25,85.95),(37,7,26,85.91),(38,7,27,85.38),(39,7,14,80.06),(40,7,28,79.69),(41,7,29,77.64),(42,7,30,77.39),(43,7,31,76.86),(44,7,32,76.7),(45,7,33,76.13),(46,7,26,74.45),(47,7,34,73.99),(48,7,35,72.36),(49,7,36,71.58),(50,7,37,71.13),(51,7,38,70.52),(52,7,39,70.27),(53,7,40,67.69),(54,7,17,66.95),(55,7,41,66.79),(56,7,42,66.62),(57,7,43,66.54),(58,7,44,66.5),(59,7,45,66.05),(60,7,46,65.8),(61,7,47,65.77),(62,7,48,65.72),(63,7,49,65.64),(64,7,50,65.48),(65,7,51,65.23),(66,7,52,65.11),(67,7,53,65.07),(68,7,54,65.03),(69,7,15,64.66),(70,7,13,64.58),(71,7,55,64.37),(72,7,56,64.33),(73,7,57,64.29),(74,7,58,64.25),(75,7,59,64.21),(76,7,60,64.09),(77,7,61,64.04),(78,7,62,64),(79,7,63,63.84),(80,7,64,63.76),(81,7,65,63.63),(82,7,66,63.47),(83,7,67,63.43),(84,7,68,63.39),(85,7,69,63.27),(86,7,36,63.23),(87,7,70,63.18),(88,7,71,63.14),(89,7,72,63.02),(90,7,73,62.82),(91,7,74,62.69),(92,7,75,62.61),(93,7,76,62.57),(94,7,77,62.41),(95,7,78,62.28),(96,7,79,62.2),(97,7,80,62.12),(98,7,81,62.04),(99,7,82,62),(100,7,37,62),(101,7,83,62),(102,7,84,61.87),(103,7,85,61.63),(104,7,40,61.55),(105,7,84,61.47),(106,7,86,61.42),(107,7,87,61.38),(108,7,88,61.18),(109,7,89,61.14),(110,7,90,61.1),(111,7,91,60.93),(112,7,74,60.81),(113,7,92,60.56),(114,7,93,60.48),(115,7,94,60.19),(116,7,95,60.07),(117,7,96,59.95),(118,7,97,59.91),(119,7,13,59.87),(120,7,98,59.79),(121,7,99,59.71),(122,7,100,59.66),(123,7,101,59.54),(124,7,102,59.5),(125,7,103,59.21),(126,7,104,59.17),(127,7,105,59.09),(128,7,106,58.8),(129,7,107,58.76),(130,7,46,58.68),(131,7,108,58.35),(132,7,109,58.27),(133,7,110,58.23),(134,7,111,58.19),(135,7,112,58.19),(136,7,113,58.11),(137,7,114,57.53),(138,7,115,57.37),(139,7,48,57.29),(140,7,116,57),(141,7,117,57),(142,7,118,56.72),(143,7,119,56.34),(144,7,120,56.26),(145,7,121,56.22),(146,7,31,55.36),(147,7,122,55.32),(148,7,123,55.2),(149,7,124,55.12),(150,7,125,54.99),(151,7,126,54.99),(152,7,127,54.95),(153,7,128,54.87),(154,7,129,54.79),(155,7,130,54.67),(156,7,131,54.58),(157,7,132,54.5),(158,7,133,54.42),(159,7,36,54.34),(160,7,134,54.3),(161,7,37,54.3),(162,7,17,54.26),(163,7,135,54.26),(164,7,136,54.18),(165,7,31,54.13),(166,7,137,54.13),(167,7,138,53.97),(168,7,24,53.93),(169,7,139,53.73),(170,7,140,53.68),(171,7,141,53.56),(172,7,142,53.52),(173,7,143,53.4),(174,7,144,53.35),(175,7,145,53.32),(176,7,146,53.11),(177,7,147,53.03),(178,7,148,52.99),(179,7,149,52.95),(180,7,150,52.78),(181,7,151,52.7),(182,7,152,52.7),(183,7,70,52.62),(184,7,153,52.58),(185,7,154,52.54),(186,7,155,52.42),(187,7,156,52.29),(188,7,157,52.05),(189,7,46,52.05),(190,7,158,52.01),(191,7,159,52.01),(192,7,160,51.92),(193,7,161,51.8),(194,7,162,51.76),(195,7,163,51.72),(196,7,164,51.68),(197,7,165,51.64),(198,7,15,51.64),(199,7,166,51.64),(200,7,167,51.56),(201,7,168,51.56),(202,7,169,51.47),(203,7,170,51.02),(204,7,117,50.98),(205,7,151,50.69),(206,7,171,50.57),(207,7,172,50.45),(208,7,16,50.41),(209,7,96,50.41),(210,7,173,50.41),(211,7,174,50.37),(212,7,175,50.29),(213,7,28,50.25),(214,7,176,50.12),(215,7,37,49.92),(216,7,177,49.8),(217,7,178,49.55),(218,7,179,49.43),(219,7,180,49.39),(220,7,181,49.31),(221,7,182,49.14),(222,7,28,49.06),(223,7,183,48.98),(224,7,184,48.89),(225,7,167,48.86),(226,7,185,48.81),(227,7,186,48.73),(228,7,187,48.69),(229,7,188,48.65),(230,7,37,48.61),(231,7,189,48.49),(232,7,190,48.32),(233,7,191,48.16),(234,7,192,47.91),(235,7,134,47.71),(236,7,163,47.3),(237,7,193,46.73),(238,7,42,46.68),(239,7,194,46.56),(240,7,195,46.32),(241,7,167,46.19),(242,7,196,46.07),(243,7,88,45.99),(244,7,131,45.95),(245,7,197,45.78),(246,7,119,45.66),(247,7,198,45.5),(248,7,199,45.37),(249,7,91,44.96),(250,7,200,44.92),(251,7,33,44.39),(252,7,13,44.35),(253,7,201,44.23),(254,7,202,44.02),(255,7,203,43.98),(256,7,204,43.94),(257,7,205,43.82),(258,7,206,43.74),(259,7,85,43.49),(260,7,207,43.16),(261,7,58,43.12),(262,7,208,43.12),(263,7,132,43),(264,7,27,42.92),(265,7,209,42.55),(266,7,210,42.51),(267,7,211,42.47),(268,7,212,42.22),(269,7,213,42.14),(270,7,214,42.1),(271,7,215,42.02),(272,7,216,41.69),(273,7,217,41.61),(274,7,218,41.57),(275,7,219,41.48),(276,7,220,41.24),(277,7,18,41.07),(278,7,221,41.03),(279,7,222,40.83),(280,7,223,40.75),(281,7,224,40.17),(282,7,225,39.97),(283,7,226,39.85),(284,7,227,39.76),(285,7,228,39.72),(286,7,229,39.68),(287,7,230,39.64),(288,7,132,39.56),(289,7,231,39.52),(290,7,232,39.48),(291,7,84,39.44),(292,7,233,39.31),(293,7,234,39.23),(294,7,49,39.19),(295,7,235,39.15),(296,7,27,38.98),(297,7,236,38.98),(298,7,165,38.95),(299,7,237,38.82),(300,7,238,38.78),(301,7,38,38.66),(302,7,234,38.58),(303,7,210,38.08),(304,7,239,38),(305,7,240,37.92),(306,7,87,37.8),(307,7,241,37.72),(308,7,242,37.67),(309,7,243,37.63),(310,7,244,37.55),(311,7,245,37.51),(312,7,207,37.22),(313,7,246,37.19),(314,7,247,37.1),(315,7,248,36.77),(316,7,249,36.65),(317,7,250,36.57),(318,7,251,36.53),(319,7,252,36.45),(320,7,101,36.41),(321,7,253,36.36),(322,7,254,36.32),(323,7,255,36.12),(324,7,246,36.08),(325,7,256,36.04),(326,7,257,35.42),(327,7,16,32.97),(328,7,258,25.47),(329,7,258,0),(330,8,259,100),(331,8,259,98.33),(332,8,166,86.16),(333,8,260,82.17),(334,8,261,81.5),(335,8,262,81),(336,8,263,78.33),(337,8,36,77.67),(338,8,264,77.33),(339,8,265,77),(340,8,266,76.5),(341,8,267,76.33),(342,8,268,76),(343,8,269,75.83),(344,8,270,74),(345,8,271,69.33),(346,8,272,62.5),(347,8,273,56.5),(348,8,274,54.66),(349,8,275,49),(350,8,276,48.83),(351,8,277,48.17),(352,8,278,48),(353,8,279,47.33),(354,8,260,47.16),(355,8,280,46.83),(356,8,281,43.5),(357,8,194,41.83),(358,8,16,41.5),(359,8,282,40.83),(360,8,283,40.16),(361,8,284,39.83),(362,8,285,39.5),(363,8,286,39.17),(364,8,287,39),(365,8,288,38.66),(366,8,289,38.5),(367,8,281,38.33),(368,8,290,38),(369,8,291,37.83),(370,8,292,37.66),(371,8,16,36),(372,8,293,35.66),(373,8,294,35.33),(374,8,295,34.5),(375,8,296,34),(376,8,297,33.83),(377,8,298,33.33),(378,8,299,33.16),(379,8,216,33),(380,8,300,32.83),(381,8,301,32.67),(382,8,302,32),(383,8,303,31.5),(384,8,304,31.33),(385,8,305,30.83),(386,8,306,30.33),(387,8,307,29),(388,8,308,28.17),(389,8,309,27.67),(390,8,310,27.5),(391,8,311,27.33),(392,8,312,27.16),(393,8,313,26.17),(394,8,16,26),(395,8,314,25.67),(396,8,315,25.5),(397,8,316,25.33),(398,8,163,24.33),(399,8,317,23.67),(400,8,203,23.5),(401,8,183,22.5),(402,8,318,22.33),(403,8,162,22),(404,8,56,21.67),(405,8,16,21.5),(406,8,319,21),(407,8,320,20.84),(408,8,321,20.17),(409,8,322,19.67),(410,8,323,19.5),(411,8,324,18.67),(412,8,49,18.5),(413,8,325,18.34),(414,8,326,16.84),(415,8,327,16.34),(416,8,328,16.17),(417,8,329,15.84),(418,8,327,15.17),(419,8,330,15),(420,8,331,14.67),(421,8,332,14.5),(422,8,333,14.17),(423,8,334,13.34),(424,8,335,13.17),(425,8,336,13),(426,8,337,12.83),(427,8,338,12.5),(428,8,339,12.34),(429,8,340,12),(430,8,330,11.67),(431,8,341,11.5),(432,8,342,11.34),(433,8,343,11.17),(434,8,344,11),(435,8,49,10.83),(436,8,58,10.67),(437,8,345,10.5),(438,8,346,10.17),(439,8,347,9.17),(440,8,348,9),(441,8,349,8.67),(442,8,350,8.5),(443,8,351,8.17),(444,8,352,8),(445,8,338,7.84),(446,8,353,7.67),(447,8,354,7.67),(448,8,355,7.5),(449,8,356,7.17),(450,8,357,7),(451,8,358,6.84),(452,8,359,6.17),(453,8,360,6),(454,8,311,5.83),(455,8,353,5.34),(456,8,330,5.17),(457,8,361,5),(458,8,344,4.67),(459,8,183,4.34),(460,8,362,4),(461,8,164,3.83),(462,8,363,2.84),(463,8,143,2.67),(464,8,364,2.34),(465,8,365,2.17),(466,8,366,1.83),(467,8,146,1.5),(468,8,259,1.33),(469,8,367,1.33),(470,8,359,1.17),(471,8,360,1),(472,8,17,0.67),(473,8,368,0.5),(474,8,257,0.34),(475,9,369,100),(476,9,370,46.86),(477,9,371,46.86),(478,9,372,46.58),(479,9,373,37.16),(480,9,374,36.07),(481,9,375,35.79),(482,9,376,35.25),(483,9,377,34.7),(484,9,378,34.42),(485,9,379,31.15),(486,9,380,28.55),(487,9,381,27.87),(488,9,382,27.46),(489,9,383,26.36),(490,9,384,24.32),(491,9,385,23.91),(492,9,386,23.91),(493,9,387,23.77),(494,9,388,23.63),(495,9,389,23.5),(496,9,390,23.36),(497,9,391,23.22),(498,9,392,23.09),(499,9,393,22.81),(500,9,394,22.68),(501,9,395,22.4),(502,9,396,22.27),(503,9,397,22.13),(504,9,398,21.99),(505,9,399,21.31),(506,9,400,21.17),(507,9,401,21.04),(508,9,402,20.9),(509,9,403,20.76),(510,9,404,20.63),(511,9,141,20.49),(512,9,405,20.22),(513,9,406,19.95),(514,9,383,19.81),(515,9,289,19.26),(516,9,407,18.58),(517,9,408,17.9),(518,9,409,17.08),(519,9,410,16.94),(520,9,411,16.8),(521,9,412,16.67),(522,9,413,16.26),(523,9,414,15.71),(524,9,415,15.57),(525,9,416,15.43),(526,9,417,14.89),(527,9,418,14.62),(528,9,419,14.48),(529,9,420,14.34),(530,9,421,14.07),(531,9,422,13.39),(532,9,423,13.25),(533,9,93,12.84),(534,9,424,12.7),(535,9,425,12.43),(536,9,426,12.16),(537,9,427,12.02),(538,9,423,11.75),(539,9,428,11.61),(540,9,429,11.47),(541,9,371,11.2),(542,9,430,10.93),(543,9,378,10.79),(544,9,431,10.38),(545,9,432,10.24),(546,9,433,10.11),(547,9,379,9.97),(548,9,434,9.84),(549,9,435,9.49),(550,9,36,9.42),(551,9,436,9.29),(552,9,437,9.15),(553,9,438,8.61),(554,9,439,8.47),(555,9,440,8.34),(556,9,441,8.06),(557,9,442,7.79),(558,9,443,7.65),(559,9,444,7.52),(560,9,445,6.83),(561,9,446,6.56),(562,9,447,6.29),(563,9,224,5.87),(564,9,448,5.74),(565,9,408,5.47),(566,9,449,5.19),(567,9,450,5.06),(568,9,451,4.92),(569,9,452,4.78),(570,9,453,4.65),(571,9,454,4.51),(572,9,455,4.37),(573,9,456,3.96),(574,9,457,3.69),(575,9,458,3.42),(576,9,162,3.28),(577,9,459,3.14),(578,9,460,2.87),(579,9,461,2.73),(580,9,462,2.6),(581,9,463,2.46),(582,9,464,2.32),(583,9,369,1.91),(584,9,465,1.64),(585,9,466,1.5),(586,9,467,1.37),(587,9,468,0.82),(588,9,36,0.55),(589,9,469,0.41),(590,9,470,0.28),(591,9,471,0.14),(592,9,257,0),(593,10,439,96.76),(594,10,472,86.79),(595,10,473,86.55),(596,10,474,86.07),(597,10,473,79.47),(598,10,475,73.11),(599,10,476,59.54),(600,10,477,58.82),(601,10,478,33.13),(602,10,16,33.01),(603,10,479,32.89),(604,10,480,32.77),(605,10,481,32.65),(606,10,482,32.05),(607,10,483,31.93),(608,10,484,31.69),(609,10,477,31.45),(610,10,440,31.09),(611,10,485,30.85),(612,10,405,30.73),(613,10,486,30.49),(614,10,487,30.25),(615,10,488,30.13),(616,10,489,29.89),(617,10,490,29.77),(618,10,491,29.65),(619,10,492,29.53),(620,10,493,29.29),(621,10,494,28.93),(622,10,495,28.81),(623,10,496,28.69),(624,10,16,28.57),(625,10,497,28.33),(626,10,498,27.85),(627,10,499,27.01),(628,10,114,26.89),(629,10,500,25.93),(630,10,501,25.57),(631,10,502,25.33),(632,10,17,25.09),(633,10,503,24.97),(634,10,36,24.25),(635,10,27,24.01),(636,10,224,23.89),(637,10,504,23.77),(638,10,133,23.65),(639,10,505,23.53),(640,10,376,23.41),(641,10,506,23.29),(642,10,439,23.17),(643,10,507,23.05),(644,10,508,22.81),(645,10,509,22.69),(646,10,485,22.45),(647,10,510,22.33),(648,10,511,22.21),(649,10,512,22.09),(650,10,150,21.73),(651,10,513,21.37),(652,10,514,20.89),(653,10,515,20.77),(654,10,132,20.65),(655,10,516,20.05),(656,10,517,19.81),(657,10,518,19.33),(658,10,519,18.96),(659,10,520,18.85),(660,10,248,18.72),(661,10,200,18.61),(662,10,521,18.49),(663,10,522,18.37),(664,10,200,18.13),(665,10,523,18.01),(666,10,455,17.77),(667,10,524,17.64),(668,10,525,17.4),(669,10,526,17.4),(670,10,498,17.16),(671,10,475,16.92),(672,10,527,16.81),(673,10,376,16.69),(674,10,528,16.56),(675,10,406,16.21),(676,10,465,15.97),(677,10,466,15.84),(678,10,232,15.73),(679,10,200,15.49),(680,10,529,15.36),(681,10,530,15.24),(682,10,376,14.88),(683,10,367,14.76),(684,10,531,14.65),(685,10,532,14.52),(686,10,459,14.41),(687,10,533,14.28),(688,10,248,13.68),(689,10,361,13.56),(690,10,36,13.32),(691,10,534,13.2),(692,10,535,13.08),(693,10,536,12.8),(694,10,537,12.36),(695,10,538,11.88),(696,10,539,11.28),(697,10,540,10.94),(698,10,541,10.89),(699,10,542,10.8),(700,10,543,9.97),(701,10,544,9.85),(702,10,279,9.72),(703,10,545,9.61),(704,10,546,9.48),(705,10,547,9),(706,10,248,8.89),(707,10,548,8.76),(708,10,549,8.65),(709,10,550,8.53),(710,10,551,8.29),(711,10,119,8.05),(712,10,552,6.96),(713,10,553,6.84),(714,10,554,6.25),(715,10,555,6.12),(716,10,556,6.01),(717,10,557,5.76),(718,10,385,5.64),(719,10,57,5.4),(720,10,558,5.28),(721,10,559,5.16),(722,10,483,4.8),(723,10,560,4.68),(724,10,561,4.44),(725,10,562,4.32),(726,10,135,3.96),(727,10,502,3.72),(728,10,563,3.48),(729,10,508,3.36),(730,10,509,3.24),(731,10,564,3),(732,10,565,2.88),(733,10,104,2.52),(734,10,135,2.4),(735,10,439,2.16),(736,10,114,1.8),(737,10,566,1.56),(738,10,567,1.2),(739,10,568,0.84),(740,10,569,0.72),(741,10,570,0.6),(742,10,571,0.12),(743,10,132,0),(744,10,439,96.84),(745,10,472,87.12),(746,10,473,86.63),(747,10,474,86.39),(748,10,473,79.59),(749,10,475,73.14),(750,10,476,59.54),(751,10,477,58.81),(752,10,16,33.53),(753,10,478,33.05),(754,10,479,32.8),(755,10,480,32.68),(756,10,481,32.56),(757,10,482,31.95),(758,10,483,31.83),(759,10,484,31.59),(760,10,477,31.35),(761,10,440,30.98),(762,10,485,30.74),(763,10,405,30.62),(764,10,486,30.38),(765,10,487,30.13),(766,10,488,30.01),(767,10,489,29.77),(768,10,490,29.65),(769,10,491,29.52),(770,10,492,29.4),(771,10,493,29.16),(772,10,494,28.8),(773,10,495,28.67),(774,10,496,28.55),(775,10,16,28.43),(776,10,497,28.19),(777,10,498,27.7),(778,10,499,26.85),(779,10,114,26.73),(780,10,536,26.24),(781,10,500,25.88),(782,10,501,25.52),(783,10,502,25.27),(784,10,17,25.03),(785,10,503,24.91),(786,10,36,24.3),(787,10,27,24.06),(788,10,224,23.93),(789,10,504,23.82),(790,10,133,23.69),(791,10,505,23.57),(792,10,376,23.45),(793,10,506,23.33),(794,10,439,23.21),(795,10,507,23.08),(796,10,508,22.84),(797,10,509,22.72),(798,10,485,22.48),(799,10,510,22.36),(800,10,511,22.23),(801,10,512,22.11),(802,10,150,21.75),(803,10,513,21.38),(804,10,514,20.9),(805,10,515,20.78),(806,10,132,20.65),(807,10,516,20.05),(808,10,517,19.8),(809,10,518,19.32),(810,10,519,18.95),(811,10,520,18.83),(812,10,248,18.71),(813,10,200,18.59),(814,10,521,18.47),(815,10,522,18.35),(816,10,200,18.1),(817,10,523,17.98),(818,10,455,17.74),(819,10,525,17.62),(820,10,524,17.62),(821,10,526,17.37),(822,10,498,17.13),(823,10,475,16.89),(824,10,527,16.77),(825,10,376,16.65),(826,10,528,16.52),(827,10,406,16.16),(828,10,465,15.91),(829,10,466,15.8),(830,10,232,15.67),(831,10,200,15.43),(832,10,529,15.31),(833,10,530,15.19),(834,10,376,14.82),(835,10,367,14.7),(836,10,459,14.7),(837,10,531,14.58),(838,10,532,14.46),(839,10,533,14.21),(840,10,36,13.61),(841,10,248,13.61),(842,10,361,13.49),(843,10,534,13.12),(844,10,535,13),(845,10,537,12.27),(846,10,538,11.78),(847,10,539,11.18),(848,10,542,10.7),(849,10,543,9.84),(850,10,544,9.72),(851,10,279,9.6),(852,10,545,9.48),(853,10,546,9.36),(854,10,547,8.87),(855,10,248,8.75),(856,10,548,8.63),(857,10,549,8.51),(858,10,550,8.38),(859,10,551,8.14),(860,10,119,7.9),(861,10,540,7.66),(862,10,541,7.53),(863,10,552,7.17),(864,10,553,7.05),(865,10,554,6.44),(866,10,555,6.32),(867,10,556,6.2),(868,10,557,5.96),(869,10,385,5.83),(870,10,57,5.59),(871,10,558,5.47),(872,10,559,5.35),(873,10,483,4.98),(874,10,560,4.86),(875,10,561,4.62),(876,10,562,4.5),(877,10,135,4.13),(878,10,502,3.89),(879,10,563,3.65),(880,10,508,3.53),(881,10,509,3.4),(882,10,564,3.16),(883,10,565,3.04),(884,10,104,2.68),(885,10,135,2.55),(886,10,439,2.31),(887,10,114,1.95),(888,10,566,1.7),(889,10,567,1.34),(890,10,568,0.97),(891,10,569,0.85),(892,10,570,0.73),(893,10,571,0.25),(894,10,132,0.12),(895,10,257,0),(896,10,439,96.84),(897,10,472,87.12),(898,10,473,86.63),(899,10,474,86.39),(900,10,473,79.59),(901,10,475,73.14),(902,10,476,59.54),(903,10,477,58.81),(904,10,16,33.53),(905,10,478,33.05),(906,10,479,32.8),(907,10,480,32.68),(908,10,481,32.56),(909,10,482,31.95),(910,10,483,31.83),(911,10,484,31.59),(912,10,477,31.35),(913,10,440,30.98),(914,10,485,30.74),(915,10,405,30.62),(916,10,486,30.38),(917,10,487,30.13),(918,10,488,30.01),(919,10,489,29.77),(920,10,490,29.65),(921,10,491,29.52),(922,10,492,29.4),(923,10,493,29.16),(924,10,494,28.8),(925,10,495,28.67),(926,10,496,28.55),(927,10,16,28.43),(928,10,497,28.19),(929,10,498,27.7),(930,10,499,26.85),(931,10,114,26.73),(932,10,536,26.24),(933,10,500,25.88),(934,10,501,25.52),(935,10,502,25.27),(936,10,17,25.03),(937,10,503,24.91),(938,10,36,24.3),(939,10,27,24.06),(940,10,224,23.93),(941,10,504,23.82),(942,10,133,23.69),(943,10,505,23.57),(944,10,376,23.45),(945,10,506,23.33),(946,10,439,23.21),(947,10,507,23.08),(948,10,508,22.84),(949,10,509,22.72),(950,10,485,22.48),(951,10,510,22.36),(952,10,511,22.23),(953,10,512,22.11),(954,10,150,21.75),(955,10,513,21.38),(956,10,514,20.9),(957,10,515,20.78),(958,10,132,20.65),(959,10,516,20.05),(960,10,517,19.8),(961,10,518,19.32),(962,10,519,18.95),(963,10,520,18.83),(964,10,248,18.71),(965,10,200,18.59),(966,10,521,18.47),(967,10,522,18.35),(968,10,200,18.1),(969,10,523,17.98),(970,10,455,17.74),(971,10,525,17.62),(972,10,524,17.62),(973,10,526,17.37),(974,10,498,17.13),(975,10,475,16.89),(976,10,527,16.77),(977,10,376,16.65),(978,10,528,16.52),(979,10,406,16.16),(980,10,465,15.91),(981,10,466,15.8),(982,10,232,15.67),(983,10,200,15.43),(984,10,529,15.31),(985,10,530,15.19),(986,10,376,14.82),(987,10,367,14.7),(988,10,459,14.7),(989,10,531,14.58),(990,10,532,14.46),(991,10,533,14.21),(992,10,36,13.61),(993,10,248,13.61),(994,10,361,13.49),(995,10,534,13.12),(996,10,535,13),(997,10,537,12.27),(998,10,538,11.78),(999,10,539,11.18),(1000,10,542,10.7),(1001,10,543,9.84),(1002,10,544,9.72),(1003,10,279,9.6),(1004,10,545,9.48),(1005,10,546,9.36),(1006,10,547,8.87),(1007,10,248,8.75),(1008,10,548,8.63),(1009,10,549,8.51),(1010,10,550,8.38),(1011,10,551,8.14),(1012,10,119,7.9),(1013,10,540,7.66),(1014,10,541,7.53),(1015,10,552,7.17),(1016,10,553,7.05),(1017,10,554,6.44),(1018,10,555,6.32),(1019,10,556,6.2),(1020,10,557,5.96),(1021,10,385,5.83),(1022,10,57,5.59),(1023,10,558,5.47),(1024,10,559,5.35),(1025,10,483,4.98),(1026,10,560,4.86),(1027,10,561,4.62),(1028,10,562,4.5),(1029,10,135,4.13),(1030,10,502,3.89),(1031,10,563,3.65),(1032,10,508,3.53),(1033,10,509,3.4),(1034,10,564,3.16),(1035,10,565,3.04),(1036,10,104,2.68),(1037,10,135,2.55),(1038,10,439,2.31),(1039,10,114,1.95),(1040,10,566,1.7),(1041,10,567,1.34),(1042,10,568,0.97),(1043,10,569,0.85),(1044,10,570,0.73),(1045,10,571,0.25),(1046,10,132,0.12),(1047,10,257,0),(1048,10,439,96.84),(1049,10,472,87.12),(1050,10,473,86.63),(1051,10,474,86.39),(1052,10,473,79.59),(1053,10,475,73.14),(1054,10,476,59.54),(1055,10,477,58.81),(1056,10,16,33.53),(1057,10,478,33.05),(1058,10,479,32.8),(1059,10,480,32.68),(1060,10,481,32.56),(1061,10,482,31.95),(1062,10,483,31.83),(1063,10,484,31.59),(1064,10,477,31.35),(1065,10,440,30.98),(1066,10,485,30.74),(1067,10,405,30.62),(1068,10,486,30.38),(1069,10,487,30.13),(1070,10,488,30.01),(1071,10,489,29.77),(1072,10,490,29.65),(1073,10,491,29.52),(1074,10,492,29.4),(1075,10,493,29.16),(1076,10,494,28.8),(1077,10,495,28.67),(1078,10,496,28.55),(1079,10,16,28.43),(1080,10,497,28.19),(1081,10,498,27.7),(1082,10,499,26.85),(1083,10,114,26.73),(1084,10,536,26.24),(1085,10,500,25.88),(1086,10,501,25.52),(1087,10,502,25.27),(1088,10,17,25.03),(1089,10,503,24.91),(1090,10,36,24.3),(1091,10,27,24.06),(1092,10,224,23.93),(1093,10,504,23.82),(1094,10,133,23.69),(1095,10,505,23.57),(1096,10,376,23.45),(1097,10,506,23.33),(1098,10,439,23.21),(1099,10,507,23.08),(1100,10,508,22.84),(1101,10,509,22.72),(1102,10,485,22.48),(1103,10,510,22.36),(1104,10,511,22.23),(1105,10,512,22.11),(1106,10,150,21.75),(1107,10,513,21.38),(1108,10,514,20.9),(1109,10,515,20.78),(1110,10,132,20.65),(1111,10,516,20.05),(1112,10,517,19.8),(1113,10,518,19.32),(1114,10,519,18.95),(1115,10,520,18.83),(1116,10,248,18.71),(1117,10,200,18.59),(1118,10,521,18.47),(1119,10,522,18.35),(1120,10,200,18.1),(1121,10,523,17.98),(1122,10,455,17.74),(1123,10,525,17.62),(1124,10,524,17.62),(1125,10,526,17.37),(1126,10,498,17.13),(1127,10,475,16.89),(1128,10,527,16.77),(1129,10,376,16.65),(1130,10,528,16.52),(1131,10,406,16.16),(1132,10,465,15.91),(1133,10,466,15.8),(1134,10,232,15.67),(1135,10,200,15.43),(1136,10,529,15.31),(1137,10,530,15.19),(1138,10,376,14.82),(1139,10,367,14.7),(1140,10,459,14.7),(1141,10,531,14.58),(1142,10,532,14.46),(1143,10,533,14.21),(1144,10,36,13.61),(1145,10,248,13.61),(1146,10,361,13.49),(1147,10,534,13.12),(1148,10,535,13),(1149,10,537,12.27),(1150,10,538,11.78),(1151,10,539,11.18),(1152,10,542,10.7),(1153,10,543,9.84),(1154,10,544,9.72),(1155,10,279,9.6),(1156,10,545,9.48),(1157,10,546,9.36),(1158,10,547,8.87),(1159,10,248,8.75),(1160,10,548,8.63),(1161,10,549,8.51),(1162,10,550,8.38),(1163,10,551,8.14),(1164,10,119,7.9),(1165,10,540,7.66),(1166,10,541,7.53),(1167,10,552,7.17),(1168,10,553,7.05),(1169,10,554,6.44),(1170,10,555,6.32),(1171,10,556,6.2),(1172,10,557,5.96),(1173,10,385,5.83),(1174,10,57,5.59),(1175,10,558,5.47),(1176,10,559,5.35),(1177,10,483,4.98),(1178,10,560,4.86),(1179,10,561,4.62),(1180,10,562,4.5),(1181,10,135,4.13),(1182,10,502,3.89),(1183,10,563,3.65),(1184,10,508,3.53),(1185,10,509,3.4),(1186,10,564,3.16),(1187,10,565,3.04),(1188,10,104,2.68),(1189,10,135,2.55),(1190,10,439,2.31),(1191,10,114,1.95),(1192,10,566,1.7),(1193,10,567,1.34),(1194,10,568,0.97),(1195,10,569,0.85),(1196,10,570,0.73),(1197,10,571,0.25),(1198,10,132,0.12),(1199,10,257,0);
/*!40000 ALTER TABLE `btf_search_index` ENABLE KEYS */;
UNLOCK TABLES;

LOCK TABLES `btf_search_keywords` WRITE;
/*!40000 ALTER TABLE `btf_search_keywords` DISABLE KEYS */;
INSERT INTO `btf_search_keywords` VALUES (384,''),(344,''),(95,''),(46,''),(130,''),(453,''),(471,''),(69,''),(106,''),(291,''),(526,''),(335,''),(353,''),(29,''),(334,''),(463,''),(351,''),(70,''),(357,''),(511,''),(221,''),(303,''),(123,''),(507,''),(201,''),(125,''),(78,''),(74,''),(308,''),(343,''),(44,''),(290,''),(469,''),(397,''),(333,''),(373,''),(158,''),(237,''),(112,''),(386,''),(360,''),(108,''),(80,''),(15,''),(427,''),(346,''),(449,''),(193,''),(441,''),(509,''),(227,''),(477,''),(497,''),(32,''),(200,''),(254,''),(478,''),(559,''),(229,''),(195,''),(23,''),(443,''),(491,''),(54,''),(7,''),(371,''),(486,''),(10,''),(490,''),(226,''),(31,''),(100,''),(311,''),(36,''),(67,''),(442,''),(431,''),(270,''),(153,''),(321,''),(236,''),(320,''),(318,''),(513,''),(190,''),(219,''),(332,''),(243,''),(424,''),(541,''),(147,''),(404,''),(476,''),(366,''),(86,''),(461,''),(481,''),(258,''),(45,''),(388,''),(454,''),(437,''),(224,''),(548,''),(261,''),(382,''),(313,''),(99,''),(323,''),(445,''),(176,''),(98,''),(188,''),(293,''),(139,''),(339,''),(420,''),(556,''),(102,''),(97,''),(228,''),(96,''),(489,''),(560,''),(523,''),(215,''),(340,''),(194,''),(38,''),(251,''),(249,''),(307,''),(447,''),(205,''),(361,''),(143,''),(448,''),(27,''),(286,''),(61,''),(242,''),(474,''),(540,''),(185,''),(378,''),(120,''),(472,''),(444,''),(385,''),(49,''),(257,''),(485,''),(51,''),(173,''),(24,''),(37,''),(239,''),(302,''),(76,''),(131,''),(550,''),(160,''),(268,''),(16,''),(234,''),(421,''),(522,''),(319,''),(164,''),(9,''),(494,''),(496,''),(451,''),(297,''),(277,''),(145,''),(465,''),(422,''),(374,''),(159,''),(140,''),(196,''),(171,''),(407,''),(488,''),(508,''),(212,''),(206,''),(295,''),(282,''),(269,''),(512,''),(316,''),(338,''),(289,''),(466,''),(280,''),(66,''),(238,''),(327,''),(216,''),(459,''),(30,''),(89,''),(379,''),(400,''),(381,''),(552,''),(330,''),(71,''),(438,''),(394,''),(233,''),(170,''),(113,''),(121,''),(85,''),(103,''),(411,''),(245,''),(168,''),(43,''),(152,''),(144,''),(183,''),(337,''),(288,''),(33,''),(352,''),(186,''),(359,''),(177,''),(304,''),(322,''),(94,''),(84,''),(127,''),(544,''),(172,''),(192,''),(149,''),(162,''),(501,''),(377,''),(232,''),(396,''),(503,''),(510,''),(18,''),(492,''),(109,''),(223,''),(156,''),(150,''),(262,''),(434,''),(175,''),(534,''),(148,''),(83,''),(395,''),(26,''),(165,''),(331,''),(324,''),(167,''),(111,''),(281,''),(564,''),(213,''),(209,''),(79,''),(72,''),(136,''),(48,''),(178,''),(118,''),(119,''),(218,''),(57,''),(191,''),(342,''),(528,''),(309,''),(349,''),(39,''),(380,''),(410,''),(369,''),(460,''),(35,''),(433,''),(487,''),(310,''),(314,''),(255,''),(517,''),(220,''),(423,''),(570,''),(189,''),(264,''),(462,''),(458,''),(246,''),(298,''),(495,''),(393,''),(566,''),(146,''),(376,''),(391,''),(93,''),(105,''),(365,''),(440,''),(272,''),(470,''),(296,''),(47,''),(416,''),(217,''),(516,''),(225,''),(253,''),(274,''),(542,''),(283,''),(336,''),(483,''),(356,''),(524,''),(435,''),(241,''),(428,''),(210,''),(207,''),(292,''),(184,''),(174,''),(383,''),(426,''),(484,''),(114,''),(363,''),(301,''),(306,''),(137,''),(518,''),(392,''),(240,''),(208,''),(502,''),(265,''),(505,''),(285,''),(539,''),(161,''),(104,''),(25,''),(116,''),(198,''),(312,''),(275,''),(117,''),(406,''),(20,''),(50,''),(482,''),(128,''),(163,''),(375,''),(372,''),(390,''),(430,''),(418,''),(399,''),(538,''),(546,''),(456,''),(75,''),(77,''),(91,''),(473,''),(222,''),(535,''),(419,''),(514,''),(197,''),(17,''),(231,''),(14,''),(545,''),(244,''),(354,''),(328,''),(169,''),(452,''),(56,''),(500,''),(527,''),(59,''),(19,''),(537,''),(543,''),(520,''),(53,''),(122,''),(34,''),(446,''),(531,''),(138,''),(203,''),(389,''),(90,''),(64,''),(41,''),(135,''),(405,''),(179,''),(479,''),(42,''),(22,''),(256,''),(347,''),(278,''),(132,''),(68,''),(155,''),(55,''),(326,''),(413,''),(235,''),(325,''),(409,''),(166,''),(414,''),(571,''),(547,''),(110,''),(439,''),(60,''),(429,''),(181,''),(364,''),(499,''),(141,''),(134,''),(415,''),(367,''),(565,''),(475,''),(126,''),(266,''),(468,''),(315,''),(555,''),(28,''),(305,''),(425,''),(506,''),(464,''),(182,''),(355,''),(73,''),(498,''),(13,''),(87,''),(412,''),(568,''),(259,''),(21,''),(230,''),(536,''),(154,''),(40,''),(211,''),(287,''),(248,''),(81,''),(398,''),(417,''),(521,''),(260,''),(180,''),(11,'i'),(12,''),(549,''),(8,''),(299,''),(157,''),(554,''),(284,''),(263,''),(569,''),(533,''),(133,''),(515,''),(402,''),(329,''),(252,''),(432,''),(129,''),(350,''),(362,''),(187,''),(401,''),(199,''),(480,''),(82,''),(63,''),(358,''),(561,''),(124,''),(204,''),(151,''),(279,''),(567,''),(317,''),(504,''),(271,''),(273,''),(276,''),(247,''),(370,''),(65,''),(294,''),(558,''),(525,''),(142,''),(493,''),(202,''),(88,''),(408,''),(551,''),(214,''),(436,''),(368,''),(341,''),(267,''),(101,''),(563,''),(345,''),(52,''),(553,''),(115,''),(250,''),(403,''),(348,''),(457,''),(62,''),(92,''),(519,''),(557,''),(300,''),(455,''),(467,''),(450,''),(532,''),(387,''),(529,''),(530,''),(58,''),(107,''),(562,'');
/*!40000 ALTER TABLE `btf_search_keywords` ENABLE KEYS */;
UNLOCK TABLES;

LOCK TABLES `btf_sitemap` WRITE;
/*!40000 ALTER TABLE `btf_sitemap` DISABLE KEYS */;
/*!40000 ALTER TABLE `btf_sitemap` ENABLE KEYS */;
UNLOCK TABLES;

LOCK TABLES `btf_stats_robots` WRITE;
/*!40000 ALTER TABLE `btf_stats_robots` DISABLE KEYS */;
INSERT INTO `btf_stats_robots` VALUES (1,'Rambler','rambler','a:0:{}',0,0),(2,'GoogleBot','googlebot','a:0:{}',0,0),(3,'Aport','aport','a:0:{}',0,0),(4,'Yahoo','yahoo','a:0:{}',0,0),(5,'MSNbot','msnbot','a:0:{}',0,0),(6,'Turtle','turtle','a:0:{}',0,0),(7,'Mail.Ru','mail.ru','a:0:{}',0,0),(8,'Omsktele','omsktele','a:0:{}',0,0),(9,'YetiBot','yetibot','a:0:{}',0,0),(10,'PicSearch','picsearch','a:0:{}',0,0),(11,'Sape.Bot','sape.bot','a:0:{}',0,0),(12,'Sape_context','sape_context','a:0:{}',0,0),(13,'Gigabot','gigabot','a:0:{}',0,0),(14,'Snapbot','snapbot','a:0:{}',0,0),(15,'Alexa.com','alexa.com','a:0:{}',0,0),(16,'Megadownload.net','megadownload.net','a:0:{}',0,0),(17,'Askpeter.info','askpeter.info','a:0:{}',0,0),(18,'Igde.ru','igde.ru','a:0:{}',0,0),(19,'Ask.com','ask.com','a:0:{}',0,0),(20,'Qwartabot','qwartabot','a:0:{}',0,0),(21,'Yanga.co.uk','yanga.co.uk','a:0:{}',0,0),(22,'Scoutjet','scoutjet','a:0:{}',0,0),(23,'Similarpages','similarpages','a:0:{}',0,0),(24,'OozBot','oozbot','a:0:{}',0,0),(25,'Shrinktheweb.com','shrinktheweb.com','a:0:{}',0,0),(26,'Aboutusbot','aboutusbot','a:0:{}',0,0),(27,'Followsite.com','followsite.com','a:0:{}',0,0),(28,'Dataparksearch','dataparksearch','a:0:{}',0,0),(29,'Google Sitemaps','google-sitemaps','a:0:{}',0,0),(30,'Google appEngine','appEngine-google','a:0:{}',0,0),(31,'Google feedFetcher','feedfetcher-google','a:0:{}',0,0),(32,'Liveinternet.ru','liveinternet.ru','a:0:{}',0,0),(33,'Xml-Sitemaps.com','xml-sitemaps.com','a:0:{}',0,0),(34,'Agama','agama','a:0:{}',0,0),(35,'Metadatalabs.com','metadatalabs.com','a:0:{}',0,0),(36,'h1.hrn.ru','h1.hrn.ru','a:0:{}',0,0),(37,'Googlealert.com','googlealert.com','a:0:{}',0,0),(38,'Seo-Rus.com','seo-rus.com','a:0:{}',0,0),(39,'YadirectBot','yaDirectBot','a:0:{}',0,0),(40,'Yandeg','yandeG','a:0:{}',0,0),(41,'Yandex','yandex','a:0:{}',0,0),(42,'YandexSomething','yandexSomething','a:0:{}',0,0),(43,'Copyscape.com','Copyscape.com','a:0:{}',0,0),(44,'Adsbot-Google','AdsBot-Google','a:0:{}',0,0),(45,'Domaintools.com','domaintools.com','a:0:{}',0,0),(46,'Nigma.ru','Nigma.ru','a:0:{}',0,0),(47,'Bing.com','bing.com','a:0:{}',0,0),(48,'Dotnetdotcom','dotnetdotcom','a:0:{}',0,0),(49,'Aport','aport','a:0:{}',0,0),(50,'AWBot','awbot','a:0:{}',0,0),(51,'BaiDuSpider','baiduspider','a:0:{}',0,0),(52,'Bobby','bobby','a:0:{}',0,0),(53,'Boris','boris','a:0:{}',0,0),(54,'Bumblebee (relevare.com)','bumblebee','a:0:{}',0,0),(55,'CsCrawler','cscrawler','a:0:{}',0,0),(56,'DaviesBot','daviesbot','a:0:{}',0,0),(57,'ExactSeek Crawler','exactseek','a:0:{}',0,0),(58,'Ezresult','ezresult','a:0:{}',0,0),(59,'GigaBot','gigabot','a:0:{}',0,0),(60,'GNOD Spider','gnodspider','a:0:{}',0,0),(61,'Grub.org','grub','a:0:{}',0,0),(62,'Mirago','henrythemiragorobot','a:0:{}',0,0),(63,'Holmes','holmes','a:0:{}',0,0),(64,'InternetSeer','internetseer','a:0:{}',0,0),(65,'JustView','justview','a:0:{}',0,0),(66,'LinkBot','linkbot','a:0:{}',0,0),(67,'MetaGer LinkChecker','metager\\-linkchecker','a:0:{}',0,0),(68,'LinkChecker','linkchecker','a:0:{}',0,0),(69,'Microsoft URL Control','microsoft_url_control','a:0:{}',0,0),(70,'MSIECrawler','msiecrawler','a:0:{}',0,0),(71,'Nagios','nagios','a:0:{}',0,0),(72,'Perman surfer','perman','a:0:{}',0,0),(73,'Pompos','pompos','a:0:{}',0,0),(74,'StackRambler','rambler','a:0:{}',0,0),(75,'Red Alert','redalert','a:0:{}',0,0),(76,'Shoutcast Directory Service','shoutcast','a:0:{}',0,0),(77,'SlySearch','slysearch','a:0:{}',0,0),(78,'SurveyBot','surveybot','a:0:{}',0,0),(79,'Turn It In','turnitinbot','a:0:{}',0,0),(80,'Turtle','turtlescanner','a:0:{}',0,0),(81,'Turtle','turtle','a:0:{}',0,0),(82,'Ultraseek','ultraseek','a:0:{}',0,0),(83,'WebClipping.com','webclipping\\.com','a:0:{}',0,0),(84,'webcompass','webcompass','a:0:{}',0,0),(85,'Web Wombat Redback Spider','wonderer','a:0:{}',0,0),(86,'Yahoo Vertical Crawler','yahoo\\-verticalcrawler','a:0:{}',0,0),(87,'Yandex bot','yandex','a:0:{}',0,0),(88,'ZealBot','zealbot','a:0:{}',0,0),(89,'Zyborg','zyborg','a:0:{}',0,0),(90,'Walhello appie','appie','a:0:{}',0,0),(91,'ArchitextSpider','architext','a:0:{}',0,0),(92,'AskJeeves','jeeves','a:0:{}',0,0),(93,'Bjaaland','bjaaland','a:0:{}',0,0),(94,'Googlebot','googlebot','a:0:{}',0,0),(95,'Northern Light Gulliver','gulliver','a:0:{}',0,0),(96,'Harvest','harvest','a:0:{}',0,0),(97,'ht://Dig','htdig','a:0:{}',0,0),(98,'LinkWalker','linkwalker','a:0:{}',0,0),(99,'Lycos','lycos_','a:0:{}',0,0),(100,'moget','moget','a:0:{}',0,0),(101,'Muscat Ferret','muscatferret','a:0:{}',0,0),(102,'Internet Shinchakubin','myweb','a:0:{}',0,0),(103,'Nomad','nomad','a:0:{}',0,0),(104,'Scooter','scooter','a:0:{}',0,0),(105,'Inktomi Slurp','slurp','a:0:{}',0,0),(106,'Voyager','^voyager\\/','a:0:{}',0,0),(107,'weblayers','weblayers','a:0:{}',0,0),(108,'Antibot','antibot','a:0:{}',0,0),(109,'Digout4u','digout4u','a:0:{}',0,0),(110,'EchO!','echo','a:0:{}',0,0),(111,'Fast-Webcrawler','fast\\-webcrawler','a:0:{}',0,0),(112,'Alexa (IA Archiver)','ia_archiver','a:0:{}',0,0),(113,'JennyBot','jennybot','a:0:{}',0,0),(114,'Mercator','mercator','a:0:{}',0,0),(115,'Netcraft','netcraft','a:0:{}',0,0),(116,'Petersnews','petersnews','a:0:{}',0,0),(117,'Unlost Web Crawler','unlost_web_crawler','a:0:{}',0,0),(118,'Voila','voila','a:0:{}',0,0),(119,'WebBase','webbase','a:0:{}',0,0),(120,'WISENutbot','wisenutbot','a:0:{}',0,0),(121,'Fish search','[^a]fish','a:0:{}',0,0),(122,'ABCdatos BotLink','abcdatos','a:0:{}',0,0),(123,'Acme.Spider','acme\\.spider','a:0:{}',0,0),(124,'Ahoy! The Homepage Finder','ahoythehomepagefinder','a:0:{}',0,0),(125,'Alkaline','alkaline','a:0:{}',0,0),(126,'Anthill','anthill','a:0:{}',0,0),(127,'Arachnophilia','arachnophilia','a:0:{}',0,0),(128,'Arale','arale','a:0:{}',0,0),(129,'Araneo','araneo','a:0:{}',0,0),(130,'Aretha','aretha','a:0:{}',0,0),(131,'ARIADNE','ariadne','a:0:{}',0,0),(132,'arks','arks','a:0:{}',0,0),(133,'ASpider (Associative Spider)','aspider','a:0:{}',0,0),(134,'ATN Worldwide','atn\\.txt','a:0:{}',0,0),(135,'Atomz.com Search Robot','atomz','a:0:{}',0,0),(136,'AURESYS','auresys','a:0:{}',0,0),(137,'BackRub','backrub','a:0:{}',0,0),(138,'BBot','bbot','a:0:{}',0,0),(139,'Big Brother','bigbrother','a:0:{}',0,0),(140,'BlackWidow','blackwidow','a:0:{}',0,0),(141,'Die Blinde Kuh','blindekuh','a:0:{}',0,0),(142,'Bloodhound','bloodhound','a:0:{}',0,0),(143,'Borg-Bot','borg\\-bot','a:0:{}',0,0),(144,'bright.net caching robot','brightnet','a:0:{}',0,0),(145,'BSpider','bspider','a:0:{}',0,0),(146,'CACTVS Chemistry Spider','cactvschemistryspider','a:0:{}',0,0),(147,'Calif','calif[^r]','a:0:{}',0,0),(148,'Cassandra','cassandra','a:0:{}',0,0),(149,'Digimarc Marcspider/CGI','cgireader','a:0:{}',0,0),(150,'Checkbot','checkbot','a:0:{}',0,0),(151,'ChristCrawler.com','christcrawler','a:0:{}',0,0),(152,'churl','churl','a:0:{}',0,0),(153,'cIeNcIaFiCcIoN.nEt','cienciaficcion','a:0:{}',0,0),(154,'Collective','collective','a:0:{}',0,0),(155,'Combine System','combine','a:0:{}',0,0),(156,'Conceptbot','conceptbot','a:0:{}',0,0),(157,'CoolBot','coolbot','a:0:{}',0,0),(158,'Web Core / Roots','core','a:0:{}',0,0),(159,'XYLEME Robot','cosmos','a:0:{}',0,0),(160,'Internet Cruiser Robot','cruiser','a:0:{}',0,0),(161,'Cusco','cusco','a:0:{}',0,0),(162,'CyberSpyder Link Test','cyberspyder','a:0:{}',0,0),(163,'Desert Realm Spider','desertrealm','a:0:{}',0,0),(164,'DeWeb(c) Katalog/Index','deweb','a:0:{}',0,0),(165,'DienstSpider','dienstspider','a:0:{}',0,0),(166,'Digger','digger','a:0:{}',0,0),(167,'Digital Integrity Robot','diibot','a:0:{}',0,0),(168,'Direct Hit Grabber','direct_hit','a:0:{}',0,0),(169,'DNAbot','dnabot','a:0:{}',0,0),(170,'DownLoad Express','download_express','a:0:{}',0,0),(171,'DragonBot','dragonbot','a:0:{}',0,0),(172,'DWCP (Dridus\' Web Cataloging P','dwcp','a:0:{}',0,0),(173,'e-collector','e\\-collector','a:0:{}',0,0),(174,'EbiNess','ebiness','a:0:{}',0,0),(175,'ELFINBOT','elfinbot','a:0:{}',0,0),(176,'Emacs-w3 Search Engine','emacs','a:0:{}',0,0),(177,'ananzi','emcspider','a:0:{}',0,0),(178,'Esther','esther','a:0:{}',0,0),(179,'Evliya Celebi','evliyacelebi','a:0:{}',0,0),(180,'FastCrawler','fastcrawler','a:0:{}',0,0),(181,'Fluid Dynamics Search Engine r','fdse','a:0:{}',0,0),(182,'Felix IDE','felix','a:0:{}',0,0),(183,'FetchRover','fetchrover','a:0:{}',0,0),(184,'Femtosearch','FemtosearchBot','a:0:{}',0,0),(185,'Fido','fido','a:0:{}',0,0),(186,'Finnish','finnish','a:0:{}',0,0),(187,'KIT-Fireball','fireball','a:0:{}',0,0),(188,'Fouineur','fouineur','a:0:{}',0,0),(189,'Robot Francoroute','francoroute','a:0:{}',0,0),(190,'Freecrawl','freecrawl','a:0:{}',0,0),(191,'FunnelWeb','funnelweb','a:0:{}',0,0),(192,'gammaSpider','gammaSpider','a:0:{}',0,0),(193,'gazz','gazz','a:0:{}',0,0),(194,'GCreep','gcreep','a:0:{}',0,0),(195,'GetBot','getbot','a:0:{}',0,0),(196,'GetURL','geturl','a:0:{}',0,0),(197,'Golem','golem','a:0:{}',0,0),(198,'Grapnel/0.01 Experiment','grapnel','a:0:{}',0,0),(199,'Griffon','griffon','a:0:{}',0,0),(200,'Gromit','gromit','a:0:{}',0,0),(201,'Gulper Bot','gulperbot','a:0:{}',0,0),(202,'HamBot','hambot','a:0:{}',0,0),(203,'havIndex','havindex','a:0:{}',0,0),(204,'Hometown Spider Pro','hometown','a:0:{}',0,0),(205,'HTMLgobble','htmlgobble','a:0:{}',0,0),(206,'Hyper-Decontextualizer','hyperdecontextualizer','a:0:{}',0,0),(207,'iajaBot','iajabot','a:0:{}',0,0),(208,'Popular Iconoclast','iconoclast','a:0:{}',0,0),(209,'Ingrid','ilse','a:0:{}',0,0),(210,'Imagelock','imagelock','a:0:{}',0,0),(211,'IncyWincy','incywincy','a:0:{}',0,0),(212,'Informant','informant','a:0:{}',0,0),(213,'InfoSeek Robot 1.0','infoseek','a:0:{}',0,0),(214,'Infoseek Sidewinder','infoseeksidewinder','a:0:{}',0,0),(215,'InfoSpiders','infospider','a:0:{}',0,0),(216,'Inspector Web','inspectorwww','a:0:{}',0,0),(217,'IntelliAgent','intelliagent','a:0:{}',0,0),(218,'Iron33','iron33','a:0:{}',0,0),(219,'Israeli-search','israelisearch','a:0:{}',0,0),(220,'JavaBee','javabee','a:0:{}',0,0),(221,'JBot Java Web Robot','jbot','a:0:{}',0,0),(222,'JCrawler','jcrawler','a:0:{}',0,0),(223,'JoBo Java Web Robot','jobo','a:0:{}',0,0),(224,'Jobot','jobot','a:0:{}',0,0),(225,'JoeBot','joebot','a:0:{}',0,0),(226,'The Jubii Indexing Robot','jubii','a:0:{}',0,0),(227,'JumpStation','jumpstation','a:0:{}',0,0),(228,'image.kapsi.net','kapsi','a:0:{}',0,0),(229,'Katipo','katipo','a:0:{}',0,0),(230,'Kilroy','kilroy','a:0:{}',0,0),(231,'KO_Yappo_Robot','ko_yappo_robot','a:0:{}',0,0),(232,'LabelGrabber','labelgrabber\\.txt','a:0:{}',0,0),(233,'Larbin','larbin','a:0:{}',0,0),(234,'Legs','legs','a:0:{}',0,0),(235,'Link Validator','linkidator','a:0:{}',0,0),(236,'LinkScan','linkscan','a:0:{}',0,0),(237,'Lockon','lockon','a:0:{}',0,0),(238,'Logo.gif Crawler','logo_gif','a:0:{}',0,0),(239,'Mail.RU Bot','Mail.RU_Bot','a:0:{}',0,0),(240,'Mac WWWWorm','macworm','a:0:{}',0,0),(241,'Magpie','magpie','a:0:{}',0,0),(242,'marvin/infoseek','marvin','a:0:{}',0,0),(243,'Mattie','mattie','a:0:{}',0,0),(244,'MediaFox','mediafox','a:0:{}',0,0),(245,'MerzScope','merzscope','a:0:{}',0,0),(246,'NEC-MeshExplorer','meshexplorer','a:0:{}',0,0),(247,'MindCrawler','mindcrawler','a:0:{}',0,0),(248,'mnoGoSearch','mnogosearch','a:0:{}',0,0),(249,'MOMspider','momspider','a:0:{}',0,0),(250,'Monster','monster','a:0:{}',0,0),(251,'Motor','motor','a:0:{}',0,0),(252,'MSNBot','msnbot','a:0:{}',0,0),(253,'Muncher','muncher','a:0:{}',0,0),(254,'Mwd.Search','mwdsearch','a:0:{}',0,0),(255,'NDSpider','ndspider','a:0:{}',0,0),(256,'Nederland.zoek','nederland\\.zoek','a:0:{}',0,0),(257,'NetCarta WebMap Engine','netcarta','a:0:{}',0,0),(258,'NetMechanic','netmechanic','a:0:{}',0,0),(259,'NetScoop','netscoop','a:0:{}',0,0),(260,'newscan-online','newscan\\-online','a:0:{}',0,0),(261,'NHSE Web Forager','nhse','a:0:{}',0,0),(262,'The NorthStar Robot','northstar','a:0:{}',0,0),(263,'NZExplorer','nzexplorer','a:0:{}',0,0),(264,'ObjectsSearch','objectssearch','a:0:{}',0,0),(265,'Occam','occam','a:0:{}',0,0),(266,'HKU WWW Octopus','octopus','a:0:{}',0,0),(267,'Openfind data gatherer','openfind','a:0:{}',0,0),(268,'Orb Search','orb_search','a:0:{}',0,0),(269,'Pack Rat','packrat','a:0:{}',0,0),(270,'PageBoy','pageboy','a:0:{}',0,0),(271,'ParaSite','parasite','a:0:{}',0,0),(272,'Patric','patric','a:0:{}',0,0),(273,'Pegasus','pegasus','a:0:{}',0,0),(274,'The Peregrinator','perignator','a:0:{}',0,0),(275,'PerlCrawler 1.0','perlcrawler','a:0:{}',0,0),(276,'Phantom','phantom','a:0:{}',0,0),(277,'PhpDig','phpdig','a:0:{}',0,0),(278,'PiltdownMan','piltdownman','a:0:{}',0,0),(279,'Pimptrain.com\'s robot','pimptrain','a:0:{}',0,0),(280,'Pioneer','pioneer','a:0:{}',0,0),(281,'html_analyzer','pitkow','a:0:{}',0,0),(282,'Portal Juice Spider','pjspider','a:0:{}',0,0),(283,'PlumtreeWebAccessor','plumtreewebaccessor','a:0:{}',0,0),(284,'Poppi','poppi','a:0:{}',0,0),(285,'PortalB Spider','portalb','a:0:{}',0,0),(286,'psbot','psbot','a:0:{}',0,0),(287,'The Python Robot','python','a:0:{}',0,0),(288,'Raven Search','raven','a:0:{}',0,0),(289,'RBSE Spider','rbse','a:0:{}',0,0),(290,'Resume Robot','resumerobot','a:0:{}',0,0),(291,'RoadHouse Crawling System','rhcs','a:0:{}',0,0),(292,'Road Runner: The ImageScape Ro','road_runner','a:0:{}',0,0),(293,'Robbie the Robot','robbie','a:0:{}',0,0),(294,'ComputingSite Robi/1.0','robi','a:0:{}',0,0),(295,'RoboCrawl Spider','robocrawl','a:0:{}',0,0),(296,'RoboFox','robofox','a:0:{}',0,0),(297,'Robozilla','robozilla','a:0:{}',0,0),(298,'Roverbot','roverbot','a:0:{}',0,0),(299,'RuLeS','rules','a:0:{}',0,0),(300,'SafetyNet Robot','safetynetrobot','a:0:{}',0,0),(301,'Sleek','search\\-info','a:0:{}',0,0),(302,'Search.Aus-AU.COM','search_au','a:0:{}',0,0),(303,'SearchProcess','searchprocess','a:0:{}',0,0),(304,'Senrigan','senrigan','a:0:{}',0,0),(305,'SG-Scout','sgscout','a:0:{}',0,0),(306,'ShagSeeker','shaggy','a:0:{}',0,0),(307,'Shai\'Hulud','shaihulud','a:0:{}',0,0),(308,'Sift','sift','a:0:{}',0,0),(309,'Simmany Robot Ver1.0','simbot','a:0:{}',0,0),(310,'Site Valet','site\\-valet','a:0:{}',0,0),(311,'SiteTech-Rover','sitetech','a:0:{}',0,0),(312,'Skymob.com','skymob','a:0:{}',0,0),(313,'SLCrawler','slcrawler','a:0:{}',0,0),(314,'Smart Spider','smartspider','a:0:{}',0,0),(315,'Snooper','snooper','a:0:{}',0,0),(316,'Solbot','solbot','a:0:{}',0,0),(317,'Speedy Spider','speedy','a:0:{}',0,0),(318,'Spider Monkey','spider_monkey','a:0:{}',0,0),(319,'SpiderBot','spiderbot','a:0:{}',0,0),(320,'Spiderline Crawler','spiderline','a:0:{}',0,0),(321,'SpiderMan','spiderman','a:0:{}',0,0),(322,'SpiderView(tm)','spiderview','a:0:{}',0,0),(323,'Spry Wizard Robot','spry','a:0:{}',0,0),(324,'Site Searcher','ssearcher','a:0:{}',0,0),(325,'Suke','suke','a:0:{}',0,0),(326,'Cliqzbot','cliqzbot','a:0:{}',0,0),(327,'Suntek Search Engine','suntek','a:0:{}',0,0),(328,'Sven','sven','a:0:{}',0,0),(329,'TACH Black Widow','tach_bw','a:0:{}',0,0),(330,'Tarantula','tarantula','a:0:{}',0,0),(331,'Tarspider','tarspider','a:0:{}',0,0),(332,'TechBOT','techbot','a:0:{}',0,0),(333,'Templeton','templeton','a:0:{}',0,0),(334,'TITAN','titan','a:0:{}',0,0),(335,'TitIn','titin','a:0:{}',0,0),(336,'The TkWWW Robot','tkwww','a:0:{}',0,0),(337,'TLSpider','tlspider','a:0:{}',0,0),(338,'UCSD Crawl','ucsd','a:0:{}',0,0),(339,'UdmSearch','udmsearch','a:0:{}',0,0),(340,'URL Check','urlck','a:0:{}',0,0),(341,'Valkyrie','valkyrie','a:0:{}',0,0),(342,'Verticrawl','verticrawl','a:0:{}',0,0),(343,'Victoria','victoria','a:0:{}',0,0),(344,'Vision-search','visionsearch','a:0:{}',0,0),(345,'Void-bot','voidbot','a:0:{}',0,0),(346,'VWbot','vwbot','a:0:{}',0,0),(347,'The NWI Robot','w3index','a:0:{}',0,0),(348,'W3M2','w3m2','a:0:{}',0,0),(349,'WallPaper (alias crawlpaper)','wallpaper','a:0:{}',0,0),(350,'the World Wide Web Wanderer','wanderer','a:0:{}',0,0),(351,'w@pSpider by wap4.com','wapspider','a:0:{}',0,0),(352,'WebBandit Web Spider','webbandit','a:0:{}',0,0),(353,'WebCatcher','webcatcher','a:0:{}',0,0),(354,'WebCopy','webcopy','a:0:{}',0,0),(355,'webfetcher','webfetcher','a:0:{}',0,0),(356,'The Webfoot Robot','webfoot','a:0:{}',0,0),(357,'Webinator','webinator','a:0:{}',0,0),(358,'WebLinker','weblinker','a:0:{}',0,0),(359,'WebMirror','webmirror','a:0:{}',0,0),(360,'The Web Moose','webmoose','a:0:{}',0,0),(361,'WebQuest','webquest','a:0:{}',0,0),(362,'Digimarc MarcSpider','webreader','a:0:{}',0,0),(363,'WebReaper','webreaper','a:0:{}',0,0),(364,'Websnarf','websnarf','a:0:{}',0,0),(365,'WebSpider','webspider','a:0:{}',0,0),(366,'WebVac','webvac','a:0:{}',0,0),(367,'webwalk','webwalk','a:0:{}',0,0),(368,'WebWalker','webwalker','a:0:{}',0,0),(369,'WebWatch','webwatch','a:0:{}',0,0),(370,'whatUseek Winona','whatuseek','a:0:{}',0,0),(371,'WhoWhere Robot','whowhere','a:0:{}',0,0),(372,'Wired Digital','wired\\-digital','a:0:{}',0,0),(373,'w3mir','wmir','a:0:{}',0,0),(374,'WebStolperer','wolp','a:0:{}',0,0),(375,'The Web Wombat','wombat','a:0:{}',0,0),(376,'The World Wide Web Worm','worm','a:0:{}',0,0),(377,'WWWC Ver 0.2.5','wwwc','a:0:{}',0,0),(378,'WebZinger','wz101','a:0:{}',0,0),(379,'XGET','xget','a:0:{}',0,0),(380,'MJ12bot','^MJ12bot','a:0:{}',0,1),(381,'MJ12bot','^MJ12bot.*','a:0:{}',0,1),(382,'MJ12bot','^MJ12bot\\/v1.4.4','a:0:{}',0,1),(383,'MJ12bot','^MJ12bot\\/v1.4.5','a:0:{}',0,1),(384,'MJ12bot','^MJ12bot\\/v1.4.6','a:0:{}',0,1),(385,'MJ12bot','^MJ12bot\\/v1.4.7','a:0:{}',0,1),(386,'AESOP_com_SpiderMan','^AESOP_com_SpiderMan','a:0:{}',0,1),(387,'Alexibot','^Alexibot','a:0:{}',0,1),(388,'Anonymouse','Anonymouse.org','a:0:{}',0,1),(389,'asterias','^asterias','a:0:{}',0,1),(390,'attach','^attach','a:0:{}',0,1),(391,'BackDoorBot','^BackDoorBot','a:0:{}',0,1),(392,'BackWeb','^BackWeb','a:0:{}',0,1),(393,'bandit','bandit','a:0:{}',0,1),(394,'Baiduspider','^Baiduspider','a:0:{}',0,1),(395,'BatchFTP','^BatchFTP','a:0:{}',0,1),(396,'Bigfoot','^Bigfoot','a:0:{}',0,1),(397,'Black.Hole','^Black.Hole','a:0:{}',0,1),(398,'BlackWidow','^BlackWidow','a:0:{}',0,1),(399,'BlowFish','^BlowFish','a:0:{}',0,1),(400,'Craftbot','^Bot\\ mailto: craftbot@yahoo.com','a:0:{}',0,1),(401,'BotALot','^BotALot','a:0:{}',0,1),(402,'Buddy','Buddy','a:0:{}',0,1),(403,'BuiltBotTough','^BuiltBotTough','a:0:{}',0,1),(404,'Bullseye','^Bullseye','a:0:{}',0,1),(405,'BunnySlippers','^BunnySlippers','a:0:{}',0,1),(406,'Cegbfeieh','^Cegbfeieh','a:0:{}',0,1),(407,'CheeseBot','^CheeseBot','a:0:{}',0,1),(408,'CherryPicker','^CherryPicker','a:0:{}',0,1),(409,'ChinaClaw','^ChinaClaw','a:0:{}',0,1),(410,'Collector','Collector','a:0:{}',0,1),(411,'Copier','Copier','a:0:{}',0,1),(412,'CopyRightCheck','^CopyRightCheck','a:0:{}',0,1),(413,'cosmos','^cosmos','a:0:{}',0,1),(414,'Crescent','^Crescent','a:0:{}',0,1),(415,'Curl','^Curl','a:0:{}',0,1),(416,'Custo','^Custo','a:0:{}',0,1),(417,'DA','^DA','a:0:{}',0,1),(418,'DISCo','^DISCo','a:0:{}',0,1),(419,'DIIbot','^DIIbot','a:0:{}',0,1),(420,'DittoSpyder','^DittoSpyder','a:0:{}',0,1),(421,'Download','^Download','a:0:{}',0,1),(422,'Download Demon','^Download\\ Demon','a:0:{}',0,1),(423,'Download Devil','^Download\\ Devil','a:0:{}',0,1),(424,'Download Wonder','^Download\\ Wonder','a:0:{}',0,1),(425,'Downloader','Downloader','a:0:{}',0,1),(426,'dragonfly','^dragonfly','a:0:{}',0,1),(427,'Drip','^Drip','a:0:{}',0,1),(428,'eCatch','^eCatch','a:0:{}',0,1),(429,'EasyDL','^EasyDL','a:0:{}',0,1),(430,'ebingbong','^ebingbong','a:0:{}',0,1),(431,'EirGrabber','^EirGrabber','a:0:{}',0,1),(432,'EmailCollector','^EmailCollector','a:0:{}',0,1),(433,'EmailSiphon','^EmailSiphon','a:0:{}',0,1),(434,'EmailWolf','^EmailWolf','a:0:{}',0,1),(435,'EroCrawler','^EroCrawler','a:0:{}',0,1),(436,'Exabot','^Exabot','a:0:{}',0,1),(437,'Express WebPictures','^Express\\ WebPictures','a:0:{}',0,1),(438,'Extractor','Extractor','a:0:{}',0,1),(439,'EyeNetIE','^EyeNetIE','a:0:{}',0,1),(440,'FileHound','^FileHound','a:0:{}',0,1),(441,'FlashGet','^FlashGet','a:0:{}',0,1),(442,'Foobot','^Foobot','a:0:{}',0,1),(443,'flunky','^flunky','a:0:{}',0,1),(444,'FrontPage','^FrontPage','a:0:{}',0,1),(445,'GetRight','^GetRight','a:0:{}',0,1),(446,'GetSmart','^GetSmart','a:0:{}',0,1),(447,'GetWeb!','^GetWeb!','a:0:{}',0,1),(448,'Go!Zilla','^Go!Zilla','a:0:{}',0,1),(449,'Google Wireless Transcoder','Google\\ Wireless\\ Transcoder','a:0:{}',0,1),(450,'Go-Ahead-Got-It','^Go-Ahead-Got-It','a:0:{}',0,1),(451,'gotit','^gotit','a:0:{}',0,1),(452,'Grabber','Grabber','a:0:{}',0,1),(453,'GrabNet','^GrabNet','a:0:{}',0,1),(454,'Grafula','^Grafula','a:0:{}',0,1),(455,'Harvest','^Harvest','a:0:{}',0,1),(456,'hloader','^hloader','a:0:{}',0,1),(457,'HMView','^HMView','a:0:{}',0,1),(458,'httplib','^httplib','a:0:{}',0,1),(459,'HTTrack','^HTTrack','a:0:{}',0,1),(460,'humanlinks','^humanlinks','a:0:{}',0,1),(461,'ia_archiver','^ia_archiver','a:0:{}',0,1),(462,'IlseBot','^IlseBot','a:0:{}',0,1),(463,'Image Stripper','^Image\\ Stripper','a:0:{}',0,1),(464,'Image Sucker','^Image\\ Sucker','a:0:{}',0,1),(465,'Indy Library','Indy\\ Library','a:0:{}',0,1),(466,'InfoNaviRobot','^InfoNaviRobot','a:0:{}',0,1),(467,'InfoTekies','^InfoTekies','a:0:{}',0,1),(468,'Intelliseek','^Intelliseek','a:0:{}',0,1),(469,'InterGET','^InterGET','a:0:{}',0,1),(470,'Internet Ninja','^Internet\\ Ninja','a:0:{}',0,1),(471,'Iria','^Iria','a:0:{}',0,1),(472,'Jakarta','^Jakarta','a:0:{}',0,1),(473,'JennyBot','^JennyBot','a:0:{}',0,1),(474,'JetCar','^JetCar','a:0:{}',0,1),(475,'JOC','^JOC','a:0:{}',0,1),(476,'JustView','^JustView','a:0:{}',0,1),(477,'Jyxobot','^Jyxobot','a:0:{}',0,1),(478,'Kenjin.Spider','^Kenjin.Spider','a:0:{}',0,1),(479,'Keyword.Density','^Keyword.Density','a:0:{}',0,1),(480,'larbin','^larbin','a:0:{}',0,1),(481,'LeechFTP','^LeechFTP','a:0:{}',0,1),(482,'LexiBot','^LexiBot','a:0:{}',0,1),(483,'lftp','^lftp','a:0:{}',0,1),(484,'libWeb/clsHTTP','^libWeb/clsHTTP','a:0:{}',0,1),(485,'likse','^likse','a:0:{}',0,1),(486,'LinkextractorPro','^LinkextractorPro','a:0:{}',0,1),(487,'LinkScan/8.1a.Unix','^LinkScan/8.1a.Unix','a:0:{}',0,1),(488,'LNSpiderguyt','^LNSpiderguyt','a:0:{}',0,1),(489,'LinkWalker','^LinkWalker','a:0:{}',0,1),(490,'lwp-trivial','^lwp-trivial','a:0:{}',0,1),(491,'LWP::Simple','^LWP::Simple','a:0:{}',0,1),(492,'Magnet','^Magnet','a:0:{}',0,1),(493,'Mag-Net','^Mag-Net','a:0:{}',0,1),(494,'MarkWatch','^MarkWatch','a:0:{}',0,1),(495,'Mass Downloader','^Mass\\ Downloader','a:0:{}',0,1),(496,'Mata.Hari','^Mata.Hari','a:0:{}',0,1),(497,'Memo','^Memo','a:0:{}',0,1),(498,'Microsoft.URL','^Microsoft.URL','a:0:{}',0,1),(499,'Microsoft URL Control','^Microsoft\\ URL\\ Control','a:0:{}',0,1),(500,'MIDown tool','^MIDown\\ tool','a:0:{}',0,1),(501,'MIIxpc','^MIIxpc','a:0:{}',0,1),(502,'Mirror','^Mirror','a:0:{}',0,1),(503,'Missigua Locator','^Missigua\\ Locator','a:0:{}',0,1),(504,'Mister PiX','^Mister\\ PiX','a:0:{}',0,1),(505,'moget','^moget','a:0:{}',0,1),(506,'Mozilla/3.Mozilla','^Mozilla/3.Mozilla/2.01','a:0:{}',0,1),(507,'Mozilla.*NEWT','^Mozilla.*NEWT','a:0:{}',0,1),(508,'NAMEPROTECT','^NAMEPROTECT','a:0:{}',0,1),(509,'Navroad','^Navroad','a:0:{}',0,1),(510,'NearSite','^NearSite','a:0:{}',0,1),(511,'NetAnts','^NetAnts','a:0:{}',0,1),(512,'Netcraft','^Netcraft','a:0:{}',0,1),(513,'NetMechanic','^NetMechanic','a:0:{}',0,1),(514,'NetSpider','^NetSpider','a:0:{}',0,1),(515,'Net Vampire','^Net\\ Vampire','a:0:{}',0,1),(516,'NetZIP','^NetZIP','a:0:{}',0,1),(517,'NextGenSearchBot','^NextGenSearchBot','a:0:{}',0,1),(518,'NG','^NG','a:0:{}',0,1),(519,'NICErsPRO','^NICErsPRO','a:0:{}',0,1),(520,'NimbleCrawler','^NimbleCrawler','a:0:{}',0,1),(521,'Ninja','^Ninja','a:0:{}',0,1),(522,'NPbot','^NPbot','a:0:{}',0,1),(523,'Octopus','^Octopus','a:0:{}',0,1),(524,'Offline Explorer','^Offline\\ Explorer','a:0:{}',0,1),(525,'Offline Navigator','^Offline\\ Navigator','a:0:{}',0,1),(526,'Openfind','^Openfind','a:0:{}',0,1),(527,'OutfoxBot','^OutfoxBot','a:0:{}',0,1),(528,'PageGrabber','^PageGrabber','a:0:{}',0,1),(529,'Papa Foto','^Papa\\ Foto','a:0:{}',0,1),(530,'pavuk','^pavuk','a:0:{}',0,1),(531,'pcBrowser','^pcBrowser','a:0:{}',0,1),(532,'PHP version tracker','^PHP\\ version\\ tracker','a:0:{}',0,1),(533,'Pockey','^Pockey','a:0:{}',0,1),(534,'ProPowerBot','^ProPowerBot/2.14','a:0:{}',0,1),(535,'ProWebWalker','^ProWebWalker','a:0:{}',0,1),(536,'psbot','^psbot','a:0:{}',0,1),(537,'Pump','^Pump','a:0:{}',0,1),(538,'QueryN.Metasearch','^QueryN.Metasearch','a:0:{}',0,1),(539,'RealDownload','^RealDownload','a:0:{}',0,1),(540,'Reaper','Reaper','a:0:{}',0,1),(541,'Recorder','Recorder','a:0:{}',0,1),(542,'ReGet','^ReGet','a:0:{}',0,1),(543,'RepoMonkey','^RepoMonkey','a:0:{}',0,1),(544,'RMA','^RMA','a:0:{}',0,1),(545,'Siphon','Siphon','a:0:{}',0,1),(546,'sitecheck.internetseer.com','sitecheck.internetseer.com','a:0:{}',0,1),(547,'SiteSnagger','^SiteSnagger','a:0:{}',0,1),(548,'SlySearch','^SlySearch','a:0:{}',0,1),(549,'SmartDownload','^SmartDownload','a:0:{}',0,1),(550,'Snake','^Snake','a:0:{}',0,1),(551,'Snapbot','^Snapbot','a:0:{}',0,1),(552,'Snoopy','^Snoopy','a:0:{}',0,1),(553,'sogou','^sogou','a:0:{}',0,1),(554,'SpaceBison','^SpaceBison','a:0:{}',0,1),(555,'SpankBot','^SpankBot','a:0:{}',0,1),(556,'spanner','^spanner','a:0:{}',0,1),(557,'Sqworm','^Sqworm','a:0:{}',0,1),(558,'Stripper','Stripper','a:0:{}',0,1),(559,'Sucker','Sucker','a:0:{}',0,1),(560,'SuperBot','^SuperBot','a:0:{}',0,1),(561,'SuperHTTP','^SuperHTTP','a:0:{}',0,1),(562,'Surfbot','^Surfbot','a:0:{}',0,1),(563,'suzuran','^suzuran','a:0:{}',0,1),(564,'Szukacz','^Szukacz/1.4','a:0:{}',0,1),(565,'tAkeOut','^tAkeOut','a:0:{}',0,1),(566,'Teleport','^Teleport','a:0:{}',0,1),(567,'Telesoft','^Telesoft','a:0:{}',0,1),(568,'TurnitinBot','^TurnitinBot/1.5','a:0:{}',0,1),(569,'The.Intraformant','^The.Intraformant','a:0:{}',0,1),(570,'TheNomad','^TheNomad','a:0:{}',0,1),(571,'TightTwatBot','^TightTwatBot','a:0:{}',0,1),(572,'Titan','^Titan','a:0:{}',0,1),(573,'toCrawl/UrlDispatcher','^toCrawl/UrlDispatcher','a:0:{}',0,1),(574,'True_Robot','^True_Robot','a:0:{}',0,1),(575,'turingos','^turingos','a:0:{}',0,1),(576,'TurnitinBot','^TurnitinBot','a:0:{}',0,1),(577,'URLy.Warning','^URLy.Warning','a:0:{}',0,1),(578,'Vacuum','^Vacuum','a:0:{}',0,1),(579,'VCI','^VCI','a:0:{}',0,1),(580,'VoidEYE','^VoidEYE','a:0:{}',0,1),(581,'Web Image Collector','^Web\\ Image\\ Collector','a:0:{}',0,1),(582,'Web Sucker','^Web\\ Sucker','a:0:{}',0,1),(583,'WebAuto','^WebAuto','a:0:{}',0,1),(584,'Webbandit','^Webbandit','a:0:{}',0,1),(585,'Webclipping.com','^Webclipping.com','a:0:{}',0,1),(586,'WebCopier','^WebCopier','a:0:{}',0,1),(587,'WebEMailExtrac.*','^WebEMailExtrac.*','a:0:{}',0,1),(588,'WebEnhancer','^WebEnhancer','a:0:{}',0,1),(589,'WebFetch','^WebFetch','a:0:{}',0,1),(590,'WebGo IS','^WebGo\\ IS','a:0:{}',0,1),(591,'Web.Image.Collector','^Web.Image.Collector','a:0:{}',0,1),(592,'WebLeacher','^WebLeacher','a:0:{}',0,1),(593,'WebmasterWorldForumBot','^WebmasterWorldForumBot','a:0:{}',0,1),(594,'WebReaper','^WebReaper','a:0:{}',0,1),(595,'WebSauger','^WebSauger','a:0:{}',0,1),(596,'WebSite','^WebSite','a:0:{}',0,1),(597,'Website eXtractor','^Website\\ eXtractor','a:0:{}',0,1),(598,'Website Quester','^Website\\ Quester','a:0:{}',0,1),(599,'Webster','^Webster','a:0:{}',0,1),(600,'WebStripper','^WebStripper','a:0:{}',0,1),(601,'WebWhacker','^WebWhacker','a:0:{}',0,1),(602,'WebZIP','^WebZIP','a:0:{}',0,1),(603,'Whacker','Whacker','a:0:{}',0,1),(604,'Widow','^Widow','a:0:{}',0,1),(605,'WISENutbot','^WISENutbot','a:0:{}',0,1),(606,'WWWOFFLE','^WWWOFFLE','a:0:{}',0,1),(607,'WWW-Collector-E','^WWW-Collector-E','a:0:{}',0,1),(608,'Xaldon','^Xaldon','a:0:{}',0,1),(609,'Xenu','^Xenu','a:0:{}',0,1),(610,'Zeus','^Zeus','a:0:{}',0,1),(611,'Zyborg','^Zyborg','a:0:{}',0,1),(612,'Lipperhey','lipperhey','a:2:{i:0;s:13:\"lipperhey.com\";i:1;s:15:\"*.lipperhey.com\";}',0,0),(613,'Dataprovider','Dataprovider\\.com','a:2:{i:0;s:16:\"dataprovider.com\";i:1;s:18:\"*.dataprovider.com\";}',0,0);
/*!40000 ALTER TABLE `btf_stats_robots` ENABLE KEYS */;
UNLOCK TABLES;

LOCK TABLES `btf_stats_visitors` WRITE;
/*!40000 ALTER TABLE `btf_stats_visitors` DISABLE KEYS */;
INSERT INTO `btf_stats_visitors` VALUES (1,'https://demo.butterflycms.com/','104.193.255.68','.',100,'Mozilla/5.0 (Macintosh; Intel Mac OS X 10_15_7) AppleWebKit/605.1.15 (KHTML, like Gecko) Version/16.5 Safari/605.1.15','https://demo.butterflycms.com/admin/modules','demo.butterflycms.com',NULL,1,2,200,1688984126,'b554c0d1630e512895482c99b748020c',1,NULL,'a:5:{s:2:\"et\";d:0.2965999999999999747757328805164434015750885009765625;s:2:\"mu\";d:14.0600000000000004973799150320701301097869873046875;s:3:\"dbq\";i:39;s:3:\"dbt\";d:0.01409999999999999968636199554339327733032405376434326171875;s:3:\"dsn\";s:57:\"mysql:host=wdmgroup.mysql.tools;dbname=wdmgroup_butterfly\";}'),(2,'https://demo.butterflycms.com/','104.193.255.68','.',100,'Mozilla/5.0 (Macintosh; Intel Mac OS X 10_15_7) AppleWebKit/605.1.15 (KHTML, like Gecko) Version/16.5 Safari/605.1.15','https://demo.butterflycms.com/admin/modules','demo.butterflycms.com',NULL,1,2,200,1688984306,'b554c0d1630e512895482c99b748020c',1,NULL,'a:5:{s:2:\"et\";d:0.0723000000000000031530333899354445748031139373779296875;s:2:\"mu\";d:14.28999999999999914734871708787977695465087890625;s:3:\"dbq\";i:37;s:3:\"dbt\";d:0.00830000000000000008604228440844963188283145427703857421875;s:3:\"dsn\";s:57:\"mysql:host=wdmgroup.mysql.tools;dbname=wdmgroup_butterfly\";}'),(3,'https://demo.butterflycms.com/apple-touch-icon-precomposed.png','104.193.255.68','.',NULL,'Safari/18615.2.9.11.4 CFNetwork/1408.0.4 Darwin/22.5.0',NULL,NULL,NULL,1,1,404,1688984374,'0134f2e5bb0bb170ea1c27a9996a1aac',1,NULL,'a:5:{s:2:\"et\";d:0.07960000000000000408562073062057606875896453857421875;s:2:\"mu\";d:13.230000000000000426325641456060111522674560546875;s:3:\"dbq\";i:31;s:3:\"dbt\";d:0.00710000000000000040800696154974502860568463802337646484375;s:3:\"dsn\";s:57:\"mysql:host=wdmgroup.mysql.tools;dbname=wdmgroup_butterfly\";}'),(4,'https://demo.butterflycms.com/apple-touch-icon.png','104.193.255.68','.',NULL,'Safari/18615.2.9.11.4 CFNetwork/1408.0.4 Darwin/22.5.0',NULL,NULL,NULL,1,1,404,1688984375,'0134f2e5bb0bb170ea1c27a9996a1aac',1,NULL,'a:5:{s:2:\"et\";d:0.0698000000000000009325873406851314939558506011962890625;s:2:\"mu\";d:13.230000000000000426325641456060111522674560546875;s:3:\"dbq\";i:31;s:3:\"dbt\";d:0.007300000000000000065225602696727946749888360500335693359375;s:3:\"dsn\";s:57:\"mysql:host=wdmgroup.mysql.tools;dbname=wdmgroup_butterfly\";}'),(5,'https://demo.butterflycms.com/apple-touch-icon-precomposed.png','104.193.255.68','.',NULL,'Safari/18615.2.9.11.4 CFNetwork/1408.0.4 Darwin/22.5.0',NULL,NULL,NULL,1,1,404,1688984379,'0134f2e5bb0bb170ea1c27a9996a1aac',1,NULL,'a:5:{s:2:\"et\";d:0.0703000000000000013766765505351941101253032684326171875;s:2:\"mu\";d:13.230000000000000426325641456060111522674560546875;s:3:\"dbq\";i:31;s:3:\"dbt\";d:0.00659999999999999996391775169968241243623197078704833984375;s:3:\"dsn\";s:57:\"mysql:host=wdmgroup.mysql.tools;dbname=wdmgroup_butterfly\";}'),(6,'https://demo.butterflycms.com/apple-touch-icon.png','104.193.255.68','.',NULL,'Safari/18615.2.9.11.4 CFNetwork/1408.0.4 Darwin/22.5.0',NULL,NULL,NULL,1,1,404,1688984379,'0134f2e5bb0bb170ea1c27a9996a1aac',1,NULL,'a:5:{s:2:\"et\";d:0.0677999999999999991562305012848810292780399322509765625;s:2:\"mu\";d:13.230000000000000426325641456060111522674560546875;s:3:\"dbq\";i:31;s:3:\"dbt\";d:0.007000000000000000145716771982051795930601656436920166015625;s:3:\"dsn\";s:57:\"mysql:host=wdmgroup.mysql.tools;dbname=wdmgroup_butterfly\";}'),(7,'https://demo.butterflycms.com/apple-touch-icon-precomposed.png','176.109.184.65','host65-184-109-176.lds.online',NULL,'Safari/18615.2.9.11.4 CFNetwork/1408.0.4 Darwin/22.5.0',NULL,NULL,NULL,1,1,404,1688984392,'0134f2e5bb0bb170ea1c27a9996a1aac',1,NULL,'a:5:{s:2:\"et\";d:0.232399999999999995470290059529361315071582794189453125;s:2:\"mu\";d:13.230000000000000426325641456060111522674560546875;s:3:\"dbq\";i:31;s:3:\"dbt\";d:0.00770000000000000024702462297909733024425804615020751953125;s:3:\"dsn\";s:57:\"mysql:host=wdmgroup.mysql.tools;dbname=wdmgroup_butterfly\";}'),(8,'https://demo.butterflycms.com/apple-touch-icon.png','176.109.184.65','host65-184-109-176.lds.online',NULL,'Safari/18615.2.9.11.4 CFNetwork/1408.0.4 Darwin/22.5.0',NULL,NULL,NULL,1,1,404,1688984392,'0134f2e5bb0bb170ea1c27a9996a1aac',1,NULL,'a:5:{s:2:\"et\";d:0.07049999999999999322763954978654510341584682464599609375;s:2:\"mu\";d:13.230000000000000426325641456060111522674560546875;s:3:\"dbq\";i:31;s:3:\"dbt\";d:0.00710000000000000040800696154974502860568463802337646484375;s:3:\"dsn\";s:57:\"mysql:host=wdmgroup.mysql.tools;dbname=wdmgroup_butterfly\";}'),(9,'https://demo.butterflycms.com/apple-touch-icon-precomposed.png','176.109.184.65','host65-184-109-176.lds.online',NULL,'Safari/18615.2.9.11.4 CFNetwork/1408.0.4 Darwin/22.5.0',NULL,NULL,NULL,1,1,404,1688984556,'0134f2e5bb0bb170ea1c27a9996a1aac',1,NULL,'a:5:{s:2:\"et\";d:0.08029999999999999638067293972198967821896076202392578125;s:2:\"mu\";d:13.230000000000000426325641456060111522674560546875;s:3:\"dbq\";i:31;s:3:\"dbt\";d:0.007499999999999999722444243843710864894092082977294921875;s:3:\"dsn\";s:57:\"mysql:host=wdmgroup.mysql.tools;dbname=wdmgroup_butterfly\";}'),(10,'https://demo.butterflycms.com/apple-touch-icon.png','176.109.184.65','host65-184-109-176.lds.online',NULL,'Safari/18615.2.9.11.4 CFNetwork/1408.0.4 Darwin/22.5.0',NULL,NULL,NULL,1,1,404,1688984556,'0134f2e5bb0bb170ea1c27a9996a1aac',1,NULL,'a:5:{s:2:\"et\";d:0.07019999999999999851230114700229023583233356475830078125;s:2:\"mu\";d:13.230000000000000426325641456060111522674560546875;s:3:\"dbq\";i:31;s:3:\"dbt\";d:0.006799999999999999621136392846665330580435693264007568359375;s:3:\"dsn\";s:57:\"mysql:host=wdmgroup.mysql.tools;dbname=wdmgroup_butterfly\";}'),(11,'https://demo.butterflycms.com/apple-touch-icon-precomposed.png','176.109.184.65','host65-184-109-176.lds.online',NULL,'Safari/18615.2.9.11.4 CFNetwork/1408.0.4 Darwin/22.5.0',NULL,NULL,NULL,1,1,404,1688984557,'0134f2e5bb0bb170ea1c27a9996a1aac',1,NULL,'a:5:{s:2:\"et\";d:0.07290000000000000646149800331841106526553630828857421875;s:2:\"mu\";d:13.230000000000000426325641456060111522674560546875;s:3:\"dbq\";i:31;s:3:\"dbt\";d:0.0074000000000000003275157922644211794249713420867919921875;s:3:\"dsn\";s:57:\"mysql:host=wdmgroup.mysql.tools;dbname=wdmgroup_butterfly\";}'),(12,'https://demo.butterflycms.com/apple-touch-icon.png','176.109.184.65','host65-184-109-176.lds.online',NULL,'Safari/18615.2.9.11.4 CFNetwork/1408.0.4 Darwin/22.5.0',NULL,NULL,NULL,1,1,404,1688984557,'0134f2e5bb0bb170ea1c27a9996a1aac',1,NULL,'a:5:{s:2:\"et\";d:0.07190000000000000557331958361828583292663097381591796875;s:2:\"mu\";d:13.230000000000000426325641456060111522674560546875;s:3:\"dbq\";i:31;s:3:\"dbt\";d:0.007000000000000000145716771982051795930601656436920166015625;s:3:\"dsn\";s:57:\"mysql:host=wdmgroup.mysql.tools;dbname=wdmgroup_butterfly\";}'),(13,'https://demo.butterflycms.com/apple-touch-icon-precomposed.png','176.109.184.65','host65-184-109-176.lds.online',NULL,'Safari/18615.2.9.11.4 CFNetwork/1408.0.4 Darwin/22.5.0',NULL,NULL,NULL,1,1,404,1688984741,'0134f2e5bb0bb170ea1c27a9996a1aac',1,NULL,'a:5:{s:2:\"et\";d:0.08309999999999999331645739175655762664973735809326171875;s:2:\"mu\";d:13.2400000000000002131628207280300557613372802734375;s:3:\"dbq\";i:31;s:3:\"dbt\";d:0.00839999999999999948097073598773931735195219516754150390625;s:3:\"dsn\";s:57:\"mysql:host=wdmgroup.mysql.tools;dbname=wdmgroup_butterfly\";}'),(14,'https://demo.butterflycms.com/apple-touch-icon.png','176.109.184.65','host65-184-109-176.lds.online',NULL,'Safari/18615.2.9.11.4 CFNetwork/1408.0.4 Darwin/22.5.0',NULL,NULL,NULL,1,1,404,1688984741,'0134f2e5bb0bb170ea1c27a9996a1aac',1,NULL,'a:5:{s:2:\"et\";d:0.0745999999999999996447286321199499070644378662109375;s:2:\"mu\";d:13.2400000000000002131628207280300557613372802734375;s:3:\"dbq\";i:31;s:3:\"dbt\";d:0.00710000000000000040800696154974502860568463802337646484375;s:3:\"dsn\";s:57:\"mysql:host=wdmgroup.mysql.tools;dbname=wdmgroup_butterfly\";}'),(15,'https://demo.butterflycms.com/apple-touch-icon-precomposed.png','176.109.184.65','host65-184-109-176.lds.online',NULL,'Safari/18615.2.9.11.4 CFNetwork/1408.0.4 Darwin/22.5.0',NULL,NULL,NULL,1,1,404,1688985211,'0134f2e5bb0bb170ea1c27a9996a1aac',1,NULL,'a:5:{s:2:\"et\";d:0.07149999999999999411581796948667033575475215911865234375;s:2:\"mu\";d:13.2400000000000002131628207280300557613372802734375;s:3:\"dbq\";i:31;s:3:\"dbt\";d:0.00710000000000000040800696154974502860568463802337646484375;s:3:\"dsn\";s:57:\"mysql:host=wdmgroup.mysql.tools;dbname=wdmgroup_butterfly\";}'),(16,'https://demo.butterflycms.com/apple-touch-icon.png','176.109.184.65','host65-184-109-176.lds.online',NULL,'Safari/18615.2.9.11.4 CFNetwork/1408.0.4 Darwin/22.5.0',NULL,NULL,NULL,1,1,404,1688985212,'0134f2e5bb0bb170ea1c27a9996a1aac',1,NULL,'a:5:{s:2:\"et\";d:0.06840000000000000246469511466784751974046230316162109375;s:2:\"mu\";d:13.2400000000000002131628207280300557613372802734375;s:3:\"dbq\";i:31;s:3:\"dbt\";d:0.00659999999999999996391775169968241243623197078704833984375;s:3:\"dsn\";s:57:\"mysql:host=wdmgroup.mysql.tools;dbname=wdmgroup_butterfly\";}'),(17,'https://demo.butterflycms.com/apple-touch-icon-precomposed.png','176.109.184.65','host65-184-109-176.lds.online',NULL,'Safari/18615.2.9.11.4 CFNetwork/1408.0.4 Darwin/22.5.0',NULL,NULL,NULL,1,1,404,1688985213,'0134f2e5bb0bb170ea1c27a9996a1aac',1,NULL,'a:5:{s:2:\"et\";d:0.06660000000000000641708908233340480364859104156494140625;s:2:\"mu\";d:13.2400000000000002131628207280300557613372802734375;s:3:\"dbq\";i:31;s:3:\"dbt\";d:0.006100000000000000387190279838023343472741544246673583984375;s:3:\"dsn\";s:57:\"mysql:host=wdmgroup.mysql.tools;dbname=wdmgroup_butterfly\";}'),(18,'https://demo.butterflycms.com/apple-touch-icon.png','176.109.184.65','host65-184-109-176.lds.online',NULL,'Safari/18615.2.9.11.4 CFNetwork/1408.0.4 Darwin/22.5.0',NULL,NULL,NULL,1,1,404,1688985213,'0134f2e5bb0bb170ea1c27a9996a1aac',1,NULL,'a:5:{s:2:\"et\";d:0.0647999999999999964916952421845053322613239288330078125;s:2:\"mu\";d:13.2400000000000002131628207280300557613372802734375;s:3:\"dbq\";i:31;s:3:\"dbt\";d:0.00600000000000000012490009027033011079765856266021728515625;s:3:\"dsn\";s:57:\"mysql:host=wdmgroup.mysql.tools;dbname=wdmgroup_butterfly\";}'),(19,'https://demo.butterflycms.com/','179.104.32.74','179-104-032-74.xd-dynamic.algarnetsuper.com.br',100,'Mozilla/5.0 (Windows NT 10.0; Win64; x64) AppleWebKit/537.36 (KHTML, like Gecko) Chrome/114.0.0.0 Safari/537.36',NULL,NULL,NULL,1,1,200,1688997505,'4082422ffa7d568176d0a666b3109766',1,NULL,'a:5:{s:2:\"et\";d:0.6149999999999999911182158029987476766109466552734375;s:2:\"mu\";d:13.5800000000000000710542735760100185871124267578125;s:3:\"dbq\";i:38;s:3:\"dbt\";d:0.01050000000000000065225602696727946749888360500335693359375;s:3:\"dsn\";s:57:\"mysql:host=wdmgroup.mysql.tools;dbname=wdmgroup_butterfly\";}'),(20,'https://demo.butterflycms.com/logout','179.104.32.74','179-104-032-74.xd-dynamic.algarnetsuper.com.br',NULL,'Mozilla/5.0 (Windows NT 10.0; Win64; x64) AppleWebKit/537.36 (KHTML, like Gecko) Chrome/114.0.0.0 Safari/537.36','https://demo.butterflycms.com/','demo.butterflycms.com',NULL,1,2,302,1688997510,'a248ba3f61d2660a4519c9a54528f2a9',1,NULL,'a:5:{s:2:\"et\";d:0.06389999999999999846789222601728397421538829803466796875;s:2:\"mu\";d:13.519999999999999573674358543939888477325439453125;s:3:\"dbq\";i:36;s:3:\"dbt\";d:0.006700000000000000226207941267375645111314952373504638671875;s:3:\"dsn\";s:57:\"mysql:host=wdmgroup.mysql.tools;dbname=wdmgroup_butterfly\";}'),(21,'https://demo.butterflycms.com/','179.104.32.74','179-104-032-74.xd-dynamic.algarnetsuper.com.br',NULL,'Mozilla/5.0 (Windows NT 10.0; Win64; x64) AppleWebKit/537.36 (KHTML, like Gecko) Chrome/114.0.0.0 Safari/537.36','https://demo.butterflycms.com/','demo.butterflycms.com',NULL,1,2,200,1688997510,'a248ba3f61d2660a4519c9a54528f2a9',1,NULL,'a:5:{s:2:\"et\";d:0.0647999999999999964916952421845053322613239288330078125;s:2:\"mu\";d:13.57000000000000028421709430404007434844970703125;s:3:\"dbq\";i:32;s:3:\"dbt\";d:0.006199999999999999782118731417313028941862285137176513671875;s:3:\"dsn\";s:57:\"mysql:host=wdmgroup.mysql.tools;dbname=wdmgroup_butterfly\";}'),(22,'https://demo.butterflycms.com/','66.249.70.199','crawl-66-249-70-199.googlebot.com',NULL,'Mozilla/5.0 (Linux; Android 6.0.1; Nexus 5X Build/MMB29P) AppleWebKit/537.36 (KHTML, like Gecko) Chrome/114.0.5735.179 Mobile Safari/537.36 (compatible; Googlebot/2.1; +http://www.google.com/bot.html)',NULL,NULL,2,1,1,200,1689012629,'9f825c39764d8a0ce80846dc4246c3c0',1,NULL,'a:5:{s:2:\"et\";d:0.10879999999999999393818228554664528928697109222412109375;s:2:\"mu\";d:13.4199999999999999289457264239899814128875732421875;s:3:\"dbq\";i:33;s:3:\"dbt\";d:0.01409999999999999968636199554339327733032405376434326171875;s:3:\"dsn\";s:57:\"mysql:host=wdmgroup.mysql.tools;dbname=wdmgroup_butterfly\";}'),(23,'https://demo.butterflycms.com/','66.249.70.197','crawl-66-249-70-197.googlebot.com',NULL,'Mozilla/5.0 (compatible; Googlebot/2.1; +http://www.google.com/bot.html)',NULL,NULL,2,1,1,200,1689012644,'cf6b884c00bcf9f0927315875063caeb',1,NULL,'a:5:{s:2:\"et\";d:0.09840000000000000135447209004269097931683063507080078125;s:2:\"mu\";d:13.5600000000000004973799150320701301097869873046875;s:3:\"dbq\";i:32;s:3:\"dbt\";d:0.00820000000000000069111383282915994641371071338653564453125;s:3:\"dsn\";s:57:\"mysql:host=wdmgroup.mysql.tools;dbname=wdmgroup_butterfly\";}'),(24,'https://demo.butterflycms.com/','66.249.76.6','crawl-66-249-76-6.googlebot.com',NULL,'Mozilla/5.0 (Linux; Android 6.0.1; Nexus 5X Build/MMB29P) AppleWebKit/537.36 (KHTML, like Gecko) Chrome/99.0.4844.84 Mobile Safari/537.36 (compatible; Googlebot/2.1; +http://www.google.com/bot.html)',NULL,NULL,2,1,1,200,1689012645,'4ea551c71f018342e32e28b31d3af056',1,NULL,'a:5:{s:2:\"et\";d:0.0637999999999999956035168224843800999224185943603515625;s:2:\"mu\";d:13.5600000000000004973799150320701301097869873046875;s:3:\"dbq\";i:32;s:3:\"dbt\";d:0.00710000000000000040800696154974502860568463802337646484375;s:3:\"dsn\";s:57:\"mysql:host=wdmgroup.mysql.tools;dbname=wdmgroup_butterfly\";}'),(25,'https://demo.butterflycms.com/','66.249.76.8','crawl-66-249-76-8.googlebot.com',NULL,'Mozilla/5.0 (compatible; Googlebot/2.1; +http://www.google.com/bot.html)',NULL,NULL,2,1,1,200,1689017898,'c6a530ed8de3ed829d487aad206a0271',1,NULL,'a:5:{s:2:\"et\";d:0.06460000000000000464073224293315433897078037261962890625;s:2:\"mu\";d:13.4199999999999999289457264239899814128875732421875;s:3:\"dbq\";i:33;s:3:\"dbt\";d:0.0080999999999999995614619052730631665326654911041259765625;s:3:\"dsn\";s:57:\"mysql:host=wdmgroup.mysql.tools;dbname=wdmgroup_butterfly\";}'),(26,'https://demo.butterflycms.com/','104.193.255.68','.',100,'Mozilla/5.0 (Macintosh; Intel Mac OS X 10_15_7) AppleWebKit/605.1.15 (KHTML, like Gecko) Version/16.5 Safari/605.1.15',NULL,NULL,NULL,1,1,200,1689018385,'52b38f9152020a1c0d165cdb33ee949b',1,NULL,'a:5:{s:2:\"et\";d:0.1363999999999999934718886152040795423090457916259765625;s:2:\"mu\";d:14.3100000000000004973799150320701301097869873046875;s:3:\"dbq\";i:38;s:3:\"dbt\";d:0.008000000000000000166533453693773481063544750213623046875;s:3:\"dsn\";s:57:\"mysql:host=wdmgroup.mysql.tools;dbname=wdmgroup_butterfly\";}'),(27,'https://demo.butterflycms.com/apple-touch-icon-precomposed.png','104.193.255.68','.',NULL,'Safari/18615.2.9.11.4 CFNetwork/1408.0.4 Darwin/22.5.0',NULL,NULL,NULL,1,1,404,1689018393,'c38343c64277a3579b3b09473040489d',1,NULL,'a:5:{s:2:\"et\";d:0.0738999999999999934718886152040795423090457916259765625;s:2:\"mu\";d:13.230000000000000426325641456060111522674560546875;s:3:\"dbq\";i:31;s:3:\"dbt\";d:0.00820000000000000069111383282915994641371071338653564453125;s:3:\"dsn\";s:57:\"mysql:host=wdmgroup.mysql.tools;dbname=wdmgroup_butterfly\";}'),(28,'https://demo.butterflycms.com/','104.193.255.68','.',100,'Mozilla/5.0 (Macintosh; Intel Mac OS X 10_15_7) AppleWebKit/605.1.15 (KHTML, like Gecko) Version/16.5 Safari/605.1.15',NULL,NULL,NULL,1,1,200,1689018394,'52b38f9152020a1c0d165cdb33ee949b',1,NULL,'a:5:{s:2:\"et\";d:0.081100000000000005417888360170763917267322540283203125;s:2:\"mu\";d:14.28999999999999914734871708787977695465087890625;s:3:\"dbq\";i:37;s:3:\"dbt\";d:0.00880000000000000053013149425851224805228412151336669921875;s:3:\"dsn\";s:57:\"mysql:host=wdmgroup.mysql.tools;dbname=wdmgroup_butterfly\";}'),(29,'https://demo.butterflycms.com/apple-touch-icon.png','104.193.255.68','.',NULL,'Safari/18615.2.9.11.4 CFNetwork/1408.0.4 Darwin/22.5.0',NULL,NULL,NULL,1,1,404,1689018394,'c38343c64277a3579b3b09473040489d',1,NULL,'a:5:{s:2:\"et\";d:0.080100000000000004529709940470638684928417205810546875;s:2:\"mu\";d:13.230000000000000426325641456060111522674560546875;s:3:\"dbq\";i:31;s:3:\"dbt\";d:0.0080999999999999995614619052730631665326654911041259765625;s:3:\"dsn\";s:57:\"mysql:host=wdmgroup.mysql.tools;dbname=wdmgroup_butterfly\";}'),(30,'https://demo.butterflycms.com/apple-touch-icon-precomposed.png','104.193.255.68','.',NULL,'Safari/18615.2.9.11.4 CFNetwork/1408.0.4 Darwin/22.5.0',NULL,NULL,NULL,1,1,404,1689018394,'c38343c64277a3579b3b09473040489d',1,NULL,'a:5:{s:2:\"et\";d:0.06669999999999999540367667805185192264616489410400390625;s:2:\"mu\";d:13.230000000000000426325641456060111522674560546875;s:3:\"dbq\";i:31;s:3:\"dbt\";d:0.006199999999999999782118731417313028941862285137176513671875;s:3:\"dsn\";s:57:\"mysql:host=wdmgroup.mysql.tools;dbname=wdmgroup_butterfly\";}'),(31,'https://demo.butterflycms.com/apple-touch-icon.png','104.193.255.68','.',NULL,'Safari/18615.2.9.11.4 CFNetwork/1408.0.4 Darwin/22.5.0',NULL,NULL,NULL,1,1,404,1689018395,'c38343c64277a3579b3b09473040489d',1,NULL,'a:5:{s:2:\"et\";d:0.06769999999999999629185509775197715498507022857666015625;s:2:\"mu\";d:13.230000000000000426325641456060111522674560546875;s:3:\"dbq\";i:31;s:3:\"dbt\";d:0.0063000000000000000444089209850062616169452667236328125;s:3:\"dsn\";s:57:\"mysql:host=wdmgroup.mysql.tools;dbname=wdmgroup_butterfly\";}'),(32,'https://demo.butterflycms.com/','104.193.255.68','.',100,'Mozilla/5.0 (Macintosh; Intel Mac OS X 10_15_7) AppleWebKit/605.1.15 (KHTML, like Gecko) Version/16.5 Safari/605.1.15','https://demo.butterflycms.com/admin','demo.butterflycms.com',NULL,1,2,200,1689019010,'52b38f9152020a1c0d165cdb33ee949b',1,NULL,'a:5:{s:2:\"et\";d:0.07290000000000000646149800331841106526553630828857421875;s:2:\"mu\";d:14.28999999999999914734871708787977695465087890625;s:3:\"dbq\";i:37;s:3:\"dbt\";d:0.00889999999999999992505994583780193352140486240386962890625;s:3:\"dsn\";s:57:\"mysql:host=wdmgroup.mysql.tools;dbname=wdmgroup_butterfly\";}'),(33,'https://demo.butterflycms.com/about','104.193.255.68','.',100,'Mozilla/5.0 (Macintosh; Intel Mac OS X 10_15_7) AppleWebKit/605.1.15 (KHTML, like Gecko) Version/16.5 Safari/605.1.15','https://demo.butterflycms.com/','demo.butterflycms.com',NULL,1,2,200,1689019012,'52b38f9152020a1c0d165cdb33ee949b',1,NULL,'a:5:{s:2:\"et\";d:0.06990000000000000379696274421803536824882030487060546875;s:2:\"mu\";d:14.28999999999999914734871708787977695465087890625;s:3:\"dbq\";i:37;s:3:\"dbt\";d:0.00719999999999999980293541312903471407480537891387939453125;s:3:\"dsn\";s:57:\"mysql:host=wdmgroup.mysql.tools;dbname=wdmgroup_butterfly\";}'),(34,'https://demo.butterflycms.com/apple-touch-icon-precomposed.png','176.109.184.65','host65-184-109-176.lds.online',NULL,'Safari/18615.2.9.11.4 CFNetwork/1408.0.4 Darwin/22.5.0',NULL,NULL,NULL,1,1,404,1689054692,'c89637f4b49d4806a2145edc9e2a24cd',1,NULL,'a:5:{s:2:\"et\";d:0.168899999999999994582111639829236082732677459716796875;s:2:\"mu\";d:13.0999999999999996447286321199499070644378662109375;s:3:\"dbq\";i:32;s:3:\"dbt\";d:0.0092999999999999992394972281317677698098123073577880859375;s:3:\"dsn\";s:57:\"mysql:host=wdmgroup.mysql.tools;dbname=wdmgroup_butterfly\";}'),(35,'https://demo.butterflycms.com/apple-touch-icon.png','176.109.184.65','host65-184-109-176.lds.online',NULL,'Safari/18615.2.9.11.4 CFNetwork/1408.0.4 Darwin/22.5.0',NULL,NULL,NULL,1,1,404,1689054692,'c89637f4b49d4806a2145edc9e2a24cd',1,NULL,'a:5:{s:2:\"et\";d:0.07240000000000000601740879346834844909608364105224609375;s:2:\"mu\";d:13.2400000000000002131628207280300557613372802734375;s:3:\"dbq\";i:31;s:3:\"dbt\";d:0.00770000000000000024702462297909733024425804615020751953125;s:3:\"dsn\";s:57:\"mysql:host=wdmgroup.mysql.tools;dbname=wdmgroup_butterfly\";}'),(36,'https://demo.butterflycms.com/apple-touch-icon-precomposed.png','176.109.184.65','host65-184-109-176.lds.online',NULL,'Safari/18615.2.9.11.4 CFNetwork/1408.0.4 Darwin/22.5.0',NULL,NULL,NULL,1,1,404,1689054862,'c89637f4b49d4806a2145edc9e2a24cd',1,NULL,'a:5:{s:2:\"et\";d:0.0846999999999999975131004248396493494510650634765625;s:2:\"mu\";d:13.2400000000000002131628207280300557613372802734375;s:3:\"dbq\";i:31;s:3:\"dbt\";d:0.0092999999999999992394972281317677698098123073577880859375;s:3:\"dsn\";s:57:\"mysql:host=wdmgroup.mysql.tools;dbname=wdmgroup_butterfly\";}'),(37,'https://demo.butterflycms.com/apple-touch-icon.png','176.109.184.65','host65-184-109-176.lds.online',NULL,'Safari/18615.2.9.11.4 CFNetwork/1408.0.4 Darwin/22.5.0',NULL,NULL,NULL,1,1,404,1689054862,'c89637f4b49d4806a2145edc9e2a24cd',1,NULL,'a:5:{s:2:\"et\";d:0.07299999999999999544808559903685818426311016082763671875;s:2:\"mu\";d:13.2400000000000002131628207280300557613372802734375;s:3:\"dbq\";i:31;s:3:\"dbt\";d:0.0068999999999999998834265824143585632555186748504638671875;s:3:\"dsn\";s:57:\"mysql:host=wdmgroup.mysql.tools;dbname=wdmgroup_butterfly\";}'),(38,'https://demo.butterflycms.com/apple-touch-icon-precomposed.png','176.109.184.65','host65-184-109-176.lds.online',NULL,'Safari/18615.2.9.11.4 CFNetwork/1408.0.4 Darwin/22.5.0',NULL,NULL,NULL,1,1,404,1689054863,'c89637f4b49d4806a2145edc9e2a24cd',1,NULL,'a:5:{s:2:\"et\";d:0.07820000000000000561772850460329209454357624053955078125;s:2:\"mu\";d:13.2400000000000002131628207280300557613372802734375;s:3:\"dbq\";i:31;s:3:\"dbt\";d:0.0080999999999999995614619052730631665326654911041259765625;s:3:\"dsn\";s:57:\"mysql:host=wdmgroup.mysql.tools;dbname=wdmgroup_butterfly\";}'),(39,'https://demo.butterflycms.com/apple-touch-icon.png','176.109.184.65','host65-184-109-176.lds.online',NULL,'Safari/18615.2.9.11.4 CFNetwork/1408.0.4 Darwin/22.5.0',NULL,NULL,NULL,1,1,404,1689054863,'c89637f4b49d4806a2145edc9e2a24cd',1,NULL,'a:5:{s:2:\"et\";d:0.07399999999999999633626401873698341660201549530029296875;s:2:\"mu\";d:13.2400000000000002131628207280300557613372802734375;s:3:\"dbq\";i:31;s:3:\"dbt\";d:0.0086000000000000000055511151231257827021181583404541015625;s:3:\"dsn\";s:57:\"mysql:host=wdmgroup.mysql.tools;dbname=wdmgroup_butterfly\";}'),(40,'https://demo.butterflycms.com/apple-touch-icon-precomposed.png','176.109.184.65','host65-184-109-176.lds.online',NULL,'Safari/18615.2.9.11.4 CFNetwork/1408.0.4 Darwin/22.5.0',NULL,NULL,NULL,1,1,404,1689054965,'c89637f4b49d4806a2145edc9e2a24cd',1,NULL,'a:5:{s:2:\"et\";d:0.07699999999999999900079927783735911361873149871826171875;s:2:\"mu\";d:13.2400000000000002131628207280300557613372802734375;s:3:\"dbq\";i:31;s:3:\"dbt\";d:0.00830000000000000008604228440844963188283145427703857421875;s:3:\"dsn\";s:57:\"mysql:host=wdmgroup.mysql.tools;dbname=wdmgroup_butterfly\";}'),(41,'https://demo.butterflycms.com/apple-touch-icon.png','176.109.184.65','host65-184-109-176.lds.online',NULL,'Safari/18615.2.9.11.4 CFNetwork/1408.0.4 Darwin/22.5.0',NULL,NULL,NULL,1,1,404,1689054965,'c89637f4b49d4806a2145edc9e2a24cd',1,NULL,'a:5:{s:2:\"et\";d:0.07779999999999999416022689047167659737169742584228515625;s:2:\"mu\";d:13.2400000000000002131628207280300557613372802734375;s:3:\"dbq\";i:31;s:3:\"dbt\";d:0.007499999999999999722444243843710864894092082977294921875;s:3:\"dsn\";s:57:\"mysql:host=wdmgroup.mysql.tools;dbname=wdmgroup_butterfly\";}'),(42,'https://demo.butterflycms.com/','176.109.184.65','host65-184-109-176.lds.online',100,'Mozilla/5.0 (Macintosh; Intel Mac OS X 10_15_7) AppleWebKit/605.1.15 (KHTML, like Gecko) Version/16.5 Safari/605.1.15',NULL,NULL,NULL,1,1,200,1689054991,'bf056f767f91e939b1068b1d4446508a',1,NULL,'a:5:{s:2:\"et\";d:0.075100000000000000088817841970012523233890533447265625;s:2:\"mu\";d:14.28999999999999914734871708787977695465087890625;s:3:\"dbq\";i:37;s:3:\"dbt\";d:0.00779999999999999964195307455838701571337878704071044921875;s:3:\"dsn\";s:57:\"mysql:host=wdmgroup.mysql.tools;dbname=wdmgroup_butterfly\";}'),(43,'https://demo.butterflycms.com/','176.109.184.65','host65-184-109-176.lds.online',100,'Mozilla/5.0 (Macintosh; Intel Mac OS X 10_15_7) AppleWebKit/605.1.15 (KHTML, like Gecko) Version/16.5 Safari/605.1.15',NULL,NULL,NULL,1,1,200,1689055636,'bf056f767f91e939b1068b1d4446508a',1,NULL,'a:5:{s:2:\"et\";d:0.0718000000000000027089441800853819586336612701416015625;s:2:\"mu\";d:14.3100000000000004973799150320701301097869873046875;s:3:\"dbq\";i:36;s:3:\"dbt\";d:0.007599999999999999984734433411404097569175064563751220703125;s:3:\"dsn\";s:57:\"mysql:host=wdmgroup.mysql.tools;dbname=wdmgroup_butterfly\";}'),(44,'https://demo.butterflycms.com/','176.109.184.65','host65-184-109-176.lds.online',100,'Mozilla/5.0 (Macintosh; Intel Mac OS X 10_15_7) AppleWebKit/605.1.15 (KHTML, like Gecko) Version/16.5 Safari/605.1.15',NULL,NULL,NULL,1,1,200,1689055644,'bf056f767f91e939b1068b1d4446508a',1,NULL,'a:5:{s:2:\"et\";d:0.0738000000000000044853010194856324233114719390869140625;s:2:\"mu\";d:14.28999999999999914734871708787977695465087890625;s:3:\"dbq\";i:37;s:3:\"dbt\";d:0.00839999999999999948097073598773931735195219516754150390625;s:3:\"dsn\";s:57:\"mysql:host=wdmgroup.mysql.tools;dbname=wdmgroup_butterfly\";}'),(45,'https://demo.butterflycms.com/','176.109.184.65','host65-184-109-176.lds.online',100,'Mozilla/5.0 (Macintosh; Intel Mac OS X 10_15_7) AppleWebKit/605.1.15 (KHTML, like Gecko) Version/16.5 Safari/605.1.15',NULL,NULL,NULL,1,1,200,1689055648,'bf056f767f91e939b1068b1d4446508a',1,NULL,'a:5:{s:2:\"et\";d:0.080100000000000004529709940470638684928417205810546875;s:2:\"mu\";d:14.28999999999999914734871708787977695465087890625;s:3:\"dbq\";i:36;s:3:\"dbt\";d:0.00779999999999999964195307455838701571337878704071044921875;s:3:\"dsn\";s:57:\"mysql:host=wdmgroup.mysql.tools;dbname=wdmgroup_butterfly\";}'),(46,'https://demo.butterflycms.com/pages','176.109.184.65','host65-184-109-176.lds.online',100,'Mozilla/5.0 (Macintosh; Intel Mac OS X 10_15_7) AppleWebKit/605.1.15 (KHTML, like Gecko) Version/16.5 Safari/605.1.15',NULL,NULL,NULL,1,1,404,1689055652,'bf056f767f91e939b1068b1d4446508a',1,NULL,'a:5:{s:2:\"et\";d:0.0743999999999999939159778250541421584784984588623046875;s:2:\"mu\";d:13.8599999999999994315658113919198513031005859375;s:3:\"dbq\";i:35;s:3:\"dbt\";d:0.0068999999999999998834265824143585632555186748504638671875;s:3:\"dsn\";s:57:\"mysql:host=wdmgroup.mysql.tools;dbname=wdmgroup_butterfly\";}'),(47,'https://demo.butterflycms.com/favicon.png','176.109.184.65','host65-184-109-176.lds.online',100,'Mozilla/5.0 (Macintosh; Intel Mac OS X 10_15_7) AppleWebKit/605.1.15 (KHTML, like Gecko) Version/16.5 Safari/605.1.15','https://demo.butterflycms.com/pages','demo.butterflycms.com',NULL,1,2,404,1689055653,'bf056f767f91e939b1068b1d4446508a',1,NULL,'a:5:{s:2:\"et\";d:0.07829999999999999460431610032173921354115009307861328125;s:2:\"mu\";d:14.03999999999999914734871708787977695465087890625;s:3:\"dbq\";i:35;s:3:\"dbt\";d:0.007499999999999999722444243843710864894092082977294921875;s:3:\"dsn\";s:57:\"mysql:host=wdmgroup.mysql.tools;dbname=wdmgroup_butterfly\";}'),(48,'https://demo.butterflycms.com/pages/home','176.109.184.65','host65-184-109-176.lds.online',100,'Mozilla/5.0 (Macintosh; Intel Mac OS X 10_15_7) AppleWebKit/605.1.15 (KHTML, like Gecko) Version/16.5 Safari/605.1.15',NULL,NULL,NULL,1,1,404,1689055658,'bf056f767f91e939b1068b1d4446508a',1,NULL,'a:7:{s:5:\"route\";s:5:\"pages\";s:5:\"alias\";s:4:\"home\";s:2:\"et\";d:0.0768999999999999961364238743044552393257617950439453125;s:2:\"mu\";d:14;s:3:\"dbq\";i:45;s:3:\"dbt\";d:0.00830000000000000008604228440844963188283145427703857421875;s:3:\"dsn\";s:57:\"mysql:host=wdmgroup.mysql.tools;dbname=wdmgroup_butterfly\";}'),(49,'https://demo.butterflycms.com/pages/home','176.109.184.65','host65-184-109-176.lds.online',100,'Mozilla/5.0 (Macintosh; Intel Mac OS X 10_15_7) AppleWebKit/605.1.15 (KHTML, like Gecko) Version/16.5 Safari/605.1.15',NULL,NULL,NULL,1,1,404,1689055664,'bf056f767f91e939b1068b1d4446508a',1,NULL,'a:7:{s:5:\"route\";s:5:\"pages\";s:5:\"alias\";s:4:\"home\";s:2:\"et\";d:0.0728000000000000035971225997855071909725666046142578125;s:2:\"mu\";d:14;s:3:\"dbq\";i:45;s:3:\"dbt\";d:0.00779999999999999964195307455838701571337878704071044921875;s:3:\"dsn\";s:57:\"mysql:host=wdmgroup.mysql.tools;dbname=wdmgroup_butterfly\";}'),(50,'https://demo.butterflycms.com/uk/pages/golovna','176.109.184.65','host65-184-109-176.lds.online',100,'Mozilla/5.0 (Macintosh; Intel Mac OS X 10_15_7) AppleWebKit/605.1.15 (KHTML, like Gecko) Version/16.5 Safari/605.1.15',NULL,NULL,NULL,1,1,404,1689055783,'bf056f767f91e939b1068b1d4446508a',1,NULL,'a:8:{s:4:\"lang\";s:2:\"uk\";s:5:\"route\";s:5:\"pages\";s:5:\"alias\";s:7:\"golovna\";s:2:\"et\";d:0.07249999999999999500399638918679556809365749359130859375;s:2:\"mu\";d:13.9900000000000002131628207280300557613372802734375;s:3:\"dbq\";i:46;s:3:\"dbt\";d:0.0074000000000000003275157922644211794249713420867919921875;s:3:\"dsn\";s:57:\"mysql:host=wdmgroup.mysql.tools;dbname=wdmgroup_butterfly\";}'),(51,'https://demo.butterflycms.com/pages/home','176.109.184.65','host65-184-109-176.lds.online',100,'Mozilla/5.0 (Macintosh; Intel Mac OS X 10_15_7) AppleWebKit/605.1.15 (KHTML, like Gecko) Version/16.5 Safari/605.1.15',NULL,NULL,NULL,1,1,404,1689055890,'bf056f767f91e939b1068b1d4446508a',1,NULL,'a:7:{s:5:\"route\";s:5:\"pages\";s:5:\"alias\";s:4:\"home\";s:2:\"et\";d:0.07470000000000000250910403565285378135740756988525390625;s:2:\"mu\";d:14;s:3:\"dbq\";i:45;s:3:\"dbt\";d:0.00770000000000000024702462297909733024425804615020751953125;s:3:\"dsn\";s:57:\"mysql:host=wdmgroup.mysql.tools;dbname=wdmgroup_butterfly\";}'),(52,'https://demo.butterflycms.com/turbo/feed.xml','176.109.184.65','host65-184-109-176.lds.online',100,'Mozilla/5.0 (Macintosh; Intel Mac OS X 10_15_7) AppleWebKit/605.1.15 (KHTML, like Gecko) Version/16.5 Safari/605.1.15',NULL,NULL,NULL,1,1,200,1689061357,'bf056f767f91e939b1068b1d4446508a',1,NULL,'a:5:{s:2:\"et\";d:0.1771000000000000074162898044960456900298595428466796875;s:2:\"mu\";d:14.17999999999999971578290569595992565155029296875;s:3:\"dbq\";i:43;s:3:\"dbt\";d:0.0126999999999999994837462935493022087030112743377685546875;s:3:\"dsn\";s:57:\"mysql:host=wdmgroup.mysql.tools;dbname=wdmgroup_butterfly\";}'),(53,'https://demo.butterflycms.com/amp/pages/home','176.109.184.65','host65-184-109-176.lds.online',100,'Mozilla/5.0 (Macintosh; Intel Mac OS X 10_15_7) AppleWebKit/605.1.15 (KHTML, like Gecko) Version/16.5 Safari/605.1.15',NULL,NULL,NULL,1,1,404,1689061372,'bf056f767f91e939b1068b1d4446508a',1,NULL,'a:8:{s:4:\"lang\";s:3:\"amp\";s:5:\"route\";s:5:\"pages\";s:5:\"alias\";s:4:\"home\";s:2:\"et\";d:0.07929999999999999549249452002186444588005542755126953125;s:2:\"mu\";d:13.9900000000000002131628207280300557613372802734375;s:3:\"dbq\";i:44;s:3:\"dbt\";d:0.0079000000000000007716050021144837955944240093231201171875;s:3:\"dsn\";s:57:\"mysql:host=wdmgroup.mysql.tools;dbname=wdmgroup_butterfly\";}'),(54,'https://demo.butterflycms.com/uk/pages/golovna','176.109.184.65','host65-184-109-176.lds.online',100,'Mozilla/5.0 (Macintosh; Intel Mac OS X 10_15_7) AppleWebKit/605.1.15 (KHTML, like Gecko) Version/16.5 Safari/605.1.15',NULL,NULL,NULL,1,1,404,1689061932,'bf056f767f91e939b1068b1d4446508a',1,NULL,'a:8:{s:4:\"lang\";s:2:\"uk\";s:5:\"route\";s:5:\"pages\";s:5:\"alias\";s:7:\"golovna\";s:2:\"et\";d:0.104300000000000003819167204710538499057292938232421875;s:2:\"mu\";d:14;s:3:\"dbq\";i:48;s:3:\"dbt\";d:0.01290000000000000000832667268468867405317723751068115234375;s:3:\"dsn\";s:57:\"mysql:host=wdmgroup.mysql.tools;dbname=wdmgroup_butterfly\";}'),(55,'https://demo.butterflycms.com/favicon.png','176.109.184.65','host65-184-109-176.lds.online',100,'Mozilla/5.0 (Macintosh; Intel Mac OS X 10_15_7) AppleWebKit/605.1.15 (KHTML, like Gecko) Version/16.5 Safari/605.1.15','https://demo.butterflycms.com/uk/pages/golovna','demo.butterflycms.com',NULL,1,2,404,1689061932,'bf056f767f91e939b1068b1d4446508a',1,NULL,'a:5:{s:2:\"et\";d:0.09610000000000000486277684785818564705550670623779296875;s:2:\"mu\";d:14.03999999999999914734871708787977695465087890625;s:3:\"dbq\";i:35;s:3:\"dbt\";d:0.01129999999999999928113059155521114007569849491119384765625;s:3:\"dsn\";s:57:\"mysql:host=wdmgroup.mysql.tools;dbname=wdmgroup_butterfly\";}'),(56,'https://demo.butterflycms.com/pages/home','176.109.184.65','host65-184-109-176.lds.online',100,'Mozilla/5.0 (Macintosh; Intel Mac OS X 10_15_7) AppleWebKit/605.1.15 (KHTML, like Gecko) Version/16.5 Safari/605.1.15',NULL,NULL,NULL,1,1,404,1689062982,'bf056f767f91e939b1068b1d4446508a',1,NULL,'a:7:{s:5:\"route\";s:5:\"pages\";s:5:\"alias\";s:4:\"home\";s:2:\"et\";d:0.1887000000000000066169292267659329809248447418212890625;s:2:\"mu\";d:14;s:3:\"dbq\";i:45;s:3:\"dbt\";d:0.00959999999999999915900605884644392062909901142120361328125;s:3:\"dsn\";s:57:\"mysql:host=wdmgroup.mysql.tools;dbname=wdmgroup_butterfly\";}'),(57,'https://demo.butterflycms.com/pages/home/about','176.109.184.65','host65-184-109-176.lds.online',100,'Mozilla/5.0 (Macintosh; Intel Mac OS X 10_15_7) AppleWebKit/605.1.15 (KHTML, like Gecko) Version/16.5 Safari/605.1.15',NULL,NULL,NULL,1,1,200,1689062983,'bf056f767f91e939b1068b1d4446508a',1,NULL,'a:7:{s:5:\"route\";s:10:\"pages/home\";s:5:\"alias\";s:5:\"about\";s:2:\"et\";d:0.07760000000000000230926389122032560408115386962890625;s:2:\"mu\";d:14.42999999999999971578290569595992565155029296875;s:3:\"dbq\";i:43;s:3:\"dbt\";d:0.00899999999999999931998839741709161899052560329437255859375;s:3:\"dsn\";s:57:\"mysql:host=wdmgroup.mysql.tools;dbname=wdmgroup_butterfly\";}'),(58,'https://demo.butterflycms.com/uk/pages/golovna/pro-nas','176.109.184.65','host65-184-109-176.lds.online',100,'Mozilla/5.0 (Macintosh; Intel Mac OS X 10_15_7) AppleWebKit/605.1.15 (KHTML, like Gecko) Version/16.5 Safari/605.1.15','https://demo.butterflycms.com/admin/menu/list/index','demo.butterflycms.com',NULL,1,2,200,1689063036,'bf056f767f91e939b1068b1d4446508a',1,NULL,'a:8:{s:4:\"lang\";s:2:\"uk\";s:5:\"route\";s:13:\"pages/golovna\";s:5:\"alias\";s:7:\"pro-nas\";s:2:\"et\";d:0.08459999999999999464872502130674547515809535980224609375;s:2:\"mu\";d:14.42999999999999971578290569595992565155029296875;s:3:\"dbq\";i:43;s:3:\"dbt\";d:0.00970000000000000028865798640254070051014423370361328125;s:3:\"dsn\";s:57:\"mysql:host=wdmgroup.mysql.tools;dbname=wdmgroup_butterfly\";}'),(59,'https://demo.butterflycms.com/','176.109.184.65','host65-184-109-176.lds.online',100,'Mozilla/5.0 (Macintosh; Intel Mac OS X 10_15_7) AppleWebKit/605.1.15 (KHTML, like Gecko) Version/16.5 Safari/605.1.15','https://demo.butterflycms.com/admin/options/options/index?OptionsSearch%5Bparam%5D=pages.baseRoute&OptionsSearch%5Bvalue%5D=&OptionsSearch%5Bdefault%5D=&OptionsSearch%5Btype%5D=*&OptionsSearch%5Bautoload%5D=*','demo.butterflycms.com',NULL,1,2,200,1689063205,'bf056f767f91e939b1068b1d4446508a',1,NULL,'a:5:{s:2:\"et\";d:0.09139999999999999513722315214181435294449329376220703125;s:2:\"mu\";d:14.28999999999999914734871708787977695465087890625;s:3:\"dbq\";i:36;s:3:\"dbt\";d:0.00869999999999999940047956670241546817123889923095703125;s:3:\"dsn\";s:57:\"mysql:host=wdmgroup.mysql.tools;dbname=wdmgroup_butterfly\";}'),(60,'https://demo.butterflycms.com/about','176.109.184.65','host65-184-109-176.lds.online',100,'Mozilla/5.0 (Macintosh; Intel Mac OS X 10_15_7) AppleWebKit/605.1.15 (KHTML, like Gecko) Version/16.5 Safari/605.1.15','https://demo.butterflycms.com/','demo.butterflycms.com',NULL,1,2,200,1689063208,'bf056f767f91e939b1068b1d4446508a',1,NULL,'a:5:{s:2:\"et\";d:0.0806999999999999939603867460391484200954437255859375;s:2:\"mu\";d:14.28999999999999914734871708787977695465087890625;s:3:\"dbq\";i:36;s:3:\"dbt\";d:0.00899999999999999931998839741709161899052560329437255859375;s:3:\"dsn\";s:57:\"mysql:host=wdmgroup.mysql.tools;dbname=wdmgroup_butterfly\";}'),(61,'https://demo.butterflycms.com/about','176.109.184.65','host65-184-109-176.lds.online',100,'Mozilla/5.0 (Macintosh; Intel Mac OS X 10_15_7) AppleWebKit/605.1.15 (KHTML, like Gecko) Version/16.5 Safari/605.1.15','https://demo.butterflycms.com/','demo.butterflycms.com',NULL,1,2,200,1689063211,'bf056f767f91e939b1068b1d4446508a',1,NULL,'a:5:{s:2:\"et\";d:0.07370000000000000162092561595272854901850223541259765625;s:2:\"mu\";d:14.28999999999999914734871708787977695465087890625;s:3:\"dbq\";i:36;s:3:\"dbt\";d:0.007300000000000000065225602696727946749888360500335693359375;s:3:\"dsn\";s:57:\"mysql:host=wdmgroup.mysql.tools;dbname=wdmgroup_butterfly\";}'),(62,'https://demo.butterflycms.com/home','176.109.184.65','host65-184-109-176.lds.online',100,'Mozilla/5.0 (Macintosh; Intel Mac OS X 10_15_7) AppleWebKit/605.1.15 (KHTML, like Gecko) Version/16.5 Safari/605.1.15','https://demo.butterflycms.com/admin/pages','demo.butterflycms.com',NULL,1,2,404,1689063224,'bf056f767f91e939b1068b1d4446508a',1,NULL,'a:5:{s:2:\"et\";d:0.07679999999999999327204847077155136503279209136962890625;s:2:\"mu\";d:13.8599999999999994315658113919198513031005859375;s:3:\"dbq\";i:35;s:3:\"dbt\";d:0.00770000000000000024702462297909733024425804615020751953125;s:3:\"dsn\";s:57:\"mysql:host=wdmgroup.mysql.tools;dbname=wdmgroup_butterfly\";}'),(63,'https://demo.butterflycms.com/favicon.png','176.109.184.65','host65-184-109-176.lds.online',100,'Mozilla/5.0 (Macintosh; Intel Mac OS X 10_15_7) AppleWebKit/605.1.15 (KHTML, like Gecko) Version/16.5 Safari/605.1.15','https://demo.butterflycms.com/home','demo.butterflycms.com',NULL,1,2,404,1689063225,'bf056f767f91e939b1068b1d4446508a',1,NULL,'a:5:{s:2:\"et\";d:0.0808999999999999996891375531049561686813831329345703125;s:2:\"mu\";d:14.03999999999999914734871708787977695465087890625;s:3:\"dbq\";i:35;s:3:\"dbt\";d:0.00889999999999999992505994583780193352140486240386962890625;s:3:\"dsn\";s:57:\"mysql:host=wdmgroup.mysql.tools;dbname=wdmgroup_butterfly\";}'),(64,'https://demo.butterflycms.com/home/about','176.109.184.65','host65-184-109-176.lds.online',100,'Mozilla/5.0 (Macintosh; Intel Mac OS X 10_15_7) AppleWebKit/605.1.15 (KHTML, like Gecko) Version/16.5 Safari/605.1.15','https://demo.butterflycms.com/admin/pages','demo.butterflycms.com',NULL,1,2,404,1689063229,'bf056f767f91e939b1068b1d4446508a',1,NULL,'a:7:{s:5:\"route\";s:4:\"home\";s:5:\"alias\";s:5:\"about\";s:2:\"et\";d:0.07620000000000000384137166520304162986576557159423828125;s:2:\"mu\";d:14;s:3:\"dbq\";i:45;s:3:\"dbt\";d:0.00880000000000000053013149425851224805228412151336669921875;s:3:\"dsn\";s:57:\"mysql:host=wdmgroup.mysql.tools;dbname=wdmgroup_butterfly\";}'),(65,'https://demo.butterflycms.com/en/home/about','176.109.184.65','host65-184-109-176.lds.online',100,'Mozilla/5.0 (Macintosh; Intel Mac OS X 10_15_7) AppleWebKit/605.1.15 (KHTML, like Gecko) Version/16.5 Safari/605.1.15',NULL,NULL,NULL,1,1,404,1689063237,'bf056f767f91e939b1068b1d4446508a',1,NULL,'a:8:{s:4:\"lang\";s:2:\"en\";s:5:\"route\";s:4:\"home\";s:5:\"alias\";s:5:\"about\";s:2:\"et\";d:0.095200000000000006838973831690964289009571075439453125;s:2:\"mu\";d:13.9700000000000006394884621840901672840118408203125;s:3:\"dbq\";i:46;s:3:\"dbt\";d:0.01060000000000000004718447854656915296800434589385986328125;s:3:\"dsn\";s:57:\"mysql:host=wdmgroup.mysql.tools;dbname=wdmgroup_butterfly\";}'),(66,'https://demo.butterflycms.com/ru/pages/glavnaa/o-nas','176.109.184.65','host65-184-109-176.lds.online',100,'Mozilla/5.0 (Macintosh; Intel Mac OS X 10_15_7) AppleWebKit/605.1.15 (KHTML, like Gecko) Version/16.5 Safari/605.1.15',NULL,NULL,NULL,1,1,404,1689063248,'bf056f767f91e939b1068b1d4446508a',1,NULL,'a:8:{s:4:\"lang\";s:2:\"ru\";s:5:\"route\";s:13:\"pages/glavnaa\";s:5:\"alias\";s:5:\"o-nas\";s:2:\"et\";d:0.077100000000000001865174681370262987911701202392578125;s:2:\"mu\";d:14.089999999999999857891452847979962825775146484375;s:3:\"dbq\";i:49;s:3:\"dbt\";d:0.00880000000000000053013149425851224805228412151336669921875;s:3:\"dsn\";s:57:\"mysql:host=wdmgroup.mysql.tools;dbname=wdmgroup_butterfly\";}'),(67,'https://demo.butterflycms.com/ru/pages/glavnaa','176.109.184.65','host65-184-109-176.lds.online',100,'Mozilla/5.0 (Macintosh; Intel Mac OS X 10_15_7) AppleWebKit/605.1.15 (KHTML, like Gecko) Version/16.5 Safari/605.1.15',NULL,NULL,NULL,1,1,404,1689063251,'bf056f767f91e939b1068b1d4446508a',1,NULL,'a:8:{s:4:\"lang\";s:2:\"ru\";s:5:\"route\";s:5:\"pages\";s:5:\"alias\";s:7:\"glavnaa\";s:2:\"et\";d:0.08309999999999999331645739175655762664973735809326171875;s:2:\"mu\";d:14.050000000000000710542735760100185871124267578125;s:3:\"dbq\";i:47;s:3:\"dbt\";d:0.00970000000000000028865798640254070051014423370361328125;s:3:\"dsn\";s:57:\"mysql:host=wdmgroup.mysql.tools;dbname=wdmgroup_butterfly\";}'),(68,'https://demo.butterflycms.com/ru/pages/glavnaa/o-nas','176.109.184.65','host65-184-109-176.lds.online',100,'Mozilla/5.0 (Macintosh; Intel Mac OS X 10_15_7) AppleWebKit/605.1.15 (KHTML, like Gecko) Version/16.5 Safari/605.1.15',NULL,NULL,NULL,1,1,404,1689063261,'bf056f767f91e939b1068b1d4446508a',1,NULL,'a:8:{s:4:\"lang\";s:2:\"ru\";s:5:\"route\";s:13:\"pages/glavnaa\";s:5:\"alias\";s:5:\"o-nas\";s:2:\"et\";d:0.09059999999999999997779553950749686919152736663818359375;s:2:\"mu\";d:14.089999999999999857891452847979962825775146484375;s:3:\"dbq\";i:49;s:3:\"dbt\";d:0.011400000000000000410782519111307919956743717193603515625;s:3:\"dsn\";s:57:\"mysql:host=wdmgroup.mysql.tools;dbname=wdmgroup_butterfly\";}'),(69,'https://demo.butterflycms.com/ru/pages/glavnaa/o-nas','176.109.184.65','host65-184-109-176.lds.online',100,'Mozilla/5.0 (Macintosh; Intel Mac OS X 10_15_7) AppleWebKit/605.1.15 (KHTML, like Gecko) Version/16.5 Safari/605.1.15',NULL,NULL,NULL,1,1,404,1689063277,'bf056f767f91e939b1068b1d4446508a',1,NULL,'a:8:{s:4:\"lang\";s:2:\"ru\";s:5:\"route\";s:13:\"pages/glavnaa\";s:5:\"alias\";s:5:\"o-nas\";s:2:\"et\";d:0.088200000000000000621724893790087662637233734130859375;s:2:\"mu\";d:14.089999999999999857891452847979962825775146484375;s:3:\"dbq\";i:49;s:3:\"dbt\";d:0.010899999999999999966693309261245303787291049957275390625;s:3:\"dsn\";s:57:\"mysql:host=wdmgroup.mysql.tools;dbname=wdmgroup_butterfly\";}'),(70,'https://demo.butterflycms.com/ru/glavnaa/o-nas/','176.109.184.65','host65-184-109-176.lds.online',100,'Mozilla/5.0 (Macintosh; Intel Mac OS X 10_15_7) AppleWebKit/605.1.15 (KHTML, like Gecko) Version/16.5 Safari/605.1.15','https://demo.butterflycms.com/admin/pages/pages/update/4?locale=ru-RU','demo.butterflycms.com',NULL,1,2,404,1689063295,'bf056f767f91e939b1068b1d4446508a',1,NULL,'a:5:{s:2:\"et\";d:0.07349999999999999589217480888692080043256282806396484375;s:2:\"mu\";d:14.0600000000000004973799150320701301097869873046875;s:3:\"dbq\";i:36;s:3:\"dbt\";d:0.0068999999999999998834265824143585632555186748504638671875;s:3:\"dsn\";s:57:\"mysql:host=wdmgroup.mysql.tools;dbname=wdmgroup_butterfly\";}'),(71,'https://demo.butterflycms.com/uk/golovna/pro-nas/','176.109.184.65','host65-184-109-176.lds.online',100,'Mozilla/5.0 (Macintosh; Intel Mac OS X 10_15_7) AppleWebKit/605.1.15 (KHTML, like Gecko) Version/16.5 Safari/605.1.15','https://demo.butterflycms.com/admin/pages/pages/update/6','demo.butterflycms.com',NULL,1,2,404,1689063319,'bf056f767f91e939b1068b1d4446508a',1,NULL,'a:5:{s:2:\"et\";d:0.08780000000000000304201108747292892076075077056884765625;s:2:\"mu\";d:14.050000000000000710542735760100185871124267578125;s:3:\"dbq\";i:36;s:3:\"dbt\";d:0.010899999999999999966693309261245303787291049957275390625;s:3:\"dsn\";s:57:\"mysql:host=wdmgroup.mysql.tools;dbname=wdmgroup_butterfly\";}'),(72,'https://demo.butterflycms.com/uk/pro-nas/','176.109.184.65','host65-184-109-176.lds.online',100,'Mozilla/5.0 (Macintosh; Intel Mac OS X 10_15_7) AppleWebKit/605.1.15 (KHTML, like Gecko) Version/16.5 Safari/605.1.15',NULL,NULL,NULL,1,1,404,1689063324,'bf056f767f91e939b1068b1d4446508a',1,NULL,'a:5:{s:2:\"et\";d:0.0748000000000000053734794391857576556503772735595703125;s:2:\"mu\";d:14.050000000000000710542735760100185871124267578125;s:3:\"dbq\";i:36;s:3:\"dbt\";d:0.00839999999999999948097073598773931735195219516754150390625;s:3:\"dsn\";s:57:\"mysql:host=wdmgroup.mysql.tools;dbname=wdmgroup_butterfly\";}'),(73,'https://demo.butterflycms.com/uk/golovna/pro-nas/','176.109.184.65','host65-184-109-176.lds.online',100,'Mozilla/5.0 (Macintosh; Intel Mac OS X 10_15_7) AppleWebKit/605.1.15 (KHTML, like Gecko) Version/16.5 Safari/605.1.15','https://demo.butterflycms.com/admin/pages/pages/update/6','demo.butterflycms.com',NULL,1,2,404,1689063327,'bf056f767f91e939b1068b1d4446508a',1,NULL,'a:5:{s:2:\"et\";d:0.07760000000000000230926389122032560408115386962890625;s:2:\"mu\";d:14.0600000000000004973799150320701301097869873046875;s:3:\"dbq\";i:37;s:3:\"dbt\";d:0.00839999999999999948097073598773931735195219516754150390625;s:3:\"dsn\";s:57:\"mysql:host=wdmgroup.mysql.tools;dbname=wdmgroup_butterfly\";}'),(74,'https://demo.butterflycms.com/pages/uk/golovna/pro-nas/','176.109.184.65','host65-184-109-176.lds.online',100,'Mozilla/5.0 (Macintosh; Intel Mac OS X 10_15_7) AppleWebKit/605.1.15 (KHTML, like Gecko) Version/16.5 Safari/605.1.15',NULL,NULL,NULL,1,1,404,1689063333,'bf056f767f91e939b1068b1d4446508a',1,NULL,'a:5:{s:2:\"et\";d:0.0929999999999999993338661852249060757458209991455078125;s:2:\"mu\";d:14.03999999999999914734871708787977695465087890625;s:3:\"dbq\";i:35;s:3:\"dbt\";d:0.00869999999999999940047956670241546817123889923095703125;s:3:\"dsn\";s:57:\"mysql:host=wdmgroup.mysql.tools;dbname=wdmgroup_butterfly\";}'),(75,'https://demo.butterflycms.com/pages/uk/golovna/pro-nas/','176.109.184.65','host65-184-109-176.lds.online',100,'Mozilla/5.0 (Macintosh; Intel Mac OS X 10_15_7) AppleWebKit/605.1.15 (KHTML, like Gecko) Version/16.5 Safari/605.1.15',NULL,NULL,NULL,1,1,404,1689063338,'bf056f767f91e939b1068b1d4446508a',1,NULL,'a:5:{s:2:\"et\";d:0.0743000000000000049293902293356950394809246063232421875;s:2:\"mu\";d:14.03999999999999914734871708787977695465087890625;s:3:\"dbq\";i:35;s:3:\"dbt\";d:0.0079000000000000007716050021144837955944240093231201171875;s:3:\"dsn\";s:57:\"mysql:host=wdmgroup.mysql.tools;dbname=wdmgroup_butterfly\";}'),(76,'https://demo.butterflycms.com/news/run-demo-site','176.109.184.65','host65-184-109-176.lds.online',100,'Mozilla/5.0 (Macintosh; Intel Mac OS X 10_15_7) AppleWebKit/605.1.15 (KHTML, like Gecko) Version/16.5 Safari/605.1.15',NULL,NULL,NULL,1,1,404,1689063466,'bf056f767f91e939b1068b1d4446508a',1,NULL,'a:7:{s:5:\"route\";s:4:\"news\";s:5:\"alias\";s:13:\"run-demo-site\";s:2:\"et\";d:0.0763999999999999956923346644543926231563091278076171875;s:2:\"mu\";d:14.0099999999999997868371792719699442386627197265625;s:3:\"dbq\";i:47;s:3:\"dbt\";d:0.00889999999999999992505994583780193352140486240386962890625;s:3:\"dsn\";s:57:\"mysql:host=wdmgroup.mysql.tools;dbname=wdmgroup_butterfly\";}'),(77,'https://demo.butterflycms.com/blog/categories/innovations/robots','2001:67c:2070:c878::1','web706.default-host.net',NULL,'PHP (demo.butterflycms.com), hosted by www.ukraine.com.ua',NULL,NULL,NULL,1,1,404,1689067422,'3d884ecf9136532213e0d392361e1810',1,NULL,'a:8:{s:4:\"lang\";s:4:\"blog\";s:5:\"route\";s:22:\"categories/innovations\";s:5:\"alias\";s:6:\"robots\";s:2:\"et\";d:0.094700000000000006394884621840901672840118408203125;s:2:\"mu\";d:12.96000000000000085265128291212022304534912109375;s:3:\"dbq\";i:35;s:3:\"dbt\";d:0.0097999999999999996835864379818303859792649745941162109375;s:3:\"dsn\";s:57:\"mysql:host=wdmgroup.mysql.tools;dbname=wdmgroup_butterfly\";}'),(78,'https://demo.butterflycms.com/','176.109.184.65','host65-184-109-176.lds.online',NULL,'Mozilla/5.0 (Macintosh; Intel Mac OS X 10_15_7) AppleWebKit/605.1.15 (KHTML, like Gecko) Version/16.5 Safari/605.1.15',NULL,NULL,NULL,1,1,200,1689143010,'7dfc7c1b489dc355d43c7e2a38d43e59',1,NULL,'a:5:{s:2:\"et\";d:0.2300000000000000099920072216264088638126850128173828125;s:2:\"mu\";d:13.78999999999999914734871708787977695465087890625;s:3:\"dbq\";i:32;s:3:\"dbt\";d:0.01119999999999999988620213997592145460657775402069091796875;s:3:\"dsn\";s:57:\"mysql:host=wdmgroup.mysql.tools;dbname=wdmgroup_butterfly\";}'),(79,'https://demo.butterflycms.com/apple-touch-icon-precomposed.png','176.109.184.65','host65-184-109-176.lds.online',NULL,'Safari/18615.2.9.11.4 CFNetwork/1408.0.4 Darwin/22.5.0',NULL,NULL,NULL,1,1,404,1689143018,'0e6162718c501132ab5103c3c390703b',1,NULL,'a:5:{s:2:\"et\";d:0.07399999999999999633626401873698341660201549530029296875;s:2:\"mu\";d:12.9900000000000002131628207280300557613372802734375;s:3:\"dbq\";i:30;s:3:\"dbt\";d:0.00710000000000000040800696154974502860568463802337646484375;s:3:\"dsn\";s:57:\"mysql:host=wdmgroup.mysql.tools;dbname=wdmgroup_butterfly\";}'),(80,'https://demo.butterflycms.com/apple-touch-icon.png','176.109.184.65','host65-184-109-176.lds.online',NULL,'Safari/18615.2.9.11.4 CFNetwork/1408.0.4 Darwin/22.5.0',NULL,NULL,NULL,1,1,404,1689143018,'0e6162718c501132ab5103c3c390703b',1,NULL,'a:5:{s:2:\"et\";d:0.06740000000000000157651669496772228740155696868896484375;s:2:\"mu\";d:12.9900000000000002131628207280300557613372802734375;s:3:\"dbq\";i:30;s:3:\"dbt\";d:0.0068999999999999998834265824143585632555186748504638671875;s:3:\"dsn\";s:57:\"mysql:host=wdmgroup.mysql.tools;dbname=wdmgroup_butterfly\";}'),(81,'https://demo.butterflycms.com/uploads/media/306877fd2648ed98731b0f82131c6452.jpg','104.193.255.68','.',100,'Mozilla/5.0 (Macintosh; Intel Mac OS X 10_15_7) AppleWebKit/605.1.15 (KHTML, like Gecko) Version/16.5 Safari/605.1.15',NULL,NULL,NULL,1,1,404,1689145011,'24993cef468a1b76660dbb95728fa802',1,NULL,'a:5:{s:2:\"et\";d:0.334100000000000008082423619271139614284038543701171875;s:2:\"mu\";d:14.0099999999999997868371792719699442386627197265625;s:3:\"dbq\";i:35;s:3:\"dbt\";d:0.006799999999999999621136392846665330580435693264007568359375;s:3:\"dsn\";s:57:\"mysql:host=wdmgroup.mysql.tools;dbname=wdmgroup_butterfly\";}'),(82,'https://demo.butterflycms.com/favicon.png','104.193.255.68','.',100,'Mozilla/5.0 (Macintosh; Intel Mac OS X 10_15_7) AppleWebKit/605.1.15 (KHTML, like Gecko) Version/16.5 Safari/605.1.15','https://demo.butterflycms.com/uploads/media/306877fd2648ed98731b0f82131c6452.jpg','demo.butterflycms.com',NULL,1,2,404,1689145011,'24993cef468a1b76660dbb95728fa802',1,NULL,'a:5:{s:2:\"et\";d:0.076100000000000000976996261670137755572795867919921875;s:2:\"mu\";d:14.0099999999999997868371792719699442386627197265625;s:3:\"dbq\";i:35;s:3:\"dbt\";d:0.0086000000000000000055511151231257827021181583404541015625;s:3:\"dsn\";s:57:\"mysql:host=wdmgroup.mysql.tools;dbname=wdmgroup_butterfly\";}'),(83,'https://demo.butterflycms.com/uploads/media/source/306877fd2648ed98731b0f82131c6452.jpg','104.193.255.68','.',100,'Mozilla/5.0 (Macintosh; Intel Mac OS X 10_15_7) AppleWebKit/605.1.15 (KHTML, like Gecko) Version/16.5 Safari/605.1.15',NULL,NULL,NULL,1,1,404,1689145024,'24993cef468a1b76660dbb95728fa802',1,NULL,'a:5:{s:2:\"et\";d:0.07929999999999999549249452002186444588005542755126953125;s:2:\"mu\";d:14.0099999999999997868371792719699442386627197265625;s:3:\"dbq\";i:35;s:3:\"dbt\";d:0.00779999999999999964195307455838701571337878704071044921875;s:3:\"dsn\";s:57:\"mysql:host=wdmgroup.mysql.tools;dbname=wdmgroup_butterfly\";}'),(84,'https://demo.butterflycms.com/apple-touch-icon-precomposed.png','104.193.255.68','.',NULL,'Safari/18615.2.9.11.4 CFNetwork/1408.0.4 Darwin/22.5.0',NULL,NULL,NULL,1,1,404,1689147533,'0e6162718c501132ab5103c3c390703b',1,NULL,'a:5:{s:2:\"et\";d:0.06969999999999999806821193715222761966288089752197265625;s:2:\"mu\";d:12.8499999999999996447286321199499070644378662109375;s:3:\"dbq\";i:31;s:3:\"dbt\";d:0.008000000000000000166533453693773481063544750213623046875;s:3:\"dsn\";s:57:\"mysql:host=wdmgroup.mysql.tools;dbname=wdmgroup_butterfly\";}'),(85,'https://demo.butterflycms.com/apple-touch-icon.png','104.193.255.68','.',NULL,'Safari/18615.2.9.11.4 CFNetwork/1408.0.4 Darwin/22.5.0',NULL,NULL,NULL,1,1,404,1689147534,'0e6162718c501132ab5103c3c390703b',1,NULL,'a:5:{s:2:\"et\";d:0.06489999999999999935607064571740920655429363250732421875;s:2:\"mu\";d:12.9900000000000002131628207280300557613372802734375;s:3:\"dbq\";i:30;s:3:\"dbt\";d:0.006199999999999999782118731417313028941862285137176513671875;s:3:\"dsn\";s:57:\"mysql:host=wdmgroup.mysql.tools;dbname=wdmgroup_butterfly\";}'),(86,'https://demo.butterflycms.com/apple-touch-icon-precomposed.png','104.193.255.68','.',NULL,'Safari/18615.2.9.11.4 CFNetwork/1408.0.4 Darwin/22.5.0',NULL,NULL,NULL,1,1,404,1689147536,'0e6162718c501132ab5103c3c390703b',1,NULL,'a:5:{s:2:\"et\";d:0.069099999999999994759747323769261129200458526611328125;s:2:\"mu\";d:12.9900000000000002131628207280300557613372802734375;s:3:\"dbq\";i:30;s:3:\"dbt\";d:0.006499999999999999701627562131989179761148989200592041015625;s:3:\"dsn\";s:57:\"mysql:host=wdmgroup.mysql.tools;dbname=wdmgroup_butterfly\";}'),(87,'https://demo.butterflycms.com/apple-touch-icon.png','104.193.255.68','.',NULL,'Safari/18615.2.9.11.4 CFNetwork/1408.0.4 Darwin/22.5.0',NULL,NULL,NULL,1,1,404,1689147536,'0e6162718c501132ab5103c3c390703b',1,NULL,'a:5:{s:2:\"et\";d:0.06869999999999999718003351745210238732397556304931640625;s:2:\"mu\";d:12.9900000000000002131628207280300557613372802734375;s:3:\"dbq\";i:30;s:3:\"dbt\";d:0.006700000000000000226207941267375645111314952373504638671875;s:3:\"dsn\";s:57:\"mysql:host=wdmgroup.mysql.tools;dbname=wdmgroup_butterfly\";}'),(88,'https://demo.butterflycms.com/','104.193.255.68','.',NULL,'Mozilla/5.0 (Macintosh; Intel Mac OS X 10_15_7) AppleWebKit/605.1.15 (KHTML, like Gecko) Version/16.5 Safari/605.1.15','https://demo.butterflycms.com/admin','demo.butterflycms.com',NULL,1,2,200,1689147648,'c334f5f286c2aa5a8724369781c26935',1,NULL,'a:5:{s:2:\"et\";d:0.07019999999999999851230114700229023583233356475830078125;s:2:\"mu\";d:13.92999999999999971578290569595992565155029296875;s:3:\"dbq\";i:31;s:3:\"dbt\";d:0.0068999999999999998834265824143585632555186748504638671875;s:3:\"dsn\";s:57:\"mysql:host=wdmgroup.mysql.tools;dbname=wdmgroup_butterfly\";}'),(89,'https://demo.butterflycms.com/apple-touch-icon-precomposed.png','104.193.255.68','.',NULL,'Safari/18615.2.9.11.4 CFNetwork/1408.0.4 Darwin/22.5.0',NULL,NULL,NULL,1,1,404,1689147653,'0e6162718c501132ab5103c3c390703b',1,NULL,'a:5:{s:2:\"et\";d:0.07399999999999999633626401873698341660201549530029296875;s:2:\"mu\";d:12.9900000000000002131628207280300557613372802734375;s:3:\"dbq\";i:30;s:3:\"dbt\";d:0.007000000000000000145716771982051795930601656436920166015625;s:3:\"dsn\";s:57:\"mysql:host=wdmgroup.mysql.tools;dbname=wdmgroup_butterfly\";}'),(90,'https://demo.butterflycms.com/apple-touch-icon.png','104.193.255.68','.',NULL,'Safari/18615.2.9.11.4 CFNetwork/1408.0.4 Darwin/22.5.0',NULL,NULL,NULL,1,1,404,1689147654,'0e6162718c501132ab5103c3c390703b',1,NULL,'a:5:{s:2:\"et\";d:0.08550000000000000655031584528842358849942684173583984375;s:2:\"mu\";d:12.9900000000000002131628207280300557613372802734375;s:3:\"dbq\";i:30;s:3:\"dbt\";d:0.0074000000000000003275157922644211794249713420867919921875;s:3:\"dsn\";s:57:\"mysql:host=wdmgroup.mysql.tools;dbname=wdmgroup_butterfly\";}'),(91,'https://demo.butterflycms.com/','54.90.12.64','ec2-54-90-12-64.compute-1.amazonaws.com',NULL,'Mozilla/5.0 (Macintosh; U; Intel Mac OS X 10_6_4; en-US) AppleWebKit/534.1 (KHTML, like Gecko) Chrome/104.0.0.0 Safari/534.1',NULL,NULL,NULL,1,1,200,1689150398,'179371f804993c957d7a4e8b8b179078',1,NULL,'a:5:{s:2:\"et\";d:0.159799999999999997601918266809661872684955596923828125;s:2:\"mu\";d:13.3800000000000007815970093361102044582366943359375;s:3:\"dbq\";i:31;s:3:\"dbt\";d:0.008000000000000000166533453693773481063544750213623046875;s:3:\"dsn\";s:57:\"mysql:host=wdmgroup.mysql.tools;dbname=wdmgroup_butterfly\";}'),(92,'https://demo.butterflycms.com/','54.90.12.64','ec2-54-90-12-64.compute-1.amazonaws.com',NULL,'Mozilla/5.0 (Macintosh; U; Intel Mac OS X 10_6_4; en-US) AppleWebKit/534.1 (KHTML, like Gecko) Chrome/104.0.0.0 Safari/534.1',NULL,NULL,NULL,1,1,200,1689150400,'b1a8ec756c51b41e51d5aa38583c1d3e',1,NULL,'a:5:{s:2:\"et\";d:0.0693000000000000004884981308350688777863979339599609375;s:2:\"mu\";d:13.3800000000000007815970093361102044582366943359375;s:3:\"dbq\";i:31;s:3:\"dbt\";d:0.007000000000000000145716771982051795930601656436920166015625;s:3:\"dsn\";s:57:\"mysql:host=wdmgroup.mysql.tools;dbname=wdmgroup_butterfly\";}'),(93,'https://demo.butterflycms.com/media/image-1','5.24.177.237','5.24.177.237',100,'Mozilla/5.0 (Linux; Android 12; TECNO KG5q) AppleWebKit/537.36 (KHTML, like Gecko) Chrome/99.0.4844.88 Mobile Safari/537.36','https://demo.butterflycms.com/admin/media','demo.butterflycms.com',NULL,1,2,404,1689150741,'406d5c3864155fef6a573878df2722f7',1,NULL,'a:7:{s:5:\"route\";s:5:\"media\";s:5:\"alias\";s:7:\"image-1\";s:2:\"et\";d:0.09130000000000000615063555642336723394691944122314453125;s:2:\"mu\";d:13.42999999999999971578290569595992565155029296875;s:3:\"dbq\";i:45;s:3:\"dbt\";d:0.00869999999999999940047956670241546817123889923095703125;s:3:\"dsn\";s:57:\"mysql:host=wdmgroup.mysql.tools;dbname=wdmgroup_butterfly\";}'),(94,'https://demo.butterflycms.com/favicon.png','5.24.177.237','5.24.177.237',100,'Mozilla/5.0 (Linux; Android 12; TECNO KG5q) AppleWebKit/537.36 (KHTML, like Gecko) Chrome/99.0.4844.88 Mobile Safari/537.36','https://demo.butterflycms.com/media/image-1','demo.butterflycms.com',NULL,1,2,404,1689150741,'406d5c3864155fef6a573878df2722f7',1,NULL,'a:5:{s:2:\"et\";d:0.072599999999999997868371792719699442386627197265625;s:2:\"mu\";d:13.46000000000000085265128291212022304534912109375;s:3:\"dbq\";i:35;s:3:\"dbt\";d:0.00710000000000000040800696154974502860568463802337646484375;s:3:\"dsn\";s:57:\"mysql:host=wdmgroup.mysql.tools;dbname=wdmgroup_butterfly\";}'),(95,'https://demo.butterflycms.com/','5.24.177.237','5.24.177.237',NULL,'Mozilla/5.0 (Linux; Android 12; TECNO KG5q) AppleWebKit/537.36 (KHTML, like Gecko) Chrome/99.0.4844.88 Mobile Safari/537.36','https://demo.butterflycms.com/admin/media','demo.butterflycms.com',NULL,1,2,200,1689150760,'64621e210849794ad19ac1f35dcdb233',1,NULL,'a:5:{s:2:\"et\";d:0.07190000000000000557331958361828583292663097381591796875;s:2:\"mu\";d:13.3900000000000005684341886080801486968994140625;s:3:\"dbq\";i:31;s:3:\"dbt\";d:0.0080999999999999995614619052730631665326654911041259765625;s:3:\"dsn\";s:57:\"mysql:host=wdmgroup.mysql.tools;dbname=wdmgroup_butterfly\";}'),(96,'https://demo.butterflycms.com/login','5.24.177.237','5.24.177.237',NULL,'Mozilla/5.0 (Linux; Android 12; TECNO KG5q) AppleWebKit/537.36 (KHTML, like Gecko) Chrome/99.0.4844.88 Mobile Safari/537.36','https://demo.butterflycms.com/','demo.butterflycms.com',NULL,1,2,200,1689150767,'64621e210849794ad19ac1f35dcdb233',1,NULL,'a:5:{s:2:\"et\";d:0.072599999999999997868371792719699442386627197265625;s:2:\"mu\";d:13.6699999999999999289457264239899814128875732421875;s:3:\"dbq\";i:31;s:3:\"dbt\";d:0.00710000000000000040800696154974502860568463802337646484375;s:3:\"dsn\";s:57:\"mysql:host=wdmgroup.mysql.tools;dbname=wdmgroup_butterfly\";}'),(97,'https://demo.butterflycms.com/login','5.24.177.237','5.24.177.237',100,'Mozilla/5.0 (Linux; Android 12; TECNO KG5q) AppleWebKit/537.36 (KHTML, like Gecko) Chrome/99.0.4844.88 Mobile Safari/537.36','https://demo.butterflycms.com/login','demo.butterflycms.com',NULL,1,2,302,1689150778,'191061b67311f6c92037899f6f5c8683',1,NULL,'a:5:{s:2:\"et\";d:0.07290000000000000646149800331841106526553630828857421875;s:2:\"mu\";d:13.1699999999999999289457264239899814128875732421875;s:3:\"dbq\";i:30;s:3:\"dbt\";d:0.007000000000000000145716771982051795930601656436920166015625;s:3:\"dsn\";s:57:\"mysql:host=wdmgroup.mysql.tools;dbname=wdmgroup_butterfly\";}'),(98,'https://demo.butterflycms.com/','5.24.177.237','5.24.177.237',NULL,'Mozilla/5.0 (Linux; Android 12; TECNO KG5q) AppleWebKit/537.36 (KHTML, like Gecko) Chrome/99.0.4844.88 Mobile Safari/537.36','https://demo.butterflycms.com/login','demo.butterflycms.com',NULL,1,2,200,1689150778,'191061b67311f6c92037899f6f5c8683',1,NULL,'a:5:{s:2:\"et\";d:0.09170000000000000373034936274052597582340240478515625;s:2:\"mu\";d:13.6400000000000005684341886080801486968994140625;s:3:\"dbq\";i:34;s:3:\"dbt\";d:0.0097999999999999996835864379818303859792649745941162109375;s:3:\"dsn\";s:57:\"mysql:host=wdmgroup.mysql.tools;dbname=wdmgroup_butterfly\";}'),(99,'https://demo.butterflycms.com/','176.109.184.65','host65-184-109-176.lds.online',NULL,'Mozilla/5.0 (Macintosh; Intel Mac OS X 10_15_7) AppleWebKit/605.1.15 (KHTML, like Gecko) Version/16.5 Safari/605.1.15',NULL,NULL,NULL,1,1,200,1689229360,'f4c480f30a882e6dea10c05c70da4f5b',1,NULL,'a:5:{s:2:\"et\";d:0.211100000000000009858780458671390078961849212646484375;s:2:\"mu\";d:13.78999999999999914734871708787977695465087890625;s:3:\"dbq\";i:32;s:3:\"dbt\";d:0.0173999999999999988009591334048309363424777984619140625;s:3:\"dsn\";s:57:\"mysql:host=wdmgroup.mysql.tools;dbname=wdmgroup_butterfly\";}'),(100,'https://demo.butterflycms.com/','176.109.184.65','host65-184-109-176.lds.online',NULL,'Mozilla/5.0 (Macintosh; Intel Mac OS X 10_15_7) AppleWebKit/605.1.15 (KHTML, like Gecko) Version/16.5 Safari/605.1.15',NULL,NULL,NULL,1,1,200,1689229362,'f4c480f30a882e6dea10c05c70da4f5b',1,NULL,'a:5:{s:2:\"et\";d:0.0859000000000000041300296516055823303759098052978515625;s:2:\"mu\";d:13.9199999999999999289457264239899814128875732421875;s:3:\"dbq\";i:31;s:3:\"dbt\";d:0.008500000000000000610622663543836097232997417449951171875;s:3:\"dsn\";s:57:\"mysql:host=wdmgroup.mysql.tools;dbname=wdmgroup_butterfly\";}'),(101,'https://demo.butterflycms.com/media/image-1','176.109.184.65','host65-184-109-176.lds.online',100,'Mozilla/5.0 (Macintosh; Intel Mac OS X 10_15_7) AppleWebKit/605.1.15 (KHTML, like Gecko) Version/16.5 Safari/605.1.15',NULL,NULL,NULL,1,1,404,1689229543,'bd32c62aa6aa1eb65f94bc8bc619af02',1,NULL,'a:7:{s:5:\"route\";s:5:\"media\";s:5:\"alias\";s:7:\"image-1\";s:2:\"et\";d:0.07520000000000000295319324550291639752686023712158203125;s:2:\"mu\";d:13.9700000000000006394884621840901672840118408203125;s:3:\"dbq\";i:45;s:3:\"dbt\";d:0.0079000000000000007716050021144837955944240093231201171875;s:3:\"dsn\";s:57:\"mysql:host=wdmgroup.mysql.tools;dbname=wdmgroup_butterfly\";}'),(102,'https://demo.butterflycms.com/favicon.png','176.109.184.65','host65-184-109-176.lds.online',100,'Mozilla/5.0 (Macintosh; Intel Mac OS X 10_15_7) AppleWebKit/605.1.15 (KHTML, like Gecko) Version/16.5 Safari/605.1.15','https://demo.butterflycms.com/media/image-1','demo.butterflycms.com',NULL,1,2,404,1689229544,'bd32c62aa6aa1eb65f94bc8bc619af02',1,NULL,'a:5:{s:2:\"et\";d:0.07570000000000000339728245535297901369631290435791015625;s:2:\"mu\";d:14.0099999999999997868371792719699442386627197265625;s:3:\"dbq\";i:35;s:3:\"dbt\";d:0.007599999999999999984734433411404097569175064563751220703125;s:3:\"dsn\";s:57:\"mysql:host=wdmgroup.mysql.tools;dbname=wdmgroup_butterfly\";}'),(103,'https://demo.butterflycms.com/ru/blog/v-ssa-roboty-nacali-patrulirovat-territorii-nekotoryh-skol-dla-povysenia-bezopasnosti','176.109.184.65','host65-184-109-176.lds.online',100,'Mozilla/5.0 (Macintosh; Intel Mac OS X 10_15_7) AppleWebKit/605.1.15 (KHTML, like Gecko) Version/16.5 Safari/605.1.15',NULL,NULL,NULL,1,1,404,1689229592,'bd32c62aa6aa1eb65f94bc8bc619af02',1,NULL,'a:8:{s:4:\"lang\";s:2:\"ru\";s:5:\"route\";s:4:\"blog\";s:5:\"alias\";s:85:\"v-ssa-roboty-nacali-patrulirovat-territorii-nekotoryh-skol-dla-povysenia-bezopasnosti\";s:2:\"et\";d:0.0839000000000000023536728122053318656980991363525390625;s:2:\"mu\";d:13.9900000000000002131628207280300557613372802734375;s:3:\"dbq\";i:46;s:3:\"dbt\";d:0.01020000000000000073274719625260331667959690093994140625;s:3:\"dsn\";s:57:\"mysql:host=wdmgroup.mysql.tools;dbname=wdmgroup_butterfly\";}'),(104,'https://demo.butterflycms.com/sitemap.xml','176.109.184.65','host65-184-109-176.lds.online',100,'Mozilla/5.0 (Macintosh; Intel Mac OS X 10_15_7) AppleWebKit/605.1.15 (KHTML, like Gecko) Version/16.5 Safari/605.1.15',NULL,NULL,NULL,1,1,200,1689229605,'bd32c62aa6aa1eb65f94bc8bc619af02',1,NULL,'a:5:{s:2:\"et\";d:0.081199999999999994404475955889211036264896392822265625;s:2:\"mu\";d:15.199999999999999289457264239899814128875732421875;s:3:\"dbq\";i:78;s:3:\"dbt\";d:0.01119999999999999988620213997592145460657775402069091796875;s:3:\"dsn\";s:57:\"mysql:host=wdmgroup.mysql.tools;dbname=wdmgroup_butterfly\";}'),(105,'https://demo.butterflycms.com/','176.109.184.65','host65-184-109-176.lds.online',100,'Mozilla/5.0 (Macintosh; Intel Mac OS X 10_15_7) AppleWebKit/605.1.15 (KHTML, like Gecko) Version/16.5 Safari/605.1.15',NULL,NULL,NULL,1,1,200,1689229666,'bd32c62aa6aa1eb65f94bc8bc619af02',1,NULL,'a:5:{s:2:\"et\";d:0.0733000000000000040412118096355698071420192718505859375;s:2:\"mu\";d:14.2599999999999997868371792719699442386627197265625;s:3:\"dbq\";i:37;s:3:\"dbt\";d:0.007300000000000000065225602696727946749888360500335693359375;s:3:\"dsn\";s:57:\"mysql:host=wdmgroup.mysql.tools;dbname=wdmgroup_butterfly\";}'),(106,'https://demo.butterflycms.com/','104.193.255.68','.',NULL,'Mozilla/5.0 (Macintosh; Intel Mac OS X 10.15; rv:109.0) Gecko/20100101 Firefox/116.0',NULL,NULL,NULL,1,1,200,1689230345,'7e9bb8ebbdbd54070ec5e5343bb1f554',1,NULL,'a:5:{s:2:\"et\";d:0.342799999999999993605115378159098327159881591796875;s:2:\"mu\";d:13.3800000000000007815970093361102044582366943359375;s:3:\"dbq\";i:31;s:3:\"dbt\";d:0.006799999999999999621136392846665330580435693264007568359375;s:3:\"dsn\";s:57:\"mysql:host=wdmgroup.mysql.tools;dbname=wdmgroup_butterfly\";}'),(107,'https://demo.butterflycms.com/about','104.193.255.68','.',NULL,'Mozilla/5.0 (Macintosh; Intel Mac OS X 10.15; rv:109.0) Gecko/20100101 Firefox/116.0','https://demo.butterflycms.com/','demo.butterflycms.com',NULL,1,2,200,1689230348,'7e9bb8ebbdbd54070ec5e5343bb1f554',1,NULL,'a:5:{s:2:\"et\";d:0.0672999999999999987121412914348184131085872650146484375;s:2:\"mu\";d:13.300000000000000710542735760100185871124267578125;s:3:\"dbq\";i:31;s:3:\"dbt\";d:0.007000000000000000145716771982051795930601656436920166015625;s:3:\"dsn\";s:57:\"mysql:host=wdmgroup.mysql.tools;dbname=wdmgroup_butterfly\";}'),(108,'https://demo.butterflycms.com/','141.95.58.144','ip144.ip-141-95-58.eu',NULL,'Mozilla/5.0 (Macintosh; Intel Mac OS X 10.15; rv:109.0) Gecko/20100101 Firefox/116.0',NULL,NULL,NULL,1,1,200,1689230366,'7e9bb8ebbdbd54070ec5e5343bb1f554',1,NULL,'a:5:{s:2:\"et\";d:0.1454000000000000014654943925052066333591938018798828125;s:2:\"mu\";d:13.300000000000000710542735760100185871124267578125;s:3:\"dbq\";i:31;s:3:\"dbt\";d:0.007499999999999999722444243843710864894092082977294921875;s:3:\"dsn\";s:57:\"mysql:host=wdmgroup.mysql.tools;dbname=wdmgroup_butterfly\";}'),(109,'https://demo.butterflycms.com/contact','141.95.58.144','ip144.ip-141-95-58.eu',NULL,'Mozilla/5.0 (Macintosh; Intel Mac OS X 10.15; rv:109.0) Gecko/20100101 Firefox/116.0','https://demo.butterflycms.com/','demo.butterflycms.com',NULL,1,2,200,1689230370,'7e9bb8ebbdbd54070ec5e5343bb1f554',1,NULL,'a:5:{s:2:\"et\";d:0.0713000000000000022648549702353193424642086029052734375;s:2:\"mu\";d:13.75;s:3:\"dbq\";i:31;s:3:\"dbt\";d:0.006799999999999999621136392846665330580435693264007568359375;s:3:\"dsn\";s:57:\"mysql:host=wdmgroup.mysql.tools;dbname=wdmgroup_butterfly\";}'),(110,'https://demo.butterflycms.com/captcha?v=64af9c22a6efc5.83140334','141.95.58.144','ip144.ip-141-95-58.eu',NULL,'Mozilla/5.0 (Macintosh; Intel Mac OS X 10.15; rv:109.0) Gecko/20100101 Firefox/116.0','https://demo.butterflycms.com/contact','demo.butterflycms.com',NULL,1,2,200,1689230371,'7e9bb8ebbdbd54070ec5e5343bb1f554',1,NULL,'a:6:{s:1:\"v\";s:23:\"64af9c22a6efc5.83140334\";s:2:\"et\";d:0.149699999999999999733546474089962430298328399658203125;s:2:\"mu\";d:13.17999999999999971578290569595992565155029296875;s:3:\"dbq\";i:30;s:3:\"dbt\";d:0.008000000000000000166533453693773481063544750213623046875;s:3:\"dsn\";s:57:\"mysql:host=wdmgroup.mysql.tools;dbname=wdmgroup_butterfly\";}'),(111,'https://demo.butterflycms.com/about','141.95.58.144','ip144.ip-141-95-58.eu',NULL,'Mozilla/5.0 (Macintosh; Intel Mac OS X 10.15; rv:109.0) Gecko/20100101 Firefox/116.0','https://demo.butterflycms.com/contact','demo.butterflycms.com',NULL,1,2,200,1689230373,'7e9bb8ebbdbd54070ec5e5343bb1f554',1,NULL,'a:5:{s:2:\"et\";d:0.06640000000000000068833827526759705506265163421630859375;s:2:\"mu\";d:13.300000000000000710542735760100185871124267578125;s:3:\"dbq\";i:31;s:3:\"dbt\";d:0.0079000000000000007716050021144837955944240093231201171875;s:3:\"dsn\";s:57:\"mysql:host=wdmgroup.mysql.tools;dbname=wdmgroup_butterfly\";}'),(112,'https://demo.butterflycms.com/home/about','104.193.255.68','.',100,'Mozilla/5.0 (Macintosh; Intel Mac OS X 10_15_7) AppleWebKit/605.1.15 (KHTML, like Gecko) Version/16.5 Safari/605.1.15',NULL,NULL,NULL,1,1,404,1689230477,'bd32c62aa6aa1eb65f94bc8bc619af02',1,NULL,'a:7:{s:5:\"route\";s:4:\"home\";s:5:\"alias\";s:5:\"about\";s:2:\"et\";d:0.07920000000000000650590692430341732688248157501220703125;s:2:\"mu\";d:13.9700000000000006394884621840901672840118408203125;s:3:\"dbq\";i:45;s:3:\"dbt\";d:0.00869999999999999940047956670241546817123889923095703125;s:3:\"dsn\";s:57:\"mysql:host=wdmgroup.mysql.tools;dbname=wdmgroup_butterfly\";}'),(113,'https://demo.butterflycms.com/contact','141.95.58.144','ip144.ip-141-95-58.eu',NULL,'Mozilla/5.0 (Macintosh; Intel Mac OS X 10.15; rv:109.0) Gecko/20100101 Firefox/116.0','https://demo.butterflycms.com/about','demo.butterflycms.com',NULL,1,2,200,1689230485,'7e9bb8ebbdbd54070ec5e5343bb1f554',1,NULL,'a:5:{s:2:\"et\";d:0.07679999999999999327204847077155136503279209136962890625;s:2:\"mu\";d:13.75;s:3:\"dbq\";i:31;s:3:\"dbt\";d:0.0068999999999999998834265824143585632555186748504638671875;s:3:\"dsn\";s:57:\"mysql:host=wdmgroup.mysql.tools;dbname=wdmgroup_butterfly\";}'),(114,'https://demo.butterflycms.com/captcha?v=64af9c9500ea17.55951420','141.95.58.144','ip144.ip-141-95-58.eu',NULL,'Mozilla/5.0 (Macintosh; Intel Mac OS X 10.15; rv:109.0) Gecko/20100101 Firefox/116.0','https://demo.butterflycms.com/contact','demo.butterflycms.com',NULL,1,2,200,1689230485,'7e9bb8ebbdbd54070ec5e5343bb1f554',1,NULL,'a:6:{s:1:\"v\";s:23:\"64af9c9500ea17.55951420\";s:2:\"et\";d:0.1411000000000000031974423109204508364200592041015625;s:2:\"mu\";d:13.17999999999999971578290569595992565155029296875;s:3:\"dbq\";i:30;s:3:\"dbt\";d:0.00830000000000000008604228440844963188283145427703857421875;s:3:\"dsn\";s:57:\"mysql:host=wdmgroup.mysql.tools;dbname=wdmgroup_butterfly\";}'),(115,'https://demo.butterflycms.com/','104.193.255.68','.',NULL,'Mozilla/5.0 (Macintosh; Intel Mac OS X 10.15; rv:109.0) Gecko/20100101 Firefox/116.0',NULL,NULL,NULL,1,1,200,1689232179,'7e9bb8ebbdbd54070ec5e5343bb1f554',1,'us','a:7:{s:8:\"iso_code\";s:2:\"us\";s:7:\"country\";s:13:\"United States\";s:2:\"et\";d:0.069000000000000005773159728050814010202884674072265625;s:2:\"mu\";d:13.480000000000000426325641456060111522674560546875;s:3:\"dbq\";i:31;s:3:\"dbt\";d:0.006499999999999999701627562131989179761148989200592041015625;s:3:\"dsn\";s:57:\"mysql:host=wdmgroup.mysql.tools;dbname=wdmgroup_butterfly\";}'),(116,'https://demo.butterflycms.com/about','104.193.255.68','.',NULL,'Mozilla/5.0 (Macintosh; Intel Mac OS X 10.15; rv:109.0) Gecko/20100101 Firefox/116.0','https://demo.butterflycms.com/','demo.butterflycms.com',NULL,1,2,200,1689232184,'7e9bb8ebbdbd54070ec5e5343bb1f554',1,'us','a:7:{s:8:\"iso_code\";s:2:\"us\";s:7:\"country\";s:13:\"United States\";s:2:\"et\";d:0.06959999999999999520383653361932374536991119384765625;s:2:\"mu\";d:13.480000000000000426325641456060111522674560546875;s:3:\"dbq\";i:31;s:3:\"dbt\";d:0.00659999999999999996391775169968241243623197078704833984375;s:3:\"dsn\";s:57:\"mysql:host=wdmgroup.mysql.tools;dbname=wdmgroup_butterfly\";}'),(117,'https://demo.butterflycms.com/contact','104.193.255.68','.',NULL,'Mozilla/5.0 (Macintosh; Intel Mac OS X 10.15; rv:109.0) Gecko/20100101 Firefox/116.0','https://demo.butterflycms.com/about','demo.butterflycms.com',NULL,1,2,200,1689232187,'7e9bb8ebbdbd54070ec5e5343bb1f554',1,'us','a:7:{s:8:\"iso_code\";s:2:\"us\";s:7:\"country\";s:13:\"United States\";s:2:\"et\";d:0.07270000000000000073274719625260331667959690093994140625;s:2:\"mu\";d:13.8599999999999994315658113919198513031005859375;s:3:\"dbq\";i:31;s:3:\"dbt\";d:0.0079000000000000007716050021144837955944240093231201171875;s:3:\"dsn\";s:57:\"mysql:host=wdmgroup.mysql.tools;dbname=wdmgroup_butterfly\";}'),(118,'https://demo.butterflycms.com/captcha?v=64afa33b3e2226.59511892','104.193.255.68','.',NULL,'Mozilla/5.0 (Macintosh; Intel Mac OS X 10.15; rv:109.0) Gecko/20100101 Firefox/116.0','https://demo.butterflycms.com/contact','demo.butterflycms.com',NULL,1,2,200,1689232187,'7e9bb8ebbdbd54070ec5e5343bb1f554',1,'us','a:7:{s:8:\"iso_code\";s:2:\"us\";s:7:\"country\";s:13:\"United States\";s:2:\"et\";d:0.1378999999999999948041562447542673908174037933349609375;s:2:\"mu\";d:13.28999999999999914734871708787977695465087890625;s:3:\"dbq\";i:30;s:3:\"dbt\";d:0.006799999999999999621136392846665330580435693264007568359375;s:3:\"dsn\";s:57:\"mysql:host=wdmgroup.mysql.tools;dbname=wdmgroup_butterfly\";}'),(119,'https://demo.butterflycms.com/contact','51.158.54.41','bc48e405-cbb9-419e-bdd9-26186d635583.fr-par-2.baremetal.scw.cloud',NULL,'Mozilla/5.0 (Macintosh; Intel Mac OS X 10.15; rv:109.0) Gecko/20100101 Firefox/116.0','https://demo.butterflycms.com/contact','demo.butterflycms.com',NULL,1,2,200,1689232314,'7e9bb8ebbdbd54070ec5e5343bb1f554',1,'fr','a:7:{s:8:\"iso_code\";s:2:\"fr\";s:7:\"country\";s:6:\"France\";s:2:\"et\";d:0.1207000000000000017319479184152442030608654022216796875;s:2:\"mu\";d:13.8599999999999994315658113919198513031005859375;s:3:\"dbq\";i:31;s:3:\"dbt\";d:0.00770000000000000024702462297909733024425804615020751953125;s:3:\"dsn\";s:57:\"mysql:host=wdmgroup.mysql.tools;dbname=wdmgroup_butterfly\";}'),(120,'https://demo.butterflycms.com/about','51.158.54.41','bc48e405-cbb9-419e-bdd9-26186d635583.fr-par-2.baremetal.scw.cloud',NULL,'Mozilla/5.0 (Macintosh; Intel Mac OS X 10.15; rv:109.0) Gecko/20100101 Firefox/116.0','https://demo.butterflycms.com/contact','demo.butterflycms.com',NULL,1,2,200,1689232315,'7e9bb8ebbdbd54070ec5e5343bb1f554',1,'fr','a:7:{s:8:\"iso_code\";s:2:\"fr\";s:7:\"country\";s:6:\"France\";s:2:\"et\";d:0.0693000000000000004884981308350688777863979339599609375;s:2:\"mu\";d:13.480000000000000426325641456060111522674560546875;s:3:\"dbq\";i:31;s:3:\"dbt\";d:0.006700000000000000226207941267375645111314952373504638671875;s:3:\"dsn\";s:57:\"mysql:host=wdmgroup.mysql.tools;dbname=wdmgroup_butterfly\";}'),(121,'https://demo.butterflycms.com/captcha?v=64afa3baa35106.03770808','51.158.54.41','bc48e405-cbb9-419e-bdd9-26186d635583.fr-par-2.baremetal.scw.cloud',NULL,'Mozilla/5.0 (Macintosh; Intel Mac OS X 10.15; rv:109.0) Gecko/20100101 Firefox/116.0','https://demo.butterflycms.com/contact','demo.butterflycms.com',NULL,1,2,200,1689232315,'7e9bb8ebbdbd54070ec5e5343bb1f554',1,'fr','a:7:{s:8:\"iso_code\";s:2:\"fr\";s:7:\"country\";s:6:\"France\";s:2:\"et\";d:0.1403000000000000080380146982861333526670932769775390625;s:2:\"mu\";d:13.28999999999999914734871708787977695465087890625;s:3:\"dbq\";i:30;s:3:\"dbt\";d:0.006499999999999999701627562131989179761148989200592041015625;s:3:\"dsn\";s:57:\"mysql:host=wdmgroup.mysql.tools;dbname=wdmgroup_butterfly\";}'),(122,'https://demo.butterflycms.com/about','192.99.36.15','ns506754.ip-192-99-36.net',NULL,'Mozilla/5.0 (Macintosh; Intel Mac OS X 10.15; rv:109.0) Gecko/20100101 Firefox/116.0','https://demo.butterflycms.com/about','demo.butterflycms.com',NULL,1,2,200,1689232326,'7e9bb8ebbdbd54070ec5e5343bb1f554',1,'ca','a:7:{s:8:\"iso_code\";s:2:\"ca\";s:7:\"country\";s:6:\"Canada\";s:2:\"et\";d:0.1922999999999999987121412914348184131085872650146484375;s:2:\"mu\";d:13.480000000000000426325641456060111522674560546875;s:3:\"dbq\";i:31;s:3:\"dbt\";d:0.007000000000000000145716771982051795930601656436920166015625;s:3:\"dsn\";s:57:\"mysql:host=wdmgroup.mysql.tools;dbname=wdmgroup_butterfly\";}'),(123,'https://demo.butterflycms.com/about','192.99.36.15','ns506754.ip-192-99-36.net',NULL,'Mozilla/5.0 (Macintosh; Intel Mac OS X 10.15; rv:109.0) Gecko/20100101 Firefox/116.0','https://demo.butterflycms.com/about','demo.butterflycms.com',NULL,1,2,200,1689232326,'7e9bb8ebbdbd54070ec5e5343bb1f554',1,'ca','a:7:{s:8:\"iso_code\";s:2:\"ca\";s:7:\"country\";s:6:\"Canada\";s:2:\"et\";d:0.07349999999999999589217480888692080043256282806396484375;s:2:\"mu\";d:13.480000000000000426325641456060111522674560546875;s:3:\"dbq\";i:31;s:3:\"dbt\";d:0.006700000000000000226207941267375645111314952373504638671875;s:3:\"dsn\";s:57:\"mysql:host=wdmgroup.mysql.tools;dbname=wdmgroup_butterfly\";}'),(124,'https://demo.butterflycms.com/about','193.161.204.11','193.161.204.11',NULL,'Mozilla/5.0 (Macintosh; Intel Mac OS X 10.15; rv:109.0) Gecko/20100101 Firefox/116.0','https://demo.butterflycms.com/about','demo.butterflycms.com',NULL,1,2,200,1689232343,'7e9bb8ebbdbd54070ec5e5343bb1f554',1,'fi','a:7:{s:8:\"iso_code\";s:2:\"fi\";s:7:\"country\";s:7:\"Finland\";s:2:\"et\";d:2.565700000000000091660012913052923977375030517578125;s:2:\"mu\";d:13.480000000000000426325641456060111522674560546875;s:3:\"dbq\";i:31;s:3:\"dbt\";d:0.008500000000000000610622663543836097232997417449951171875;s:3:\"dsn\";s:57:\"mysql:host=wdmgroup.mysql.tools;dbname=wdmgroup_butterfly\";}'),(125,'https://demo.butterflycms.com/contact','193.161.204.11','193.161.204.11',NULL,'Mozilla/5.0 (Macintosh; Intel Mac OS X 10.15; rv:109.0) Gecko/20100101 Firefox/116.0','https://demo.butterflycms.com/about','demo.butterflycms.com',NULL,1,2,200,1689232343,'7e9bb8ebbdbd54070ec5e5343bb1f554',1,'fi','a:7:{s:8:\"iso_code\";s:2:\"fi\";s:7:\"country\";s:7:\"Finland\";s:2:\"et\";d:0.6334999999999999520383653361932374536991119384765625;s:2:\"mu\";d:13.8599999999999994315658113919198513031005859375;s:3:\"dbq\";i:31;s:3:\"dbt\";d:0.00659999999999999996391775169968241243623197078704833984375;s:3:\"dsn\";s:57:\"mysql:host=wdmgroup.mysql.tools;dbname=wdmgroup_butterfly\";}'),(126,'https://demo.butterflycms.com/about','193.161.204.11','193.161.204.11',NULL,'Mozilla/5.0 (Macintosh; Intel Mac OS X 10.15; rv:109.0) Gecko/20100101 Firefox/116.0','https://demo.butterflycms.com/about','demo.butterflycms.com',NULL,1,2,200,1689232343,'7e9bb8ebbdbd54070ec5e5343bb1f554',1,'fi','a:7:{s:8:\"iso_code\";s:2:\"fi\";s:7:\"country\";s:7:\"Finland\";s:2:\"et\";d:2.250599999999999933919525574310682713985443115234375;s:2:\"mu\";d:13.480000000000000426325641456060111522674560546875;s:3:\"dbq\";i:31;s:3:\"dbt\";d:0.00710000000000000040800696154974502860568463802337646484375;s:3:\"dsn\";s:57:\"mysql:host=wdmgroup.mysql.tools;dbname=wdmgroup_butterfly\";}'),(127,'https://demo.butterflycms.com/login','193.161.204.11','193.161.204.11',NULL,'Mozilla/5.0 (Macintosh; Intel Mac OS X 10.15; rv:109.0) Gecko/20100101 Firefox/116.0','https://demo.butterflycms.com/about','demo.butterflycms.com',NULL,1,2,200,1689232344,'7e9bb8ebbdbd54070ec5e5343bb1f554',1,'fi','a:7:{s:8:\"iso_code\";s:2:\"fi\";s:7:\"country\";s:7:\"Finland\";s:2:\"et\";d:0.07420000000000000206501482580279116518795490264892578125;s:2:\"mu\";d:13.769999999999999573674358543939888477325439453125;s:3:\"dbq\";i:31;s:3:\"dbt\";d:0.0068999999999999998834265824143585632555186748504638671875;s:3:\"dsn\";s:57:\"mysql:host=wdmgroup.mysql.tools;dbname=wdmgroup_butterfly\";}'),(128,'https://demo.butterflycms.com/captcha?v=64afa3d7633d95.76353522','193.161.204.11','193.161.204.11',NULL,'Mozilla/5.0 (Macintosh; Intel Mac OS X 10.15; rv:109.0) Gecko/20100101 Firefox/116.0','https://demo.butterflycms.com/contact','demo.butterflycms.com',NULL,1,2,200,1689232344,'7e9bb8ebbdbd54070ec5e5343bb1f554',1,'fi','a:7:{s:8:\"iso_code\";s:2:\"fi\";s:7:\"country\";s:7:\"Finland\";s:2:\"et\";d:0.17649999999999999023003738329862244427204132080078125;s:2:\"mu\";d:13.28999999999999914734871708787977695465087890625;s:3:\"dbq\";i:30;s:3:\"dbt\";d:0.006400000000000000306699110552699494292028248310089111328125;s:3:\"dsn\";s:57:\"mysql:host=wdmgroup.mysql.tools;dbname=wdmgroup_butterfly\";}'),(129,'https://demo.butterflycms.com/contact','108.181.50.13','108.181.50.13',NULL,'Mozilla/5.0 (Macintosh; Intel Mac OS X 10.15; rv:109.0) Gecko/20100101 Firefox/116.0','https://demo.butterflycms.com/about','demo.butterflycms.com',NULL,1,2,200,1689232361,'7e9bb8ebbdbd54070ec5e5343bb1f554',1,'kr','a:7:{s:8:\"iso_code\";s:2:\"kr\";s:7:\"country\";s:11:\"South Korea\";s:2:\"et\";d:4.30149999999999987920773492078296840190887451171875;s:2:\"mu\";d:13.8599999999999994315658113919198513031005859375;s:3:\"dbq\";i:31;s:3:\"dbt\";d:0.0080999999999999995614619052730631665326654911041259765625;s:3:\"dsn\";s:57:\"mysql:host=wdmgroup.mysql.tools;dbname=wdmgroup_butterfly\";}'),(130,'https://demo.butterflycms.com/about','108.181.50.13','108.181.50.13',NULL,'Mozilla/5.0 (Macintosh; Intel Mac OS X 10.15; rv:109.0) Gecko/20100101 Firefox/116.0','https://demo.butterflycms.com/about','demo.butterflycms.com',NULL,1,2,200,1689232362,'7e9bb8ebbdbd54070ec5e5343bb1f554',1,'kr','a:7:{s:8:\"iso_code\";s:2:\"kr\";s:7:\"country\";s:11:\"South Korea\";s:2:\"et\";d:6.10799999999999965183405947755090892314910888671875;s:2:\"mu\";d:13.480000000000000426325641456060111522674560546875;s:3:\"dbq\";i:31;s:3:\"dbt\";d:0.00710000000000000040800696154974502860568463802337646484375;s:3:\"dsn\";s:57:\"mysql:host=wdmgroup.mysql.tools;dbname=wdmgroup_butterfly\";}'),(131,'https://demo.butterflycms.com/about','108.181.50.13','108.181.50.13',NULL,'Mozilla/5.0 (Macintosh; Intel Mac OS X 10.15; rv:109.0) Gecko/20100101 Firefox/116.0','https://demo.butterflycms.com/about','demo.butterflycms.com',NULL,1,2,200,1689232364,'7e9bb8ebbdbd54070ec5e5343bb1f554',1,'kr','a:7:{s:8:\"iso_code\";s:2:\"kr\";s:7:\"country\";s:11:\"South Korea\";s:2:\"et\";d:7.47069999999999989626076057902537286281585693359375;s:2:\"mu\";d:13.480000000000000426325641456060111522674560546875;s:3:\"dbq\";i:31;s:3:\"dbt\";d:0.006499999999999999701627562131989179761148989200592041015625;s:3:\"dsn\";s:57:\"mysql:host=wdmgroup.mysql.tools;dbname=wdmgroup_butterfly\";}'),(132,'https://demo.butterflycms.com/captcha?v=64afa3e4d0cff1.66919011','108.181.50.13','108.181.50.13',NULL,'Mozilla/5.0 (Macintosh; Intel Mac OS X 10.15; rv:109.0) Gecko/20100101 Firefox/116.0','https://demo.butterflycms.com/contact','demo.butterflycms.com',NULL,1,2,200,1689232366,'7e9bb8ebbdbd54070ec5e5343bb1f554',1,'kr','a:7:{s:8:\"iso_code\";s:2:\"kr\";s:7:\"country\";s:11:\"South Korea\";s:2:\"et\";d:4.80759999999999987352339303470216691493988037109375;s:2:\"mu\";d:13.28999999999999914734871708787977695465087890625;s:3:\"dbq\";i:30;s:3:\"dbt\";d:0.0068999999999999998834265824143585632555186748504638671875;s:3:\"dsn\";s:57:\"mysql:host=wdmgroup.mysql.tools;dbname=wdmgroup_butterfly\";}'),(133,'https://demo.butterflycms.com/apple-touch-icon-precomposed.png','176.109.184.65','host65-184-109-176.lds.online',NULL,'Safari/18615.2.9.11.4 CFNetwork/1408.0.4 Darwin/22.5.0',NULL,NULL,NULL,1,1,404,1689236238,'b00baea8ea63c0470aabea5c003d8e6e',1,'ru','a:7:{s:8:\"iso_code\";s:2:\"ru\";s:7:\"country\";s:6:\"Russia\";s:2:\"et\";d:0.2295000000000000095479180117763462476432323455810546875;s:2:\"mu\";d:12.9700000000000006394884621840901672840118408203125;s:3:\"dbq\";i:31;s:3:\"dbt\";d:0.01069999999999999944211293012585883843712508678436279296875;s:3:\"dsn\";s:57:\"mysql:host=wdmgroup.mysql.tools;dbname=wdmgroup_butterfly\";}'),(134,'https://demo.butterflycms.com/apple-touch-icon.png','176.109.184.65','host65-184-109-176.lds.online',NULL,'Safari/18615.2.9.11.4 CFNetwork/1408.0.4 Darwin/22.5.0',NULL,NULL,NULL,1,1,404,1689236239,'b00baea8ea63c0470aabea5c003d8e6e',1,'ru','a:7:{s:8:\"iso_code\";s:2:\"ru\";s:7:\"country\";s:6:\"Russia\";s:2:\"et\";d:0.080600000000000004973799150320701301097869873046875;s:2:\"mu\";d:13.1099999999999994315658113919198513031005859375;s:3:\"dbq\";i:30;s:3:\"dbt\";d:0.00899999999999999931998839741709161899052560329437255859375;s:3:\"dsn\";s:57:\"mysql:host=wdmgroup.mysql.tools;dbname=wdmgroup_butterfly\";}'),(135,'https://demo.butterflycms.com/apple-touch-icon-precomposed.png','176.109.184.65','host65-184-109-176.lds.online',NULL,'Safari/18615.2.9.11.4 CFNetwork/1408.0.4 Darwin/22.5.0',NULL,NULL,NULL,1,1,404,1689236240,'b00baea8ea63c0470aabea5c003d8e6e',1,'ru','a:7:{s:8:\"iso_code\";s:2:\"ru\";s:7:\"country\";s:6:\"Russia\";s:2:\"et\";d:0.0814000000000000001332267629550187848508358001708984375;s:2:\"mu\";d:13.1099999999999994315658113919198513031005859375;s:3:\"dbq\";i:30;s:3:\"dbt\";d:0.00820000000000000069111383282915994641371071338653564453125;s:3:\"dsn\";s:57:\"mysql:host=wdmgroup.mysql.tools;dbname=wdmgroup_butterfly\";}'),(136,'https://demo.butterflycms.com/apple-touch-icon.png','176.109.184.65','host65-184-109-176.lds.online',NULL,'Safari/18615.2.9.11.4 CFNetwork/1408.0.4 Darwin/22.5.0',NULL,NULL,NULL,1,1,404,1689236240,'b00baea8ea63c0470aabea5c003d8e6e',1,'ru','a:7:{s:8:\"iso_code\";s:2:\"ru\";s:7:\"country\";s:6:\"Russia\";s:2:\"et\";d:0.07960000000000000408562073062057606875896453857421875;s:2:\"mu\";d:13.1099999999999994315658113919198513031005859375;s:3:\"dbq\";i:30;s:3:\"dbt\";d:0.007599999999999999984734433411404097569175064563751220703125;s:3:\"dsn\";s:57:\"mysql:host=wdmgroup.mysql.tools;dbname=wdmgroup_butterfly\";}'),(137,'https://demo.butterflycms.com/apple-touch-icon-precomposed.png','176.109.184.65','host65-184-109-176.lds.online',NULL,'Safari/18615.2.9.11.4 CFNetwork/1408.0.4 Darwin/22.5.0',NULL,NULL,NULL,1,1,404,1689236245,'b00baea8ea63c0470aabea5c003d8e6e',1,'ru','a:7:{s:8:\"iso_code\";s:2:\"ru\";s:7:\"country\";s:6:\"Russia\";s:2:\"et\";d:0.0773999999999999965805130841545178554952144622802734375;s:2:\"mu\";d:13.1099999999999994315658113919198513031005859375;s:3:\"dbq\";i:30;s:3:\"dbt\";d:0.00869999999999999940047956670241546817123889923095703125;s:3:\"dsn\";s:57:\"mysql:host=wdmgroup.mysql.tools;dbname=wdmgroup_butterfly\";}'),(138,'https://demo.butterflycms.com/apple-touch-icon.png','176.109.184.65','host65-184-109-176.lds.online',NULL,'Safari/18615.2.9.11.4 CFNetwork/1408.0.4 Darwin/22.5.0',NULL,NULL,NULL,1,1,404,1689236245,'b00baea8ea63c0470aabea5c003d8e6e',1,'ru','a:7:{s:8:\"iso_code\";s:2:\"ru\";s:7:\"country\";s:6:\"Russia\";s:2:\"et\";d:0.077100000000000001865174681370262987911701202392578125;s:2:\"mu\";d:13.1099999999999994315658113919198513031005859375;s:3:\"dbq\";i:30;s:3:\"dbt\";d:0.00779999999999999964195307455838701571337878704071044921875;s:3:\"dsn\";s:57:\"mysql:host=wdmgroup.mysql.tools;dbname=wdmgroup_butterfly\";}'),(139,'https://demo.butterflycms.com/apple-touch-icon-precomposed.png','176.109.184.65','host65-184-109-176.lds.online',NULL,'Safari/18615.2.9.11.4 CFNetwork/1408.0.4 Darwin/22.5.0',NULL,NULL,NULL,1,1,404,1689236334,'b00baea8ea63c0470aabea5c003d8e6e',1,'ru','a:7:{s:8:\"iso_code\";s:2:\"ru\";s:7:\"country\";s:6:\"Russia\";s:2:\"et\";d:0.07169999999999999984456877655247808434069156646728515625;s:2:\"mu\";d:13.1099999999999994315658113919198513031005859375;s:3:\"dbq\";i:30;s:3:\"dbt\";d:0.006700000000000000226207941267375645111314952373504638671875;s:3:\"dsn\";s:57:\"mysql:host=wdmgroup.mysql.tools;dbname=wdmgroup_butterfly\";}'),(140,'https://demo.butterflycms.com/apple-touch-icon.png','176.109.184.65','host65-184-109-176.lds.online',NULL,'Safari/18615.2.9.11.4 CFNetwork/1408.0.4 Darwin/22.5.0',NULL,NULL,NULL,1,1,404,1689236335,'b00baea8ea63c0470aabea5c003d8e6e',1,'ru','a:7:{s:8:\"iso_code\";s:2:\"ru\";s:7:\"country\";s:6:\"Russia\";s:2:\"et\";d:0.07040000000000000424105195406809798441827297210693359375;s:2:\"mu\";d:13.1099999999999994315658113919198513031005859375;s:3:\"dbq\";i:30;s:3:\"dbt\";d:0.00659999999999999996391775169968241243623197078704833984375;s:3:\"dsn\";s:57:\"mysql:host=wdmgroup.mysql.tools;dbname=wdmgroup_butterfly\";}'),(141,'https://demo.butterflycms.com/apple-touch-icon-precomposed.png','176.109.184.65','host65-184-109-176.lds.online',NULL,'Safari/18615.2.9.11.4 CFNetwork/1408.0.4 Darwin/22.5.0',NULL,NULL,NULL,1,1,404,1689236336,'b00baea8ea63c0470aabea5c003d8e6e',1,'ru','a:7:{s:8:\"iso_code\";s:2:\"ru\";s:7:\"country\";s:6:\"Russia\";s:2:\"et\";d:0.06940000000000000335287353436797275207936763763427734375;s:2:\"mu\";d:13.1099999999999994315658113919198513031005859375;s:3:\"dbq\";i:30;s:3:\"dbt\";d:0.0063000000000000000444089209850062616169452667236328125;s:3:\"dsn\";s:57:\"mysql:host=wdmgroup.mysql.tools;dbname=wdmgroup_butterfly\";}'),(142,'https://demo.butterflycms.com/apple-touch-icon.png','176.109.184.65','host65-184-109-176.lds.online',NULL,'Safari/18615.2.9.11.4 CFNetwork/1408.0.4 Darwin/22.5.0',NULL,NULL,NULL,1,1,404,1689236336,'b00baea8ea63c0470aabea5c003d8e6e',1,'ru','a:7:{s:8:\"iso_code\";s:2:\"ru\";s:7:\"country\";s:6:\"Russia\";s:2:\"et\";d:0.07820000000000000561772850460329209454357624053955078125;s:2:\"mu\";d:13.1099999999999994315658113919198513031005859375;s:3:\"dbq\";i:30;s:3:\"dbt\";d:0.00779999999999999964195307455838701571337878704071044921875;s:3:\"dsn\";s:57:\"mysql:host=wdmgroup.mysql.tools;dbname=wdmgroup_butterfly\";}'),(143,'https://demo.butterflycms.com/apple-touch-icon-precomposed.png','176.109.184.65','host65-184-109-176.lds.online',NULL,'Safari/18615.2.9.11.4 CFNetwork/1408.0.4 Darwin/22.5.0',NULL,NULL,NULL,1,1,404,1689236381,'b00baea8ea63c0470aabea5c003d8e6e',1,'ru','a:7:{s:8:\"iso_code\";s:2:\"ru\";s:7:\"country\";s:6:\"Russia\";s:2:\"et\";d:0.07670000000000000428546087505310424603521823883056640625;s:2:\"mu\";d:13.1099999999999994315658113919198513031005859375;s:3:\"dbq\";i:30;s:3:\"dbt\";d:0.007300000000000000065225602696727946749888360500335693359375;s:3:\"dsn\";s:57:\"mysql:host=wdmgroup.mysql.tools;dbname=wdmgroup_butterfly\";}'),(144,'https://demo.butterflycms.com/apple-touch-icon.png','176.109.184.65','host65-184-109-176.lds.online',NULL,'Safari/18615.2.9.11.4 CFNetwork/1408.0.4 Darwin/22.5.0',NULL,NULL,NULL,1,1,404,1689236382,'b00baea8ea63c0470aabea5c003d8e6e',1,'ru','a:7:{s:8:\"iso_code\";s:2:\"ru\";s:7:\"country\";s:6:\"Russia\";s:2:\"et\";d:0.06950000000000000621724893790087662637233734130859375;s:2:\"mu\";d:13.1099999999999994315658113919198513031005859375;s:3:\"dbq\";i:30;s:3:\"dbt\";d:0.006400000000000000306699110552699494292028248310089111328125;s:3:\"dsn\";s:57:\"mysql:host=wdmgroup.mysql.tools;dbname=wdmgroup_butterfly\";}'),(145,'https://demo.butterflycms.com/apple-touch-icon-precomposed.png','176.109.184.65','host65-184-109-176.lds.online',NULL,'Safari/18615.2.9.11.4 CFNetwork/1408.0.4 Darwin/22.5.0',NULL,NULL,NULL,1,1,404,1689236406,'b00baea8ea63c0470aabea5c003d8e6e',1,'ru','a:7:{s:8:\"iso_code\";s:2:\"ru\";s:7:\"country\";s:6:\"Russia\";s:2:\"et\";d:0.07190000000000000557331958361828583292663097381591796875;s:2:\"mu\";d:13.1099999999999994315658113919198513031005859375;s:3:\"dbq\";i:30;s:3:\"dbt\";d:0.0074000000000000003275157922644211794249713420867919921875;s:3:\"dsn\";s:57:\"mysql:host=wdmgroup.mysql.tools;dbname=wdmgroup_butterfly\";}'),(146,'https://demo.butterflycms.com/apple-touch-icon.png','176.109.184.65','host65-184-109-176.lds.online',NULL,'Safari/18615.2.9.11.4 CFNetwork/1408.0.4 Darwin/22.5.0',NULL,NULL,NULL,1,1,404,1689236406,'b00baea8ea63c0470aabea5c003d8e6e',1,'ru','a:7:{s:8:\"iso_code\";s:2:\"ru\";s:7:\"country\";s:6:\"Russia\";s:2:\"et\";d:0.068599999999999994315658113919198513031005859375;s:2:\"mu\";d:13.1099999999999994315658113919198513031005859375;s:3:\"dbq\";i:30;s:3:\"dbt\";d:0.006100000000000000387190279838023343472741544246673583984375;s:3:\"dsn\";s:57:\"mysql:host=wdmgroup.mysql.tools;dbname=wdmgroup_butterfly\";}'),(147,'https://demo.butterflycms.com/apple-touch-icon-precomposed.png','176.109.184.65','host65-184-109-176.lds.online',NULL,'Safari/18615.2.9.11.4 CFNetwork/1408.0.4 Darwin/22.5.0',NULL,NULL,NULL,1,1,404,1689236428,'b00baea8ea63c0470aabea5c003d8e6e',1,'ru','a:7:{s:8:\"iso_code\";s:2:\"ru\";s:7:\"country\";s:6:\"Russia\";s:2:\"et\";d:0.0846999999999999975131004248396493494510650634765625;s:2:\"mu\";d:13.1099999999999994315658113919198513031005859375;s:3:\"dbq\";i:30;s:3:\"dbt\";d:0.0079000000000000007716050021144837955944240093231201171875;s:3:\"dsn\";s:57:\"mysql:host=wdmgroup.mysql.tools;dbname=wdmgroup_butterfly\";}'),(148,'https://demo.butterflycms.com/apple-touch-icon.png','176.109.184.65','host65-184-109-176.lds.online',NULL,'Safari/18615.2.9.11.4 CFNetwork/1408.0.4 Darwin/22.5.0',NULL,NULL,NULL,1,1,404,1689236428,'b00baea8ea63c0470aabea5c003d8e6e',1,'ru','a:7:{s:8:\"iso_code\";s:2:\"ru\";s:7:\"country\";s:6:\"Russia\";s:2:\"et\";d:0.0738000000000000044853010194856324233114719390869140625;s:2:\"mu\";d:13.1099999999999994315658113919198513031005859375;s:3:\"dbq\";i:30;s:3:\"dbt\";d:0.0074000000000000003275157922644211794249713420867919921875;s:3:\"dsn\";s:57:\"mysql:host=wdmgroup.mysql.tools;dbname=wdmgroup_butterfly\";}'),(149,'https://demo.butterflycms.com/apple-touch-icon-precomposed.png','176.109.184.65','host65-184-109-176.lds.online',NULL,'Safari/18615.2.9.11.4 CFNetwork/1408.0.4 Darwin/22.5.0',NULL,NULL,NULL,1,1,404,1689236484,'b00baea8ea63c0470aabea5c003d8e6e',1,'ru','a:7:{s:8:\"iso_code\";s:2:\"ru\";s:7:\"country\";s:6:\"Russia\";s:2:\"et\";d:0.07799999999999999988897769753748434595763683319091796875;s:2:\"mu\";d:12.8800000000000007815970093361102044582366943359375;s:3:\"dbq\";i:31;s:3:\"dbt\";d:0.0079000000000000007716050021144837955944240093231201171875;s:3:\"dsn\";s:57:\"mysql:host=wdmgroup.mysql.tools;dbname=wdmgroup_butterfly\";}'),(150,'https://demo.butterflycms.com/apple-touch-icon.png','176.109.184.65','host65-184-109-176.lds.online',NULL,'Safari/18615.2.9.11.4 CFNetwork/1408.0.4 Darwin/22.5.0',NULL,NULL,NULL,1,1,404,1689236484,'b00baea8ea63c0470aabea5c003d8e6e',1,'ru','a:7:{s:8:\"iso_code\";s:2:\"ru\";s:7:\"country\";s:6:\"Russia\";s:2:\"et\";d:0.070099999999999995647925743469386361539363861083984375;s:2:\"mu\";d:13.1099999999999994315658113919198513031005859375;s:3:\"dbq\";i:30;s:3:\"dbt\";d:0.0068999999999999998834265824143585632555186748504638671875;s:3:\"dsn\";s:57:\"mysql:host=wdmgroup.mysql.tools;dbname=wdmgroup_butterfly\";}'),(151,'https://demo.butterflycms.com/apple-touch-icon-precomposed.png','176.109.184.65','host65-184-109-176.lds.online',NULL,'Safari/18615.2.9.11.4 CFNetwork/1408.0.4 Darwin/22.5.0',NULL,NULL,NULL,1,1,404,1689236485,'b00baea8ea63c0470aabea5c003d8e6e',1,'ru','a:7:{s:8:\"iso_code\";s:2:\"ru\";s:7:\"country\";s:6:\"Russia\";s:2:\"et\";d:0.067000000000000003996802888650563545525074005126953125;s:2:\"mu\";d:13.1099999999999994315658113919198513031005859375;s:3:\"dbq\";i:30;s:3:\"dbt\";d:0.00600000000000000012490009027033011079765856266021728515625;s:3:\"dsn\";s:57:\"mysql:host=wdmgroup.mysql.tools;dbname=wdmgroup_butterfly\";}'),(152,'https://demo.butterflycms.com/apple-touch-icon.png','176.109.184.65','host65-184-109-176.lds.online',NULL,'Safari/18615.2.9.11.4 CFNetwork/1408.0.4 Darwin/22.5.0',NULL,NULL,NULL,1,1,404,1689236486,'b00baea8ea63c0470aabea5c003d8e6e',1,'ru','a:7:{s:8:\"iso_code\";s:2:\"ru\";s:7:\"country\";s:6:\"Russia\";s:2:\"et\";d:0.06619999999999999495958746820178930647671222686767578125;s:2:\"mu\";d:13.1099999999999994315658113919198513031005859375;s:3:\"dbq\";i:30;s:3:\"dbt\";d:0.0057000000000000002053912595556539599783718585968017578125;s:3:\"dsn\";s:57:\"mysql:host=wdmgroup.mysql.tools;dbname=wdmgroup_butterfly\";}'),(153,'https://demo.butterflycms.com/apple-touch-icon-precomposed.png','176.109.184.65','host65-184-109-176.lds.online',NULL,'Safari/18615.2.9.11.4 CFNetwork/1408.0.4 Darwin/22.5.0',NULL,NULL,NULL,1,1,404,1689236546,'b00baea8ea63c0470aabea5c003d8e6e',1,'ru','a:7:{s:8:\"iso_code\";s:2:\"ru\";s:7:\"country\";s:6:\"Russia\";s:2:\"et\";d:0.06969999999999999806821193715222761966288089752197265625;s:2:\"mu\";d:13.1099999999999994315658113919198513031005859375;s:3:\"dbq\";i:30;s:3:\"dbt\";d:0.006700000000000000226207941267375645111314952373504638671875;s:3:\"dsn\";s:57:\"mysql:host=wdmgroup.mysql.tools;dbname=wdmgroup_butterfly\";}'),(154,'https://demo.butterflycms.com/apple-touch-icon.png','176.109.184.65','host65-184-109-176.lds.online',NULL,'Safari/18615.2.9.11.4 CFNetwork/1408.0.4 Darwin/22.5.0',NULL,NULL,NULL,1,1,404,1689236546,'b00baea8ea63c0470aabea5c003d8e6e',1,'ru','a:7:{s:8:\"iso_code\";s:2:\"ru\";s:7:\"country\";s:6:\"Russia\";s:2:\"et\";d:0.08250000000000000388578058618804789148271083831787109375;s:2:\"mu\";d:13.1099999999999994315658113919198513031005859375;s:3:\"dbq\";i:30;s:3:\"dbt\";d:0.00940000000000000036914915568786454969085752964019775390625;s:3:\"dsn\";s:57:\"mysql:host=wdmgroup.mysql.tools;dbname=wdmgroup_butterfly\";}'),(155,'https://demo.butterflycms.com/debug/default/view?panel=request&tag=64afb651ecd00','104.193.255.68','.',100,'Mozilla/5.0 (Macintosh; Intel Mac OS X 10_15_7) AppleWebKit/605.1.15 (KHTML, like Gecko) Version/16.5 Safari/605.1.15','https://demo.butterflycms.com/admin/blog/posts/update/5','demo.butterflycms.com',NULL,1,2,200,1689237084,'bd32c62aa6aa1eb65f94bc8bc619af02',1,'us','a:7:{s:8:\"iso_code\";s:2:\"us\";s:7:\"country\";s:6:\"\";s:2:\"et\";d:0.22270000000000000905941988094127736985683441162109375;s:2:\"mu\";d:15.3900000000000005684341886080801486968994140625;s:3:\"dbq\";i:36;s:3:\"dbt\";d:0.0080999999999999995614619052730631665326654911041259765625;s:3:\"dsn\";s:57:\"mysql:host=wdmgroup.mysql.tools;dbname=wdmgroup_butterfly\";}'),(156,'https://demo.butterflycms.com/apple-touch-icon-precomposed.png','104.193.255.68','.',NULL,'Safari/18615.2.9.11.4 CFNetwork/1408.0.4 Darwin/22.5.0',NULL,NULL,NULL,1,1,404,1689237104,'b00baea8ea63c0470aabea5c003d8e6e',1,'us','a:7:{s:8:\"iso_code\";s:2:\"us\";s:7:\"country\";s:13:\"United States\";s:2:\"et\";d:0.07359999999999999875655021241982467472553253173828125;s:2:\"mu\";d:13.17999999999999971578290569595992565155029296875;s:3:\"dbq\";i:31;s:3:\"dbt\";d:0.00779999999999999964195307455838701571337878704071044921875;s:3:\"dsn\";s:57:\"mysql:host=wdmgroup.mysql.tools;dbname=wdmgroup_butterfly\";}'),(157,'https://demo.butterflycms.com/apple-touch-icon.png','104.193.255.68','.',NULL,'Safari/18615.2.9.11.4 CFNetwork/1408.0.4 Darwin/22.5.0',NULL,NULL,NULL,1,1,404,1689237104,'b00baea8ea63c0470aabea5c003d8e6e',1,'us','a:7:{s:8:\"iso_code\";s:2:\"us\";s:7:\"country\";s:13:\"United States\";s:2:\"et\";d:0.07040000000000000424105195406809798441827297210693359375;s:2:\"mu\";d:13.17999999999999971578290569595992565155029296875;s:3:\"dbq\";i:31;s:3:\"dbt\";d:0.0063000000000000000444089209850062616169452667236328125;s:3:\"dsn\";s:57:\"mysql:host=wdmgroup.mysql.tools;dbname=wdmgroup_butterfly\";}'),(158,'https://demo.butterflycms.com/apple-touch-icon-precomposed.png','104.193.255.68','.',NULL,'Safari/18615.2.9.11.4 CFNetwork/1408.0.4 Darwin/22.5.0',NULL,NULL,NULL,1,1,404,1689237106,'b00baea8ea63c0470aabea5c003d8e6e',1,'us','a:7:{s:8:\"iso_code\";s:2:\"us\";s:7:\"country\";s:13:\"United States\";s:2:\"et\";d:0.070000000000000006661338147750939242541790008544921875;s:2:\"mu\";d:13.17999999999999971578290569595992565155029296875;s:3:\"dbq\";i:31;s:3:\"dbt\";d:0.006499999999999999701627562131989179761148989200592041015625;s:3:\"dsn\";s:57:\"mysql:host=wdmgroup.mysql.tools;dbname=wdmgroup_butterfly\";}'),(159,'https://demo.butterflycms.com/apple-touch-icon.png','104.193.255.68','.',NULL,'Safari/18615.2.9.11.4 CFNetwork/1408.0.4 Darwin/22.5.0',NULL,NULL,NULL,1,1,404,1689237106,'b00baea8ea63c0470aabea5c003d8e6e',1,'us','a:7:{s:8:\"iso_code\";s:2:\"us\";s:7:\"country\";s:13:\"United States\";s:2:\"et\";d:0.0728000000000000035971225997855071909725666046142578125;s:2:\"mu\";d:13.17999999999999971578290569595992565155029296875;s:3:\"dbq\";i:31;s:3:\"dbt\";d:0.00820000000000000069111383282915994641371071338653564453125;s:3:\"dsn\";s:57:\"mysql:host=wdmgroup.mysql.tools;dbname=wdmgroup_butterfly\";}'),(160,'https://demo.butterflycms.com/debug/default/view?tag=64afb651ecd00&panel=user','104.193.255.68','.',100,'Mozilla/5.0 (Macintosh; Intel Mac OS X 10_15_7) AppleWebKit/605.1.15 (KHTML, like Gecko) Version/16.5 Safari/605.1.15','https://demo.butterflycms.com/debug/default/view?panel=request&tag=64afb651ecd00','demo.butterflycms.com',NULL,1,2,200,1689237107,'bd32c62aa6aa1eb65f94bc8bc619af02',1,'us','a:7:{s:8:\"iso_code\";s:2:\"us\";s:7:\"country\";s:6:\"\";s:2:\"et\";d:0.1028000000000000024868995751603506505489349365234375;s:2:\"mu\";d:15.8800000000000007815970093361102044582366943359375;s:3:\"dbq\";i:36;s:3:\"dbt\";d:0.00899999999999999931998839741709161899052560329437255859375;s:3:\"dsn\";s:57:\"mysql:host=wdmgroup.mysql.tools;dbname=wdmgroup_butterfly\";}'),(161,'https://demo.butterflycms.com/','176.109.178.243','host243-178-109-176.lds.online',NULL,'Mozilla/5.0 (Macintosh; Intel Mac OS X 10_15_7) AppleWebKit/605.1.15 (KHTML, like Gecko) Version/16.5 Safari/605.1.15',NULL,NULL,NULL,1,1,200,1689280744,'d3f766ad9143e7def4af7e725269b671',1,'ru','a:7:{s:8:\"iso_code\";s:2:\"ru\";s:7:\"country\";s:12:\"\";s:2:\"et\";d:0.2157999999999999918287585387588478624820709228515625;s:2:\"mu\";d:13.910000000000000142108547152020037174224853515625;s:3:\"dbq\";i:32;s:3:\"dbt\";d:0.012600000000000000088817841970012523233890533447265625;s:3:\"dsn\";s:57:\"mysql:host=wdmgroup.mysql.tools;dbname=wdmgroup_butterfly\";}'),(162,'https://demo.butterflycms.com/','176.109.178.243','host243-178-109-176.lds.online',NULL,'Mozilla/5.0 (Macintosh; Intel Mac OS X 10_15_7) AppleWebKit/605.1.15 (KHTML, like Gecko) Version/16.5 Safari/605.1.15',NULL,NULL,NULL,1,1,200,1689280750,'d3f766ad9143e7def4af7e725269b671',1,'ru','a:7:{s:8:\"iso_code\";s:2:\"ru\";s:7:\"country\";s:12:\"\";s:2:\"et\";d:0.0718000000000000027089441800853819586336612701416015625;s:2:\"mu\";d:14.0299999999999993605115378159098327159881591796875;s:3:\"dbq\";i:31;s:3:\"dbt\";d:0.007499999999999999722444243843710864894092082977294921875;s:3:\"dsn\";s:57:\"mysql:host=wdmgroup.mysql.tools;dbname=wdmgroup_butterfly\";}'),(163,'https://demo.butterflycms.com/apple-touch-icon-precomposed.png','176.109.178.243','host243-178-109-176.lds.online',NULL,'Safari/18615.2.9.11.4 CFNetwork/1408.0.4 Darwin/22.5.0',NULL,NULL,NULL,1,1,404,1689280750,'c14e52c764ba89637e1c6a85d3c11457',1,'ru','a:7:{s:8:\"iso_code\";s:2:\"ru\";s:7:\"country\";s:6:\"Russia\";s:2:\"et\";d:0.07370000000000000162092561595272854901850223541259765625;s:2:\"mu\";d:13.0999999999999996447286321199499070644378662109375;s:3:\"dbq\";i:30;s:3:\"dbt\";d:0.00889999999999999992505994583780193352140486240386962890625;s:3:\"dsn\";s:57:\"mysql:host=wdmgroup.mysql.tools;dbname=wdmgroup_butterfly\";}'),(164,'https://demo.butterflycms.com/apple-touch-icon.png','176.109.178.243','host243-178-109-176.lds.online',NULL,'Safari/18615.2.9.11.4 CFNetwork/1408.0.4 Darwin/22.5.0',NULL,NULL,NULL,1,1,404,1689280750,'c14e52c764ba89637e1c6a85d3c11457',1,'ru','a:7:{s:8:\"iso_code\";s:2:\"ru\";s:7:\"country\";s:6:\"Russia\";s:2:\"et\";d:0.069000000000000005773159728050814010202884674072265625;s:2:\"mu\";d:13.1099999999999994315658113919198513031005859375;s:3:\"dbq\";i:30;s:3:\"dbt\";d:0.007000000000000000145716771982051795930601656436920166015625;s:3:\"dsn\";s:57:\"mysql:host=wdmgroup.mysql.tools;dbname=wdmgroup_butterfly\";}'),(165,'https://demo.butterflycms.com/debug/default/view?panel=router&tag=64b0614a69bf9','104.193.255.68','.',100,'Mozilla/5.0 (Macintosh; Intel Mac OS X 10_15_7) AppleWebKit/605.1.15 (KHTML, like Gecko) Version/16.5 Safari/605.1.15','https://demo.butterflycms.com/admin/blog/posts/update/6','demo.butterflycms.com',NULL,1,2,200,1689280853,'666f29617fbc0a9c6a1e6e8fe7244759',1,'us','a:7:{s:8:\"iso_code\";s:2:\"us\";s:7:\"country\";s:6:\"\";s:2:\"et\";d:0.33989999999999997992716771477716974914073944091796875;s:2:\"mu\";d:18.160000000000000142108547152020037174224853515625;s:3:\"dbq\";i:36;s:3:\"dbt\";d:0.0079000000000000007716050021144837955944240093231201171875;s:3:\"dsn\";s:57:\"mysql:host=wdmgroup.mysql.tools;dbname=wdmgroup_butterfly\";}'),(166,'https://demo.butterflycms.com/apple-touch-icon-precomposed.png','176.109.178.243','host243-178-109-176.lds.online',NULL,'Safari/18615.2.9.11.4 CFNetwork/1408.0.4 Darwin/22.5.0',NULL,NULL,NULL,1,1,404,1689281493,'c14e52c764ba89637e1c6a85d3c11457',1,'ru','a:7:{s:8:\"iso_code\";s:2:\"ru\";s:7:\"country\";s:6:\"Russia\";s:2:\"et\";d:0.06539999999999999980015985556747182272374629974365234375;s:2:\"mu\";d:13.0099999999999997868371792719699442386627197265625;s:3:\"dbq\";i:30;s:3:\"dbt\";d:0.00600000000000000012490009027033011079765856266021728515625;s:3:\"dsn\";s:57:\"mysql:host=wdmgroup.mysql.tools;dbname=wdmgroup_butterfly\";}'),(167,'https://demo.butterflycms.com/apple-touch-icon.png','176.109.178.243','host243-178-109-176.lds.online',NULL,'Safari/18615.2.9.11.4 CFNetwork/1408.0.4 Darwin/22.5.0',NULL,NULL,NULL,1,1,404,1689281493,'c14e52c764ba89637e1c6a85d3c11457',1,'ru','a:7:{s:8:\"iso_code\";s:2:\"ru\";s:7:\"country\";s:6:\"Russia\";s:2:\"et\";d:0.07270000000000000073274719625260331667959690093994140625;s:2:\"mu\";d:13.0099999999999997868371792719699442386627197265625;s:3:\"dbq\";i:30;s:3:\"dbt\";d:0.0063000000000000000444089209850062616169452667236328125;s:3:\"dsn\";s:57:\"mysql:host=wdmgroup.mysql.tools;dbname=wdmgroup_butterfly\";}'),(168,'https://demo.butterflycms.com/apple-touch-icon-precomposed.png','176.109.178.243','host243-178-109-176.lds.online',NULL,'Safari/18615.2.9.11.4 CFNetwork/1408.0.4 Darwin/22.5.0',NULL,NULL,NULL,1,1,404,1689281494,'c14e52c764ba89637e1c6a85d3c11457',1,'ru','a:7:{s:8:\"iso_code\";s:2:\"ru\";s:7:\"country\";s:6:\"Russia\";s:2:\"et\";d:0.07099999999999999367172875963660771958529949188232421875;s:2:\"mu\";d:13.0099999999999997868371792719699442386627197265625;s:3:\"dbq\";i:30;s:3:\"dbt\";d:0.00820000000000000069111383282915994641371071338653564453125;s:3:\"dsn\";s:57:\"mysql:host=wdmgroup.mysql.tools;dbname=wdmgroup_butterfly\";}'),(169,'https://demo.butterflycms.com/apple-touch-icon.png','176.109.178.243','host243-178-109-176.lds.online',NULL,'Safari/18615.2.9.11.4 CFNetwork/1408.0.4 Darwin/22.5.0',NULL,NULL,NULL,1,1,404,1689281494,'c14e52c764ba89637e1c6a85d3c11457',1,'ru','a:7:{s:8:\"iso_code\";s:2:\"ru\";s:7:\"country\";s:6:\"Russia\";s:2:\"et\";d:0.07140000000000000512923037376822321675717830657958984375;s:2:\"mu\";d:13.0099999999999997868371792719699442386627197265625;s:3:\"dbq\";i:30;s:3:\"dbt\";d:0.0080999999999999995614619052730631665326654911041259765625;s:3:\"dsn\";s:57:\"mysql:host=wdmgroup.mysql.tools;dbname=wdmgroup_butterfly\";}'),(170,'https://demo.butterflycms.com/apple-touch-icon-precomposed.png','176.109.178.243','host243-178-109-176.lds.online',NULL,'Safari/18615.2.9.11.4 CFNetwork/1408.0.4 Darwin/22.5.0',NULL,NULL,NULL,1,1,404,1689281511,'c14e52c764ba89637e1c6a85d3c11457',1,'ru','a:7:{s:8:\"iso_code\";s:2:\"ru\";s:7:\"country\";s:6:\"Russia\";s:2:\"et\";d:0.066000000000000003108624468950438313186168670654296875;s:2:\"mu\";d:13.0099999999999997868371792719699442386627197265625;s:3:\"dbq\";i:30;s:3:\"dbt\";d:0.005899999999999999862609900702636878122575581073760986328125;s:3:\"dsn\";s:57:\"mysql:host=wdmgroup.mysql.tools;dbname=wdmgroup_butterfly\";}'),(171,'https://demo.butterflycms.com/apple-touch-icon.png','176.109.178.243','host243-178-109-176.lds.online',NULL,'Safari/18615.2.9.11.4 CFNetwork/1408.0.4 Darwin/22.5.0',NULL,NULL,NULL,1,1,404,1689281511,'c14e52c764ba89637e1c6a85d3c11457',1,'ru','a:7:{s:8:\"iso_code\";s:2:\"ru\";s:7:\"country\";s:6:\"Russia\";s:2:\"et\";d:0.06519999999999999407140904850166407413780689239501953125;s:2:\"mu\";d:13.0099999999999997868371792719699442386627197265625;s:3:\"dbq\";i:30;s:3:\"dbt\";d:0.005899999999999999862609900702636878122575581073760986328125;s:3:\"dsn\";s:57:\"mysql:host=wdmgroup.mysql.tools;dbname=wdmgroup_butterfly\";}'),(172,'https://demo.butterflycms.com/apple-touch-icon-precomposed.png','176.109.178.243','host243-178-109-176.lds.online',NULL,'Safari/18615.2.9.11.4 CFNetwork/1408.0.4 Darwin/22.5.0',NULL,NULL,NULL,1,1,404,1689281512,'c14e52c764ba89637e1c6a85d3c11457',1,'ru','a:7:{s:8:\"iso_code\";s:2:\"ru\";s:7:\"country\";s:6:\"Russia\";s:2:\"et\";d:0.06669999999999999540367667805185192264616489410400390625;s:2:\"mu\";d:13.0099999999999997868371792719699442386627197265625;s:3:\"dbq\";i:30;s:3:\"dbt\";d:0.0063000000000000000444089209850062616169452667236328125;s:3:\"dsn\";s:57:\"mysql:host=wdmgroup.mysql.tools;dbname=wdmgroup_butterfly\";}'),(173,'https://demo.butterflycms.com/apple-touch-icon.png','176.109.178.243','host243-178-109-176.lds.online',NULL,'Safari/18615.2.9.11.4 CFNetwork/1408.0.4 Darwin/22.5.0',NULL,NULL,NULL,1,1,404,1689281513,'c14e52c764ba89637e1c6a85d3c11457',1,'ru','a:7:{s:8:\"iso_code\";s:2:\"ru\";s:7:\"country\";s:6:\"Russia\";s:2:\"et\";d:0.06919999999999999762412272730216500349342823028564453125;s:2:\"mu\";d:13.0099999999999997868371792719699442386627197265625;s:3:\"dbq\";i:30;s:3:\"dbt\";d:0.0063000000000000000444089209850062616169452667236328125;s:3:\"dsn\";s:57:\"mysql:host=wdmgroup.mysql.tools;dbname=wdmgroup_butterfly\";}'),(174,'https://demo.butterflycms.com/apple-touch-icon-precomposed.png','176.109.178.243','host243-178-109-176.lds.online',NULL,'Safari/18615.2.9.11.4 CFNetwork/1408.0.4 Darwin/22.5.0',NULL,NULL,NULL,1,1,404,1689281647,'c14e52c764ba89637e1c6a85d3c11457',1,'ru','a:7:{s:8:\"iso_code\";s:2:\"ru\";s:7:\"country\";s:6:\"Russia\";s:2:\"et\";d:0.0718000000000000027089441800853819586336612701416015625;s:2:\"mu\";d:13.0099999999999997868371792719699442386627197265625;s:3:\"dbq\";i:30;s:3:\"dbt\";d:0.00710000000000000040800696154974502860568463802337646484375;s:3:\"dsn\";s:57:\"mysql:host=wdmgroup.mysql.tools;dbname=wdmgroup_butterfly\";}'),(175,'https://demo.butterflycms.com/apple-touch-icon.png','176.109.178.243','host243-178-109-176.lds.online',NULL,'Safari/18615.2.9.11.4 CFNetwork/1408.0.4 Darwin/22.5.0',NULL,NULL,NULL,1,1,404,1689281647,'c14e52c764ba89637e1c6a85d3c11457',1,'ru','a:7:{s:8:\"iso_code\";s:2:\"ru\";s:7:\"country\";s:6:\"Russia\";s:2:\"et\";d:0.0718000000000000027089441800853819586336612701416015625;s:2:\"mu\";d:13.0099999999999997868371792719699442386627197265625;s:3:\"dbq\";i:30;s:3:\"dbt\";d:0.00659999999999999996391775169968241243623197078704833984375;s:3:\"dsn\";s:57:\"mysql:host=wdmgroup.mysql.tools;dbname=wdmgroup_butterfly\";}'),(176,'https://demo.butterflycms.com/apple-touch-icon-precomposed.png','176.109.178.243','host243-178-109-176.lds.online',NULL,'Safari/18615.2.9.11.4 CFNetwork/1408.0.4 Darwin/22.5.0',NULL,NULL,NULL,1,1,404,1689281651,'c14e52c764ba89637e1c6a85d3c11457',1,'ru','a:7:{s:8:\"iso_code\";s:2:\"ru\";s:7:\"country\";s:6:\"Russia\";s:2:\"et\";d:0.066000000000000003108624468950438313186168670654296875;s:2:\"mu\";d:13.0099999999999997868371792719699442386627197265625;s:3:\"dbq\";i:30;s:3:\"dbt\";d:0.006100000000000000387190279838023343472741544246673583984375;s:3:\"dsn\";s:57:\"mysql:host=wdmgroup.mysql.tools;dbname=wdmgroup_butterfly\";}'),(177,'https://demo.butterflycms.com/apple-touch-icon.png','176.109.178.243','host243-178-109-176.lds.online',NULL,'Safari/18615.2.9.11.4 CFNetwork/1408.0.4 Darwin/22.5.0',NULL,NULL,NULL,1,1,404,1689281652,'c14e52c764ba89637e1c6a85d3c11457',1,'ru','a:7:{s:8:\"iso_code\";s:2:\"ru\";s:7:\"country\";s:6:\"Russia\";s:2:\"et\";d:0.0685000000000000053290705182007513940334320068359375;s:2:\"mu\";d:13.0099999999999997868371792719699442386627197265625;s:3:\"dbq\";i:30;s:3:\"dbt\";d:0.006700000000000000226207941267375645111314952373504638671875;s:3:\"dsn\";s:57:\"mysql:host=wdmgroup.mysql.tools;dbname=wdmgroup_butterfly\";}'),(178,'https://demo.butterflycms.com/apple-touch-icon-precomposed.png','176.109.178.243','host243-178-109-176.lds.online',NULL,'Safari/18615.2.9.11.4 CFNetwork/1408.0.4 Darwin/22.5.0',NULL,NULL,NULL,1,1,404,1689281653,'c14e52c764ba89637e1c6a85d3c11457',1,'ru','a:7:{s:8:\"iso_code\";s:2:\"ru\";s:7:\"country\";s:6:\"Russia\";s:2:\"et\";d:0.06740000000000000157651669496772228740155696868896484375;s:2:\"mu\";d:13.0099999999999997868371792719699442386627197265625;s:3:\"dbq\";i:30;s:3:\"dbt\";d:0.006199999999999999782118731417313028941862285137176513671875;s:3:\"dsn\";s:57:\"mysql:host=wdmgroup.mysql.tools;dbname=wdmgroup_butterfly\";}'),(179,'https://demo.butterflycms.com/apple-touch-icon.png','176.109.178.243','host243-178-109-176.lds.online',NULL,'Safari/18615.2.9.11.4 CFNetwork/1408.0.4 Darwin/22.5.0',NULL,NULL,NULL,1,1,404,1689281653,'c14e52c764ba89637e1c6a85d3c11457',1,'ru','a:7:{s:8:\"iso_code\";s:2:\"ru\";s:7:\"country\";s:6:\"Russia\";s:2:\"et\";d:0.0693000000000000004884981308350688777863979339599609375;s:2:\"mu\";d:13.0099999999999997868371792719699442386627197265625;s:3:\"dbq\";i:30;s:3:\"dbt\";d:0.0068999999999999998834265824143585632555186748504638671875;s:3:\"dsn\";s:57:\"mysql:host=wdmgroup.mysql.tools;dbname=wdmgroup_butterfly\";}'),(180,'https://demo.butterflycms.com/apple-touch-icon-precomposed.png','176.109.178.243','host243-178-109-176.lds.online',NULL,'Safari/18615.2.9.11.4 CFNetwork/1408.0.4 Darwin/22.5.0',NULL,NULL,NULL,1,1,404,1689281667,'c14e52c764ba89637e1c6a85d3c11457',1,'ru','a:7:{s:8:\"iso_code\";s:2:\"ru\";s:7:\"country\";s:6:\"Russia\";s:2:\"et\";d:0.0718000000000000027089441800853819586336612701416015625;s:2:\"mu\";d:13.0099999999999997868371792719699442386627197265625;s:3:\"dbq\";i:30;s:3:\"dbt\";d:0.006799999999999999621136392846665330580435693264007568359375;s:3:\"dsn\";s:57:\"mysql:host=wdmgroup.mysql.tools;dbname=wdmgroup_butterfly\";}'),(181,'https://demo.butterflycms.com/apple-touch-icon.png','176.109.178.243','host243-178-109-176.lds.online',NULL,'Safari/18615.2.9.11.4 CFNetwork/1408.0.4 Darwin/22.5.0',NULL,NULL,NULL,1,1,404,1689281667,'c14e52c764ba89637e1c6a85d3c11457',1,'ru','a:7:{s:8:\"iso_code\";s:2:\"ru\";s:7:\"country\";s:6:\"Russia\";s:2:\"et\";d:0.07499999999999999722444243843710864894092082977294921875;s:2:\"mu\";d:13.0099999999999997868371792719699442386627197265625;s:3:\"dbq\";i:30;s:3:\"dbt\";d:0.007300000000000000065225602696727946749888360500335693359375;s:3:\"dsn\";s:57:\"mysql:host=wdmgroup.mysql.tools;dbname=wdmgroup_butterfly\";}'),(182,'https://demo.butterflycms.com/apple-touch-icon-precomposed.png','176.109.178.243','host243-178-109-176.lds.online',NULL,'Safari/18615.2.9.11.4 CFNetwork/1408.0.4 Darwin/22.5.0',NULL,NULL,NULL,1,1,404,1689281669,'c14e52c764ba89637e1c6a85d3c11457',1,'ru','a:7:{s:8:\"iso_code\";s:2:\"ru\";s:7:\"country\";s:6:\"Russia\";s:2:\"et\";d:0.0738000000000000044853010194856324233114719390869140625;s:2:\"mu\";d:13.0099999999999997868371792719699442386627197265625;s:3:\"dbq\";i:30;s:3:\"dbt\";d:0.0063000000000000000444089209850062616169452667236328125;s:3:\"dsn\";s:57:\"mysql:host=wdmgroup.mysql.tools;dbname=wdmgroup_butterfly\";}'),(183,'https://demo.butterflycms.com/apple-touch-icon.png','176.109.178.243','host243-178-109-176.lds.online',NULL,'Safari/18615.2.9.11.4 CFNetwork/1408.0.4 Darwin/22.5.0',NULL,NULL,NULL,1,1,404,1689281669,'c14e52c764ba89637e1c6a85d3c11457',1,'ru','a:7:{s:8:\"iso_code\";s:2:\"ru\";s:7:\"country\";s:6:\"Russia\";s:2:\"et\";d:0.0728000000000000035971225997855071909725666046142578125;s:2:\"mu\";d:13.0099999999999997868371792719699442386627197265625;s:3:\"dbq\";i:30;s:3:\"dbt\";d:0.007599999999999999984734433411404097569175064563751220703125;s:3:\"dsn\";s:57:\"mysql:host=wdmgroup.mysql.tools;dbname=wdmgroup_butterfly\";}'),(184,'https://demo.butterflycms.com/apple-touch-icon-precomposed.png','176.109.178.243','host243-178-109-176.lds.online',NULL,'Safari/18615.2.9.11.4 CFNetwork/1408.0.4 Darwin/22.5.0',NULL,NULL,NULL,1,1,404,1689281687,'c14e52c764ba89637e1c6a85d3c11457',1,'ru','a:7:{s:8:\"iso_code\";s:2:\"ru\";s:7:\"country\";s:6:\"Russia\";s:2:\"et\";d:0.07420000000000000206501482580279116518795490264892578125;s:2:\"mu\";d:13.0099999999999997868371792719699442386627197265625;s:3:\"dbq\";i:30;s:3:\"dbt\";d:0.0080999999999999995614619052730631665326654911041259765625;s:3:\"dsn\";s:57:\"mysql:host=wdmgroup.mysql.tools;dbname=wdmgroup_butterfly\";}'),(185,'https://demo.butterflycms.com/apple-touch-icon.png','176.109.178.243','host243-178-109-176.lds.online',NULL,'Safari/18615.2.9.11.4 CFNetwork/1408.0.4 Darwin/22.5.0',NULL,NULL,NULL,1,1,404,1689281687,'c14e52c764ba89637e1c6a85d3c11457',1,'ru','a:7:{s:8:\"iso_code\";s:2:\"ru\";s:7:\"country\";s:6:\"Russia\";s:2:\"et\";d:0.08909999999999999864552790995730902068316936492919921875;s:2:\"mu\";d:13.0099999999999997868371792719699442386627197265625;s:3:\"dbq\";i:30;s:3:\"dbt\";d:0.00869999999999999940047956670241546817123889923095703125;s:3:\"dsn\";s:57:\"mysql:host=wdmgroup.mysql.tools;dbname=wdmgroup_butterfly\";}'),(186,'https://demo.butterflycms.com/apple-touch-icon-precomposed.png','176.109.178.243','host243-178-109-176.lds.online',NULL,'Safari/18615.2.9.11.4 CFNetwork/1408.0.4 Darwin/22.5.0',NULL,NULL,NULL,1,1,404,1689281689,'c14e52c764ba89637e1c6a85d3c11457',1,'ru','a:7:{s:8:\"iso_code\";s:2:\"ru\";s:7:\"country\";s:6:\"Russia\";s:2:\"et\";d:0.06890000000000000290878432451791013590991497039794921875;s:2:\"mu\";d:13.0099999999999997868371792719699442386627197265625;s:3:\"dbq\";i:30;s:3:\"dbt\";d:0.0063000000000000000444089209850062616169452667236328125;s:3:\"dsn\";s:57:\"mysql:host=wdmgroup.mysql.tools;dbname=wdmgroup_butterfly\";}'),(187,'https://demo.butterflycms.com/apple-touch-icon.png','176.109.178.243','host243-178-109-176.lds.online',NULL,'Safari/18615.2.9.11.4 CFNetwork/1408.0.4 Darwin/22.5.0',NULL,NULL,NULL,1,1,404,1689281689,'c14e52c764ba89637e1c6a85d3c11457',1,'ru','a:7:{s:8:\"iso_code\";s:2:\"ru\";s:7:\"country\";s:6:\"Russia\";s:2:\"et\";d:0.07090000000000000468514116391816060058772563934326171875;s:2:\"mu\";d:13.0099999999999997868371792719699442386627197265625;s:3:\"dbq\";i:30;s:3:\"dbt\";d:0.006400000000000000306699110552699494292028248310089111328125;s:3:\"dsn\";s:57:\"mysql:host=wdmgroup.mysql.tools;dbname=wdmgroup_butterfly\";}'),(188,'https://demo.butterflycms.com/apple-touch-icon-precomposed.png','176.109.178.243','host243-178-109-176.lds.online',NULL,'Safari/18615.2.9.11.4 CFNetwork/1408.0.4 Darwin/22.5.0',NULL,NULL,NULL,1,1,404,1689281708,'c14e52c764ba89637e1c6a85d3c11457',1,'ru','a:7:{s:8:\"iso_code\";s:2:\"ru\";s:7:\"country\";s:6:\"Russia\";s:2:\"et\";d:0.06919999999999999762412272730216500349342823028564453125;s:2:\"mu\";d:13.0099999999999997868371792719699442386627197265625;s:3:\"dbq\";i:30;s:3:\"dbt\";d:0.0063000000000000000444089209850062616169452667236328125;s:3:\"dsn\";s:57:\"mysql:host=wdmgroup.mysql.tools;dbname=wdmgroup_butterfly\";}'),(189,'https://demo.butterflycms.com/apple-touch-icon.png','176.109.178.243','host243-178-109-176.lds.online',NULL,'Safari/18615.2.9.11.4 CFNetwork/1408.0.4 Darwin/22.5.0',NULL,NULL,NULL,1,1,404,1689281708,'c14e52c764ba89637e1c6a85d3c11457',1,'ru','a:7:{s:8:\"iso_code\";s:2:\"ru\";s:7:\"country\";s:6:\"Russia\";s:2:\"et\";d:0.0657999999999999973798736618846305646002292633056640625;s:2:\"mu\";d:13.0099999999999997868371792719699442386627197265625;s:3:\"dbq\";i:30;s:3:\"dbt\";d:0.006199999999999999782118731417313028941862285137176513671875;s:3:\"dsn\";s:57:\"mysql:host=wdmgroup.mysql.tools;dbname=wdmgroup_butterfly\";}'),(190,'https://demo.butterflycms.com/apple-touch-icon-precomposed.png','176.109.178.243','host243-178-109-176.lds.online',NULL,'Safari/18615.2.9.11.4 CFNetwork/1408.0.4 Darwin/22.5.0',NULL,NULL,NULL,1,1,404,1689281710,'c14e52c764ba89637e1c6a85d3c11457',1,'ru','a:7:{s:8:\"iso_code\";s:2:\"ru\";s:7:\"country\";s:6:\"Russia\";s:2:\"et\";d:0.0758999999999999952482454546043300069868564605712890625;s:2:\"mu\";d:13.0099999999999997868371792719699442386627197265625;s:3:\"dbq\";i:30;s:3:\"dbt\";d:0.00779999999999999964195307455838701571337878704071044921875;s:3:\"dsn\";s:57:\"mysql:host=wdmgroup.mysql.tools;dbname=wdmgroup_butterfly\";}'),(191,'https://demo.butterflycms.com/apple-touch-icon.png','176.109.178.243','host243-178-109-176.lds.online',NULL,'Safari/18615.2.9.11.4 CFNetwork/1408.0.4 Darwin/22.5.0',NULL,NULL,NULL,1,1,404,1689281710,'c14e52c764ba89637e1c6a85d3c11457',1,'ru','a:7:{s:8:\"iso_code\";s:2:\"ru\";s:7:\"country\";s:6:\"Russia\";s:2:\"et\";d:0.0889999999999999957811525064244051463901996612548828125;s:2:\"mu\";d:13.0099999999999997868371792719699442386627197265625;s:3:\"dbq\";i:30;s:3:\"dbt\";d:0.00880000000000000053013149425851224805228412151336669921875;s:3:\"dsn\";s:57:\"mysql:host=wdmgroup.mysql.tools;dbname=wdmgroup_butterfly\";}'),(192,'https://demo.butterflycms.com/apple-touch-icon-precomposed.png','176.109.178.243','host243-178-109-176.lds.online',NULL,'Safari/18615.2.9.11.4 CFNetwork/1408.0.4 Darwin/22.5.0',NULL,NULL,NULL,1,1,404,1689281718,'c14e52c764ba89637e1c6a85d3c11457',1,'ru','a:7:{s:8:\"iso_code\";s:2:\"ru\";s:7:\"country\";s:6:\"Russia\";s:2:\"et\";d:0.0682999999999999996003197111349436454474925994873046875;s:2:\"mu\";d:13.0099999999999997868371792719699442386627197265625;s:3:\"dbq\";i:30;s:3:\"dbt\";d:0.0068999999999999998834265824143585632555186748504638671875;s:3:\"dsn\";s:57:\"mysql:host=wdmgroup.mysql.tools;dbname=wdmgroup_butterfly\";}'),(193,'https://demo.butterflycms.com/apple-touch-icon.png','176.109.178.243','host243-178-109-176.lds.online',NULL,'Safari/18615.2.9.11.4 CFNetwork/1408.0.4 Darwin/22.5.0',NULL,NULL,NULL,1,1,404,1689281718,'c14e52c764ba89637e1c6a85d3c11457',1,'ru','a:7:{s:8:\"iso_code\";s:2:\"ru\";s:7:\"country\";s:6:\"Russia\";s:2:\"et\";d:0.070099999999999995647925743469386361539363861083984375;s:2:\"mu\";d:13.0099999999999997868371792719699442386627197265625;s:3:\"dbq\";i:30;s:3:\"dbt\";d:0.006400000000000000306699110552699494292028248310089111328125;s:3:\"dsn\";s:57:\"mysql:host=wdmgroup.mysql.tools;dbname=wdmgroup_butterfly\";}'),(194,'https://demo.butterflycms.com/apple-touch-icon-precomposed.png','176.109.178.243','host243-178-109-176.lds.online',NULL,'Safari/18615.2.9.11.4 CFNetwork/1408.0.4 Darwin/22.5.0',NULL,NULL,NULL,1,1,404,1689281934,'c14e52c764ba89637e1c6a85d3c11457',1,'ru','a:7:{s:8:\"iso_code\";s:2:\"ru\";s:7:\"country\";s:6:\"Russia\";s:2:\"et\";d:0.06959999999999999520383653361932374536991119384765625;s:2:\"mu\";d:13.0099999999999997868371792719699442386627197265625;s:3:\"dbq\";i:30;s:3:\"dbt\";d:0.00719999999999999980293541312903471407480537891387939453125;s:3:\"dsn\";s:57:\"mysql:host=wdmgroup.mysql.tools;dbname=wdmgroup_butterfly\";}'),(195,'https://demo.butterflycms.com/apple-touch-icon.png','176.109.178.243','host243-178-109-176.lds.online',NULL,'Safari/18615.2.9.11.4 CFNetwork/1408.0.4 Darwin/22.5.0',NULL,NULL,NULL,1,1,404,1689281934,'c14e52c764ba89637e1c6a85d3c11457',1,'ru','a:7:{s:8:\"iso_code\";s:2:\"ru\";s:7:\"country\";s:6:\"Russia\";s:2:\"et\";d:0.06840000000000000246469511466784751974046230316162109375;s:2:\"mu\";d:13.0099999999999997868371792719699442386627197265625;s:3:\"dbq\";i:30;s:3:\"dbt\";d:0.0063000000000000000444089209850062616169452667236328125;s:3:\"dsn\";s:57:\"mysql:host=wdmgroup.mysql.tools;dbname=wdmgroup_butterfly\";}'),(196,'https://demo.butterflycms.com/apple-touch-icon-precomposed.png','176.109.178.243','host243-178-109-176.lds.online',NULL,'Safari/18615.2.9.11.4 CFNetwork/1408.0.4 Darwin/22.5.0',NULL,NULL,NULL,1,1,404,1689281935,'c14e52c764ba89637e1c6a85d3c11457',1,'ru','a:7:{s:8:\"iso_code\";s:2:\"ru\";s:7:\"country\";s:6:\"Russia\";s:2:\"et\";d:0.06890000000000000290878432451791013590991497039794921875;s:2:\"mu\";d:13.0099999999999997868371792719699442386627197265625;s:3:\"dbq\";i:30;s:3:\"dbt\";d:0.00659999999999999996391775169968241243623197078704833984375;s:3:\"dsn\";s:57:\"mysql:host=wdmgroup.mysql.tools;dbname=wdmgroup_butterfly\";}'),(197,'https://demo.butterflycms.com/apple-touch-icon.png','176.109.178.243','host243-178-109-176.lds.online',NULL,'Safari/18615.2.9.11.4 CFNetwork/1408.0.4 Darwin/22.5.0',NULL,NULL,NULL,1,1,404,1689281935,'c14e52c764ba89637e1c6a85d3c11457',1,'ru','a:7:{s:8:\"iso_code\";s:2:\"ru\";s:7:\"country\";s:6:\"Russia\";s:2:\"et\";d:0.06969999999999999806821193715222761966288089752197265625;s:2:\"mu\";d:13.0099999999999997868371792719699442386627197265625;s:3:\"dbq\";i:30;s:3:\"dbt\";d:0.006400000000000000306699110552699494292028248310089111328125;s:3:\"dsn\";s:57:\"mysql:host=wdmgroup.mysql.tools;dbname=wdmgroup_butterfly\";}'),(198,'https://demo.butterflycms.com/apple-touch-icon-precomposed.png','176.109.178.243','host243-178-109-176.lds.online',NULL,'Safari/18615.2.9.11.4 CFNetwork/1408.0.4 Darwin/22.5.0',NULL,NULL,NULL,1,1,404,1689281937,'c14e52c764ba89637e1c6a85d3c11457',1,'ru','a:7:{s:8:\"iso_code\";s:2:\"ru\";s:7:\"country\";s:6:\"Russia\";s:2:\"et\";d:0.06690000000000000113242748511765967123210430145263671875;s:2:\"mu\";d:13.0099999999999997868371792719699442386627197265625;s:3:\"dbq\";i:30;s:3:\"dbt\";d:0.006199999999999999782118731417313028941862285137176513671875;s:3:\"dsn\";s:57:\"mysql:host=wdmgroup.mysql.tools;dbname=wdmgroup_butterfly\";}'),(199,'https://demo.butterflycms.com/apple-touch-icon.png','176.109.178.243','host243-178-109-176.lds.online',NULL,'Safari/18615.2.9.11.4 CFNetwork/1408.0.4 Darwin/22.5.0',NULL,NULL,NULL,1,1,404,1689281937,'c14e52c764ba89637e1c6a85d3c11457',1,'ru','a:7:{s:8:\"iso_code\";s:2:\"ru\";s:7:\"country\";s:6:\"Russia\";s:2:\"et\";d:0.070000000000000006661338147750939242541790008544921875;s:2:\"mu\";d:13.0099999999999997868371792719699442386627197265625;s:3:\"dbq\";i:30;s:3:\"dbt\";d:0.006700000000000000226207941267375645111314952373504638671875;s:3:\"dsn\";s:57:\"mysql:host=wdmgroup.mysql.tools;dbname=wdmgroup_butterfly\";}'),(200,'https://demo.butterflycms.com/','66.249.76.6','crawl-66-249-76-6.googlebot.com',NULL,'Mozilla/5.0 (Linux; Android 6.0.1; Nexus 5X Build/MMB29P) AppleWebKit/537.36 (KHTML, like Gecko) Chrome/114.0.5735.179 Mobile Safari/537.36 (compatible; Googlebot/2.1; +http://www.google.com/bot.html)',NULL,NULL,2,1,1,200,1689314760,'41ecffa91b635ba90da985fd7fd87280',1,'us','a:7:{s:8:\"iso_code\";s:2:\"us\";s:7:\"country\";s:13:\"United States\";s:2:\"et\";d:0.06990000000000000379696274421803536824882030487060546875;s:2:\"mu\";d:13.269999999999999573674358543939888477325439453125;s:3:\"dbq\";i:32;s:3:\"dbt\";d:0.010899999999999999966693309261245303787291049957275390625;s:3:\"dsn\";s:57:\"mysql:host=wdmgroup.mysql.tools;dbname=wdmgroup_butterfly\";}'),(201,'https://demo.butterflycms.com/','176.109.178.243','host243-178-109-176.lds.online',NULL,'Mozilla/5.0 (Macintosh; Intel Mac OS X 10_15_7) AppleWebKit/605.1.15 (KHTML, like Gecko) Version/16.5 Safari/605.1.15',NULL,NULL,NULL,1,1,200,1689317690,'aaed34b8ea2e7f99067ad04f5bdfb7c6',1,'ru','a:7:{s:8:\"iso_code\";s:2:\"ru\";s:7:\"country\";s:12:\"\";s:2:\"et\";d:0.2275999999999999967581487680945429019629955291748046875;s:2:\"mu\";d:13.949999999999999289457264239899814128875732421875;s:3:\"dbq\";i:31;s:3:\"dbt\";d:0.0086000000000000000055511151231257827021181583404541015625;s:3:\"dsn\";s:57:\"mysql:host=wdmgroup.mysql.tools;dbname=wdmgroup_butterfly\";}'),(202,'https://demo.butterflycms.com/','176.109.178.243','host243-178-109-176.lds.online',NULL,'Mozilla/5.0 (Macintosh; Intel Mac OS X 10_15_7) AppleWebKit/605.1.15 (KHTML, like Gecko) Version/16.5 Safari/605.1.15',NULL,NULL,NULL,1,1,200,1689317694,'aaed34b8ea2e7f99067ad04f5bdfb7c6',1,'ru','a:7:{s:8:\"iso_code\";s:2:\"ru\";s:7:\"country\";s:12:\"\";s:2:\"et\";d:0.06919999999999999762412272730216500349342823028564453125;s:2:\"mu\";d:13.9399999999999995026200849679298698902130126953125;s:3:\"dbq\";i:31;s:3:\"dbt\";d:0.00719999999999999980293541312903471407480537891387939453125;s:3:\"dsn\";s:57:\"mysql:host=wdmgroup.mysql.tools;dbname=wdmgroup_butterfly\";}'),(203,'https://demo.butterflycms.com/uk/blog/aki-it-fahivci-potribni-v-2023-roci-i-comu','104.193.255.68','.',100,'Mozilla/5.0 (Macintosh; Intel Mac OS X 10_15_7) AppleWebKit/605.1.15 (KHTML, like Gecko) Version/16.5 Safari/605.1.15',NULL,NULL,NULL,1,1,404,1689319439,'d32d9fec0b06dd89e0299b35655f8af4',1,'us','a:6:{s:8:\"iso_code\";s:2:\"us\";s:2:\"et\";d:0.1494999999999999940047956670241546817123889923095703125;s:2:\"mu\";d:13.92999999999999971578290569595992565155029296875;s:3:\"dbq\";i:47;s:3:\"dbt\";d:0.00970000000000000028865798640254070051014423370361328125;s:3:\"dsn\";s:57:\"mysql:host=wdmgroup.mysql.tools;dbname=wdmgroup_butterfly\";}'),(204,'https://demo.butterflycms.com/favicon.png','104.193.255.68','.',100,'Mozilla/5.0 (Macintosh; Intel Mac OS X 10_15_7) AppleWebKit/605.1.15 (KHTML, like Gecko) Version/16.5 Safari/605.1.15','https://demo.butterflycms.com/uk/blog/aki-it-fahivci-potribni-v-2023-roci-i-comu','demo.butterflycms.com',NULL,1,2,404,1689319439,'d32d9fec0b06dd89e0299b35655f8af4',1,'us','a:7:{s:8:\"iso_code\";s:2:\"us\";s:7:\"country\";s:6:\"\";s:2:\"et\";d:0.10370000000000000051070259132757200859487056732177734375;s:2:\"mu\";d:14.089999999999999857891452847979962825775146484375;s:3:\"dbq\";i:36;s:3:\"dbt\";d:0.007300000000000000065225602696727946749888360500335693359375;s:3:\"dsn\";s:57:\"mysql:host=wdmgroup.mysql.tools;dbname=wdmgroup_butterfly\";}'),(205,'https://demo.butterflycms.com/ru/blog/iz-odnokletocnoj-vodorosli-sdelali-ognestojkij-bioplastik','104.193.255.68','.',100,'Mozilla/5.0 (Macintosh; Intel Mac OS X 10_15_7) AppleWebKit/605.1.15 (KHTML, like Gecko) Version/16.5 Safari/605.1.15',NULL,NULL,NULL,1,1,404,1689319442,'d32d9fec0b06dd89e0299b35655f8af4',1,'us','a:7:{s:8:\"iso_code\";s:2:\"us\";s:7:\"country\";s:6:\"\";s:2:\"et\";d:0.10870000000000000495159468982819817028939723968505859375;s:2:\"mu\";d:14.089999999999999857891452847979962825775146484375;s:3:\"dbq\";i:46;s:3:\"dbt\";d:0.010899999999999999966693309261245303787291049957275390625;s:3:\"dsn\";s:57:\"mysql:host=wdmgroup.mysql.tools;dbname=wdmgroup_butterfly\";}'),(206,'https://demo.butterflycms.com/.git/config','190.211.252.154','securehosting.capital',NULL,'Mozilla/5.0 (Windows Phone 8.1; ARM; Trident/7.0; Touch; rv:11.0; IEMobile/11.0; NOKIA; Lumia 630) like Gecko',NULL,NULL,NULL,1,1,404,1689319904,'664cb2f80120cab059b11ad65bec6d72',1,'ch','a:7:{s:8:\"iso_code\";s:2:\"ch\";s:7:\"country\";s:11:\"Switzerland\";s:2:\"et\";d:0.1650000000000000077715611723760957829654216766357421875;s:2:\"mu\";d:12.96000000000000085265128291212022304534912109375;s:3:\"dbq\";i:38;s:3:\"dbt\";d:0.0074000000000000003275157922644211794249713420867919921875;s:3:\"dsn\";s:57:\"mysql:host=wdmgroup.mysql.tools;dbname=wdmgroup_butterfly\";}'),(207,'https://demo.butterflycms.com/uploads/blog/ibm_01.jpg','104.193.255.68','.',100,'Mozilla/5.0 (Macintosh; Intel Mac OS X 10_15_7) AppleWebKit/605.1.15 (KHTML, like Gecko) Version/16.5 Safari/605.1.15','https://demo.butterflycms.com/admin/blog/posts/update/1','demo.butterflycms.com',NULL,1,2,404,1689322730,'d32d9fec0b06dd89e0299b35655f8af4',1,'us','a:7:{s:8:\"iso_code\";s:2:\"us\";s:7:\"country\";s:6:\"\";s:2:\"et\";d:0.0814000000000000001332267629550187848508358001708984375;s:2:\"mu\";d:14.0999999999999996447286321199499070644378662109375;s:3:\"dbq\";i:36;s:3:\"dbt\";d:0.008000000000000000166533453693773481063544750213623046875;s:3:\"dsn\";s:57:\"mysql:host=wdmgroup.mysql.tools;dbname=wdmgroup_butterfly\";}'),(208,'https://demo.butterflycms.com/uploads/blog/ibm_01.jpg','104.193.255.68','.',100,'Mozilla/5.0 (Macintosh; Intel Mac OS X 10_15_7) AppleWebKit/605.1.15 (KHTML, like Gecko) Version/16.5 Safari/605.1.15','https://demo.butterflycms.com/admin/blog/posts/update/1','demo.butterflycms.com',NULL,1,2,404,1689322736,'d32d9fec0b06dd89e0299b35655f8af4',1,'us','a:7:{s:8:\"iso_code\";s:2:\"us\";s:7:\"country\";s:6:\"\";s:2:\"et\";d:0.07660000000000000142108547152020037174224853515625;s:2:\"mu\";d:14.0999999999999996447286321199499070644378662109375;s:3:\"dbq\";i:36;s:3:\"dbt\";d:0.007000000000000000145716771982051795930601656436920166015625;s:3:\"dsn\";s:57:\"mysql:host=wdmgroup.mysql.tools;dbname=wdmgroup_butterfly\";}'),(209,'https://demo.butterflycms.com/uploads/blog/ibm_01.jpg','104.193.255.68','.',100,'Mozilla/5.0 (Macintosh; Intel Mac OS X 10_15_7) AppleWebKit/605.1.15 (KHTML, like Gecko) Version/16.5 Safari/605.1.15',NULL,NULL,NULL,1,1,404,1689322747,'d32d9fec0b06dd89e0299b35655f8af4',1,'us','a:7:{s:8:\"iso_code\";s:2:\"us\";s:7:\"country\";s:6:\"\";s:2:\"et\";d:0.07320000000000000117683640610266593284904956817626953125;s:2:\"mu\";d:14.089999999999999857891452847979962825775146484375;s:3:\"dbq\";i:36;s:3:\"dbt\";d:0.00710000000000000040800696154974502860568463802337646484375;s:3:\"dsn\";s:57:\"mysql:host=wdmgroup.mysql.tools;dbname=wdmgroup_butterfly\";}');
/*!40000 ALTER TABLE `btf_stats_visitors` ENABLE KEYS */;
UNLOCK TABLES;

LOCK TABLES `btf_subscribers` WRITE;
/*!40000 ALTER TABLE `btf_subscribers` DISABLE KEYS */;
/*!40000 ALTER TABLE `btf_subscribers` ENABLE KEYS */;
UNLOCK TABLES;

LOCK TABLES `btf_subscribers_list` WRITE;
/*!40000 ALTER TABLE `btf_subscribers_list` DISABLE KEYS */;
/*!40000 ALTER TABLE `btf_subscribers_list` ENABLE KEYS */;
UNLOCK TABLES;

LOCK TABLES `btf_tasks` WRITE;
/*!40000 ALTER TABLE `btf_tasks` DISABLE KEYS */;
INSERT INTO `btf_tasks` VALUES (1,'Test task #1','The description of 1 task',5,100,102,'2023-07-15 00:00:00','2023-07-09 00:00:00','2023-07-12 00:00:00','2023-07-08 13:19:44','2023-07-16 00:00:00',60),(2,'Test task #2','The description of 2 task',5,100,102,'2023-07-15 00:00:00','2023-07-09 00:00:00','2023-07-12 00:00:00','2023-07-08 13:19:44','2023-07-16 00:00:00',50),(3,'Test task #3','The description of 3 task',7,100,102,'2023-07-16 00:00:00','2023-07-11 00:00:00','2023-07-13 00:00:00','2023-07-08 13:19:44','2023-07-16 00:00:00',20),(4,'Test task #4','The description of 4 task',7,100,102,'2023-07-16 00:00:00','2023-07-10 00:00:00','2023-07-13 00:00:00','2023-07-08 13:19:44','2023-07-17 00:00:00',20),(5,'Test task #5','The description of 5 task',8,100,102,'2023-07-15 00:00:00','2023-07-09 00:00:00','2023-07-12 00:00:00','2023-07-08 13:19:44','2023-07-16 00:00:00',60),(6,'Test task #6','The description of 6 task',7,100,102,'2023-07-16 00:00:00','2023-07-09 00:00:00','2023-07-13 00:00:00','2023-07-08 13:19:44','2023-07-16 00:00:00',40),(7,'Test task #7','The description of 7 task',6,100,102,'2023-07-16 00:00:00','2023-07-11 00:00:00','2023-07-12 00:00:00','2023-07-08 13:19:44','2023-07-16 00:00:00',50),(8,'Test task #8','The description of 8 task',8,100,102,'2023-07-15 00:00:00','2023-07-10 00:00:00','2023-07-12 00:00:00','2023-07-08 13:19:44','2023-07-16 00:00:00',50),(9,'Test task #9','The description of 9 task',7,100,102,'2023-07-15 00:00:00','2023-07-10 00:00:00','2023-07-12 00:00:00','2023-07-08 13:19:44','2023-07-17 00:00:00',40),(10,'Test task #10','The description of 10 task',7,100,102,'2023-07-15 00:00:00','2023-07-10 00:00:00','2023-07-13 00:00:00','2023-07-08 13:19:44','2023-07-17 00:00:00',50);
/*!40000 ALTER TABLE `btf_tasks` ENABLE KEYS */;
UNLOCK TABLES;

LOCK TABLES `btf_tasks_subunits` WRITE;
/*!40000 ALTER TABLE `btf_tasks_subunits` DISABLE KEYS */;
INSERT INTO `btf_tasks_subunits` VALUES (1,'Some subdivision #1','Some subdivision description',100,'2,3,4,5','2023-07-08 13:19:44','2023-07-08 13:19:44',10),(2,'Some subdivision #2','Some subdivision description',100,'2,3,4,5','2023-07-08 13:19:44','2023-07-08 13:19:44',10),(3,'Some subdivision #3','Some subdivision description',100,'2,3,4,5','2023-07-08 13:19:44','2023-07-08 13:19:44',20);
/*!40000 ALTER TABLE `btf_tasks_subunits` ENABLE KEYS */;
UNLOCK TABLES;

LOCK TABLES `btf_tasks_workflow` WRITE;
/*!40000 ALTER TABLE `btf_tasks_workflow` DISABLE KEYS */;
INSERT INTO `btf_tasks_workflow` VALUES (1,1,100,101,'Some workflow of task #1','2023-07-10 00:00:00','2023-07-10 00:00:00','2023-07-11 00:00:00','2023-07-08 13:19:44','2023-07-12 00:00:00',10),(2,4,100,102,'Some workflow of task #2','2023-07-11 00:00:00','2023-07-10 00:00:00','2023-07-10 00:00:00','2023-07-08 13:19:44','2023-07-12 00:00:00',20),(3,4,100,103,'Some workflow of task #3','2023-07-10 00:00:00','2023-07-09 00:00:00','2023-07-11 00:00:00','2023-07-08 13:19:44','2023-07-12 00:00:00',20),(4,4,100,104,'Some workflow of task #4','2023-07-12 00:00:00','2023-07-09 00:00:00','2023-07-11 00:00:00','2023-07-08 13:19:44','2023-07-12 00:00:00',10),(5,5,100,105,'Some workflow of task #5','2023-07-10 00:00:00','2023-07-09 00:00:00','2023-07-11 00:00:00','2023-07-08 13:19:44','2023-07-12 00:00:00',10);
/*!40000 ALTER TABLE `btf_tasks_workflow` ENABLE KEYS */;
UNLOCK TABLES;

LOCK TABLES `btf_tickets` WRITE;
/*!40000 ALTER TABLE `btf_tickets` DISABLE KEYS */;
INSERT INTO `btf_tickets` VALUES (1,'Some test ticket #1','The description or message of some 1 ticket...',NULL,105,6,2,'M3d3msdKbl6-rqK7','2023-07-08 13:19:44','2023-07-08 13:19:44',3,40),(2,'Some test ticket #2','The description or message of some 2 ticket...',NULL,104,3,2,'nlsl_m-wthilALog','2023-07-08 13:19:44','2023-07-08 13:19:44',1,10),(3,'Some test ticket #3','The description or message of some 3 ticket...',NULL,104,3,2,'pK315hC9Y7v0gJPG','2023-07-08 13:19:44','2023-07-08 13:19:44',4,30),(4,'Some test ticket #4','The description or message of some 4 ticket...',NULL,104,4,1,'ZjiH0zDsWmi0UXOW','2023-07-08 13:19:44','2023-07-08 13:19:44',9,40),(5,'Some test ticket #5','The description or message of some 5 ticket...',NULL,105,2,3,'GvncczUEGHwj6InE','2023-07-08 13:19:44','2023-07-08 13:19:44',10,30),(6,'Some test ticket #6','The description or message of some 6 ticket...',NULL,102,3,2,'WAwFyUxWCtZpUx0p','2023-07-08 13:19:44','2023-07-08 13:19:44',9,20),(7,'Some test ticket #7','The description or message of some 7 ticket...',NULL,105,5,2,'agdweFkHOcXF9aqP','2023-07-08 13:19:44','2023-07-08 13:19:44',9,40),(8,'Some test ticket #8','The description or message of some 8 ticket...',NULL,102,2,2,'etxp3Z3DnddHcZbd','2023-07-08 13:19:44','2023-07-08 13:19:44',2,30),(9,'Some test ticket #9','The description or message of some 9 ticket...',NULL,104,4,2,'IpsngcuXoAHlptcB','2023-07-08 13:19:44','2023-07-08 13:19:44',7,30),(10,'Some test ticket #10','The description or message of some 10 ticket...',NULL,103,2,3,'S16mvV2BjAH_--l0','2023-07-08 13:19:44','2023-07-08 13:19:44',4,10);
/*!40000 ALTER TABLE `btf_tickets` ENABLE KEYS */;
UNLOCK TABLES;

LOCK TABLES `btf_tickets_attachments` WRITE;
/*!40000 ALTER TABLE `btf_tickets_attachments` DISABLE KEYS */;
INSERT INTO `btf_tickets_attachments` VALUES (1,2,102,'UploadFile-2.jpg','2023-07-08 13:19:44','2023-07-08 13:19:44',10),(2,8,101,'UploadFile-2.jpg','2023-07-08 13:19:44','2023-07-08 13:19:44',20),(3,3,101,'UploadFile-2.jpg','2023-07-08 13:19:44','2023-07-08 13:19:44',20),(4,7,101,'UploadFile-2.jpg','2023-07-08 13:19:44','2023-07-08 13:19:44',10),(5,5,102,'UploadFile-2.jpg','2023-07-08 13:19:44','2023-07-08 13:19:44',10);
/*!40000 ALTER TABLE `btf_tickets_attachments` ENABLE KEYS */;
UNLOCK TABLES;

LOCK TABLES `btf_tickets_messages` WRITE;
/*!40000 ALTER TABLE `btf_tickets_messages` DISABLE KEYS */;
INSERT INTO `btf_tickets_messages` VALUES (1,2,101,'Some text message to ticket...','2023-07-08 13:19:44','2023-07-08 13:19:44',1),(2,8,102,'Some text message to ticket...','2023-07-08 13:19:44','2023-07-08 13:19:44',2),(3,3,101,'Some text message to ticket...','2023-07-08 13:19:44','2023-07-08 13:19:44',3),(4,7,102,'Some text message to ticket...','2023-07-08 13:19:44','2023-07-08 13:19:44',4),(5,5,102,'Some text message to ticket...','2023-07-08 13:19:44','2023-07-08 13:19:44',5);
/*!40000 ALTER TABLE `btf_tickets_messages` ENABLE KEYS */;
UNLOCK TABLES;

LOCK TABLES `btf_trans_langs` WRITE;
/*!40000 ALTER TABLE `btf_trans_langs` DISABLE KEYS */;
INSERT INTO `btf_trans_langs` VALUES (1,'en','en-US','English',1,1,1,1,'2023-07-08 13:19:45',NULL,'2023-07-08 13:19:45',NULL),(2,'ru','ru-RU','',0,0,1,1,'2023-07-11 09:00:40',100,'2023-07-11 09:00:40',100),(3,'uk','uk-UA','',0,0,1,1,'2023-07-11 09:00:47',100,'2023-07-11 09:00:47',100);
/*!40000 ALTER TABLE `btf_trans_langs` ENABLE KEYS */;
UNLOCK TABLES;

LOCK TABLES `btf_trans_messages` WRITE;
/*!40000 ALTER TABLE `btf_trans_messages` DISABLE KEYS */;
/*!40000 ALTER TABLE `btf_trans_messages` ENABLE KEYS */;
UNLOCK TABLES;

LOCK TABLES `btf_trans_sources` WRITE;
/*!40000 ALTER TABLE `btf_trans_sources` DISABLE KEYS */;
/*!40000 ALTER TABLE `btf_trans_sources` ENABLE KEYS */;
UNLOCK TABLES;

LOCK TABLES `btf_users` WRITE;
/*!40000 ALTER TABLE `btf_users` DISABLE KEYS */;
INSERT INTO `btf_users` VALUES (100,'admin','ig_dsG_TFOk3UIV5MzZYT1R9J9fxgt9r','$2y$13$yvp61AzztVCKn8mL/guQQeWIL9X7ezV0O0uRTi3u3GXJ6n75pwZ/K',NULL,'admin@example.com',NULL,10,NULL,'2023-07-08 13:19:47','2023-07-08 13:19:47','2023-07-14 11:41:39'),(101,'demo','yCAYbH5laymzJejNZqI9Fw20fa4klvRm','$2y$13$ABQaaMruScXCoD1LiKFTVOoU5NF3Bory.Hie8PRB5TNP5krPLd.RO',NULL,'demo@example.com',NULL,0,NULL,'2023-07-06 11:19:47','2023-07-06 11:19:47','2023-07-08 13:19:47'),(102,'alice','Kk6SXnhguYRgAKDb_LwRdQ4r8tBMIIsj','$2y$13$mQKczQIoL2AQ5AiqRfr0lumeDP4DlZn59waruBX7gIVVzac8YZKyS',NULL,'alice@example.com',NULL,0,NULL,'2023-07-04 09:19:47','2023-07-04 09:19:47','2023-07-08 13:19:47'),(103,'bob','ywL8wXnHoAn3vAGvbFCfnzoDV1BBnyHY','$2y$13$PgCKEPrtHWd8Kq9.5NmoDe1IQMtTGrvv9ZlC8NiF5rEPOgLZ9V./W',NULL,'bob@example.com',NULL,0,NULL,'2023-07-02 07:19:48','2023-07-02 07:19:48','2023-07-08 13:19:48'),(104,'johndoe','aebs3UZIgTeSWPcYDwjihwAEOaUpOA-X','$2y$13$0urLiw/GlavV4ycQ8zsb3uKY9i69VM3MtXuQTXFCfZ4lGU1UQ8mra',NULL,'johndoe@example.com',NULL,0,NULL,'2023-06-30 05:19:48','2023-06-30 05:19:48','2023-07-08 13:19:48'),(105,'janedoe','ZhPY1dVByHxdBaAZI9vyeo6Uj3JZg_I_','$2y$13$qLCfG1G62ptRK6Hhm5gQUOHbOj.By1fDEcrAG/oOEFPOeHRCAEWlO',NULL,'janedoe@example.com',NULL,0,NULL,'2023-06-28 03:19:49','2023-06-28 03:19:49','2023-07-08 13:19:49');
/*!40000 ALTER TABLE `btf_users` ENABLE KEYS */;
UNLOCK TABLES;

LOCK TABLES `btf_views` WRITE;
/*!40000 ALTER TABLE `btf_views` DISABLE KEYS */;
/*!40000 ALTER TABLE `btf_views` ENABLE KEYS */;
UNLOCK TABLES;

LOCK TABLES `btf_votes` WRITE;
/*!40000 ALTER TABLE `btf_votes` DISABLE KEYS */;
/*!40000 ALTER TABLE `btf_votes` ENABLE KEYS */;
UNLOCK TABLES;
/*!50112 SET @disable_bulk_load = IF (@is_rocksdb_supported, 'SET SESSION rocksdb_bulk_load = @old_rocksdb_bulk_load', 'SET @dummy_rocksdb_bulk_load = 0') */;
/*!50112 PREPARE s FROM @disable_bulk_load */;
/*!50112 EXECUTE s */;
/*!50112 DEALLOCATE PREPARE s */;
/*!40103 SET TIME_ZONE=@OLD_TIME_ZONE */;

/*!40101 SET SQL_MODE=@OLD_SQL_MODE */;
/*!40014 SET FOREIGN_KEY_CHECKS=@OLD_FOREIGN_KEY_CHECKS */;
/*!40014 SET UNIQUE_CHECKS=@OLD_UNIQUE_CHECKS */;
/*!40101 SET CHARACTER_SET_CLIENT=@OLD_CHARACTER_SET_CLIENT */;
/*!40101 SET CHARACTER_SET_RESULTS=@OLD_CHARACTER_SET_RESULTS */;
/*!40101 SET COLLATION_CONNECTION=@OLD_COLLATION_CONNECTION */;
/*!40111 SET SQL_NOTES=@OLD_SQL_NOTES */;


/*!40101 SET @OLD_CHARACTER_SET_CLIENT=@@CHARACTER_SET_CLIENT */;
/*!40101 SET @OLD_CHARACTER_SET_RESULTS=@@CHARACTER_SET_RESULTS */;
/*!40101 SET @OLD_COLLATION_CONNECTION=@@COLLATION_CONNECTION */;
/*!40101 SET NAMES utf8mb4 */;
/*!40103 SET @OLD_TIME_ZONE=@@TIME_ZONE */;
/*!40103 SET TIME_ZONE='+00:00' */;
/*!40014 SET @OLD_UNIQUE_CHECKS=@@UNIQUE_CHECKS, UNIQUE_CHECKS=0 */;
/*!40014 SET @OLD_FOREIGN_KEY_CHECKS=@@FOREIGN_KEY_CHECKS, FOREIGN_KEY_CHECKS=0 */;
/*!40101 SET @OLD_SQL_MODE=@@SQL_MODE, SQL_MODE='NO_AUTO_VALUE_ON_ZERO' */;
/*!40111 SET @OLD_SQL_NOTES=@@SQL_NOTES, SQL_NOTES=0 */;
/*!50717 SELECT COUNT(*) INTO @rocksdb_has_p_s_session_variables FROM INFORMATION_SCHEMA.TABLES WHERE TABLE_SCHEMA = 'performance_schema' AND TABLE_NAME = 'session_variables' */;
/*!50717 SET @rocksdb_get_is_supported = IF (@rocksdb_has_p_s_session_variables, 'SELECT COUNT(*) INTO @rocksdb_is_supported FROM performance_schema.session_variables WHERE VARIABLE_NAME=\'rocksdb_bulk_load\'', 'SELECT 0') */;
/*!50717 PREPARE s FROM @rocksdb_get_is_supported */;
/*!50717 EXECUTE s */;
/*!50717 DEALLOCATE PREPARE s */;
/*!50717 SET @rocksdb_enable_bulk_load = IF (@rocksdb_is_supported, 'SET SESSION rocksdb_bulk_load = 1', 'SET @rocksdb_dummy_bulk_load = 0') */;
/*!50717 PREPARE s FROM @rocksdb_enable_bulk_load */;
/*!50717 EXECUTE s */;
/*!50717 DEALLOCATE PREPARE s */;
/*!50112 SET @disable_bulk_load = IF (@is_rocksdb_supported, 'SET SESSION rocksdb_bulk_load = @old_rocksdb_bulk_load', 'SET @dummy_rocksdb_bulk_load = 0') */;
/*!50112 PREPARE s FROM @disable_bulk_load */;
/*!50112 EXECUTE s */;
/*!50112 DEALLOCATE PREPARE s */;
/*!40103 SET TIME_ZONE=@OLD_TIME_ZONE */;

/*!40101 SET SQL_MODE=@OLD_SQL_MODE */;
/*!40014 SET FOREIGN_KEY_CHECKS=@OLD_FOREIGN_KEY_CHECKS */;
/*!40014 SET UNIQUE_CHECKS=@OLD_UNIQUE_CHECKS */;
/*!40101 SET CHARACTER_SET_CLIENT=@OLD_CHARACTER_SET_CLIENT */;
/*!40101 SET CHARACTER_SET_RESULTS=@OLD_CHARACTER_SET_RESULTS */;
/*!40101 SET COLLATION_CONNECTION=@OLD_COLLATION_CONNECTION */;
/*!40111 SET SQL_NOTES=@OLD_SQL_NOTES */;


/*!40101 SET @OLD_CHARACTER_SET_CLIENT=@@CHARACTER_SET_CLIENT */;
/*!40101 SET @OLD_CHARACTER_SET_RESULTS=@@CHARACTER_SET_RESULTS */;
/*!40101 SET @OLD_COLLATION_CONNECTION=@@COLLATION_CONNECTION */;
/*!40101 SET NAMES utf8mb4 */;
/*!40103 SET @OLD_TIME_ZONE=@@TIME_ZONE */;
/*!40103 SET TIME_ZONE='+00:00' */;
/*!40014 SET @OLD_UNIQUE_CHECKS=@@UNIQUE_CHECKS, UNIQUE_CHECKS=0 */;
/*!40014 SET @OLD_FOREIGN_KEY_CHECKS=@@FOREIGN_KEY_CHECKS, FOREIGN_KEY_CHECKS=0 */;
/*!40101 SET @OLD_SQL_MODE=@@SQL_MODE, SQL_MODE='NO_AUTO_VALUE_ON_ZERO' */;
/*!40111 SET @OLD_SQL_NOTES=@@SQL_NOTES, SQL_NOTES=0 */;
/*!50717 SELECT COUNT(*) INTO @rocksdb_has_p_s_session_variables FROM INFORMATION_SCHEMA.TABLES WHERE TABLE_SCHEMA = 'performance_schema' AND TABLE_NAME = 'session_variables' */;
/*!50717 SET @rocksdb_get_is_supported = IF (@rocksdb_has_p_s_session_variables, 'SELECT COUNT(*) INTO @rocksdb_is_supported FROM performance_schema.session_variables WHERE VARIABLE_NAME=\'rocksdb_bulk_load\'', 'SELECT 0') */;
/*!50717 PREPARE s FROM @rocksdb_get_is_supported */;
/*!50717 EXECUTE s */;
/*!50717 DEALLOCATE PREPARE s */;
/*!50717 SET @rocksdb_enable_bulk_load = IF (@rocksdb_is_supported, 'SET SESSION rocksdb_bulk_load = 1', 'SET @rocksdb_dummy_bulk_load = 0') */;
/*!50717 PREPARE s FROM @rocksdb_enable_bulk_load */;
/*!50717 EXECUTE s */;
/*!50717 DEALLOCATE PREPARE s */;
/*!50112 SET @disable_bulk_load = IF (@is_rocksdb_supported, 'SET SESSION rocksdb_bulk_load = @old_rocksdb_bulk_load', 'SET @dummy_rocksdb_bulk_load = 0') */;
/*!50112 PREPARE s FROM @disable_bulk_load */;
/*!50112 EXECUTE s */;
/*!50112 DEALLOCATE PREPARE s */;
/*!40103 SET TIME_ZONE=@OLD_TIME_ZONE */;

/*!40101 SET SQL_MODE=@OLD_SQL_MODE */;
/*!40014 SET FOREIGN_KEY_CHECKS=@OLD_FOREIGN_KEY_CHECKS */;
/*!40014 SET UNIQUE_CHECKS=@OLD_UNIQUE_CHECKS */;
/*!40101 SET CHARACTER_SET_CLIENT=@OLD_CHARACTER_SET_CLIENT */;
/*!40101 SET CHARACTER_SET_RESULTS=@OLD_CHARACTER_SET_RESULTS */;
/*!40101 SET COLLATION_CONNECTION=@OLD_COLLATION_CONNECTION */;
/*!40111 SET SQL_NOTES=@OLD_SQL_NOTES */;

